id,release_date,title,production_budget,domestic_gross,worldwide_gross,year,movie_id,runtime_minutes,genres,averagerating,numvotes,studio,foreign_gross,roi,profit_musd,intl_share
2,2011-05-20,Pirates of the Caribbean: On Stranger Tides,410600000.0,241063875.0,1045663875.0,2011,tt1298650,136.0,"Action,Adventure,Fantasy",6.6,447624,BV,804600000.0,1.5466728567949342,635.063875,0.7694633230013803
4,2015-05-01,Avengers: Age of Ultron,330600000.0,459005868.0,1403013963.0,2015,tt2395427,141.0,"Action,Adventure,Sci-Fi",7.3,665594,BV,946400000.0,3.2438413883847548,1072.413963,0.673399778347873
7,2018-04-27,Avengers: Infinity War,300000000.0,678815482.0,2048134200.0,2018,tt4154756,149.0,"Action,Adventure,Sci-Fi",8.5,670926,BV,1369.5,5.827114,1748.1342,2.017480852123483e-06
9,2017-11-17,Justice League,300000000.0,229024295.0,655945209.0,2017,tt0974015,120.0,"Action,Adventure,Fantasy",6.5,329135,WB,428900000.0,1.18648403,355.945209,0.6518987112339422
10,2015-11-06,Spectre,300000000.0,200074175.0,879620923.0,2015,tt2379713,148.0,"Action,Adventure,Thriller",6.8,352504,Sony,680600000.0,1.9320697433333334,579.620923,0.7728170296352791
11,2012-07-20,The Dark Knight Rises,275000000.0,448139099.0,1084439099.0,2012,tt1345836,164.0,"Action,Thriller",8.4,1387769,WB,636800000.0,2.9434149054545453,809.439099,0.5869453876138719
12,2018-05-25,Solo: A Star Wars Story,275000000.0,213767512.0,393151347.0,2018,tt3778644,135.0,"Action,Adventure,Fantasy",7.0,226243,BV,179200000.0,0.4296412618181818,118.151347,0.4560173411994425
13,2013-07-02,The Lone Ranger,275000000.0,89302115.0,260002115.0,2013,tt1210819,150.0,"Action,Adventure,Western",6.4,208827,BV,171200000.0,-0.05453776363636364,-14.997885,0.6571923609910039
14,2012-03-09,John Carter,275000000.0,73058679.0,282778100.0,2012,tt0401729,132.0,"Action,Adventure,Sci-Fi",6.6,241792,BV,211100000.0,0.028284,7.7781,0.7428947823902292
15,2010-11-24,Tangled,260000000.0,200821936.0,586477240.0,2010,tt0398286,100.0,"Adventure,Animation,Comedy",7.8,366366,BV,391000000.0,1.2556816923076923,326.47724,0.6606716923044231
17,2016-05-06,Captain America: Civil War,250000000.0,408084349.0,1140069413.0,2016,tt3498820,147.0,"Action,Adventure,Sci-Fi",7.8,583507,BV,745200000.0,3.560277652,890.069413,0.6461546110862899
18,2016-03-25,Batman v Superman: Dawn of Justice,250000000.0,330360194.0,867500281.0,2016,tt2975590,151.0,"Action,Adventure,Fantasy",6.5,576909,WB,543300000.0,2.470001124,617.500281,0.6218664919509884
19,2012-12-14,The Hobbit: An Unexpected Journey,250000000.0,303003568.0,1017003568.0,2012,tt0903624,169.0,"Adventure,Family,Fantasy",7.9,719629,WB (NL),718100000.0,3.068014272,767.003568,0.7032587315374066
21,2013-12-13,The Hobbit: The Desolation of Smaug,250000000.0,258366855.0,960366855.0,2013,tt1170358,161.0,"Adventure,Fantasy",7.8,565563,WB (NL),700000000.0,2.84146742,710.366855,0.7304092335288452
22,2014-12-17,The Hobbit: The Battle of the Five Armies,250000000.0,255119788.0,945577621.0,2014,tt2310332,144.0,"Adventure,Fantasy",7.4,438621,WB (NL),700900000.0,2.782310484,695.577621,0.7331438206590761
23,2017-04-14,The Fate of the Furious,250000000.0,225764765.0,1234846267.0,2017,tt4630562,136.0,"Action,Crime,Thriller",6.7,179774,Uni.,1010.0,3.939385068,984.846267,4.47366302531905e-06
25,2017-05-26,Pirates of the Caribbean: Dead Men Tell No Tales,230000000.0,172558876.0,788241137.0,2017,tt1790809,129.0,"Action,Adventure,Fantasy",6.6,228592,BV,622300000.0,2.4271353782608696,558.241137,0.782906272785963
29,2013-06-14,Man of Steel,225000000.0,291045518.0,667999518.0,2013,tt0770828,143.0,"Action,Adventure,Sci-Fi",7.1,647288,WB,377000000.0,1.9688867466666666,442.999518,0.5643328034422948
31,2012-07-03,The Amazing Spider-Man,220000000.0,262030663.0,757890267.0,2012,tt0948470,136.0,"Action,Adventure,Sci-Fi",7.0,525632,Sony,495900000.0,2.444955759090909,537.890267,0.6542814853764533
32,2012-05-18,Battleship,220000000.0,65233400.0,313477717.0,2012,tt1440129,131.0,"Action,Adventure,Sci-Fi",5.8,225342,Uni.,237600000.0,0.4248987136363636,93.477717,0.7845898107672403
33,2017-06-21,Transformers: The Last Knight,217000000.0,130168683.0,602893340.0,2017,tt3371366,154.0,"Action,Adventure,Sci-Fi",5.2,119007,Par.,475300000.0,1.7783103225806451,385.89334,0.7850116997711011
34,2015-06-12,Jurassic World,215000000.0,652270625.0,1648854864.0,2015,tt0369610,124.0,"Action,Adventure,Sci-Fi",7.0,539338,Uni.,1019.4,6.669092390697674,1433.854864,1.5628458001385411e-06
37,2014-06-27,Transformers: Age of Extinction,210000000.0,245439076.0,1104039076.0,2014,tt2109248,165.0,"Action,Adventure,Sci-Fi",5.7,283486,Par.,858600000.0,4.2573289333333335,894.039076,0.7776898650279295
39,2010-05-14,Robin Hood,210000000.0,105487148.0,322459006.0,2010,tt0955308,140.0,"Action,Adventure,Drama",6.6,239480,Uni.,216400000.0,0.5355190761904762,112.459006,0.6722853066503917
42,2018-02-16,Black Panther,200000000.0,700059566.0,1348258224.0,2018,tt1825683,134.0,"Action,Adventure,Sci-Fi",7.3,516148,BV,646900000.0,5.74129112,1148.258224,0.4802668293310892
44,2018-06-15,Incredibles 2,200000000.0,608581744.0,1242520711.0,2018,tt3606756,118.0,"Action,Adventure,Animation",7.7,203510,BV,634200000.0,5.212603555,1042.520711,0.5103068202134775
45,2016-12-16,Rogue One: A Star Wars Story,200000000.0,532177324.0,1049102856.0,2016,tt3748528,133.0,"Action,Adventure,Sci-Fi",7.8,478592,BV,523900000.0,4.24551428,849.102856,0.4960810994555546
46,2016-06-17,Finding Dory,200000000.0,486295561.0,1021215193.0,2016,tt2277860,97.0,"Adventure,Animation,Comedy",7.3,213542,BV,542300000.0,4.106075965,821.215193,0.5272237413437564
47,2010-06-18,Toy Story 3,200000000.0,415004880.0,1068879522.0,2010,tt0435761,103.0,"Adventure,Animation,Comedy",8.3,682218,BV,652000000.0,4.34439761,868.879522,0.6110562493397406
48,2013-05-03,Iron Man 3,200000000.0,408992272.0,1215392272.0,2013,tt1300854,130.0,"Action,Adventure,Sci-Fi",7.2,692794,BV,805800000.0,5.07696136,1015.392272,0.6633232846249124
52,2012-11-08,Skyfall,200000000.0,304360277.0,1110526981.0,2012,tt1074638,143.0,"Action,Adventure,Thriller",7.8,592221,Sony,804200000.0,4.552634905,910.526981,0.7254454418810101
53,2013-06-21,Monsters University,200000000.0,268488329.0,743588329.0,2013,tt1453405,104.0,"Adventure,Animation,Comedy",7.3,291887,BV,475700000.0,2.717941645,543.588329,0.6392199144525955
55,2014-05-23,X-Men: Days of Future Past,200000000.0,233921534.0,747862775.0,2014,tt1877832,132.0,"Action,Adventure,Sci-Fi",8.0,620079,Fox,513900000.0,2.739313875,547.862775,0.6871960442904282
56,2014-05-02,The Amazing Spider-Man 2,200000000.0,202853933.0,708996336.0,2014,tt1872181,142.0,"Action,Adventure,Sci-Fi",6.6,388363,Sony,506100000.0,2.54498168,508.996336,0.7138686682481525
57,2011-06-24,Cars 2,200000000.0,191450875.0,560155383.0,2011,tt1216475,106.0,"Adventure,Animation,Comedy",6.2,138914,BV,370700000.0,1.800776915,360.155383,0.6594315093790435
60,2018-11-16,Fantastic Beasts: The Crimes of Grindelwald,200000000.0,159555901.0,652220086.0,2018,tt4123430,134.0,"Adventure,Family,Fantasy",6.6,163151,WB,494100000.0,2.26110043,452.220086,0.7559023015689107
62,2011-06-17,Green Lantern,200000000.0,116601172.0,219535492.0,2011,tt1133985,114.0,"Action,Adventure,Sci-Fi",5.5,252281,WB,103300000.0,0.09767746,19.535492,0.46975647769626255
64,2011-06-29,Transformers: Dark of the Moon,195000000.0,352390543.0,1123790543.0,2011,tt1399103,154.0,"Action,Adventure,Sci-Fi",6.2,366409,P/DW,771400000.0,4.763028425641026,928.790543,0.686426847783146
66,2013-03-01,Jack the Giant Slayer,195000000.0,65187603.0,197687603.0,2013,tt1351685,114.0,"Adventure,Fantasy",6.3,123127,WB (NL),132500000.0,0.013782579487179487,2.687603,0.6702494136670776
67,2015-04-03,Furious 7,190000000.0,353007020.0,1518722794.0,2015,tt2820852,137.0,"Action,Crime,Thriller",7.2,335074,Uni.,1163.0,6.9932778631578945,1328.722794,3.294541191981377e-06
68,2013-05-16,Star Trek Into Darkness,190000000.0,228778661.0,467381584.0,2013,tt1408101,132.0,"Action,Adventure,Sci-Fi",7.7,445535,Par.,238600000.0,1.4599030736842105,277.381584,0.5105068329167899
69,2013-06-21,World War Z,190000000.0,202359711.0,531514650.0,2013,tt0816711,116.0,"Action,Adventure,Horror",7.0,553751,Par.,337600000.0,1.7974455263157896,341.51465,0.6252318332691307
72,2013-07-12,Pacific Rim,190000000.0,101802906.0,411002906.0,2013,tt1663662,131.0,"Action,Adventure,Sci-Fi",6.9,443667,WB,309200000.0,1.1631731894736843,221.002906,0.7523061162978736
73,2015-11-25,The Good Dinosaur,187500000.0,123087120.0,333771037.0,2015,tt1979388,93.0,"Adventure,Animation,Comedy",6.7,91465,BV,209100000.0,0.7801121973333334,146.271037,0.6294645018145195
77,2012-06-22,Brave,185000000.0,237282182.0,554606532.0,2012,tt1217209,93.0,"Adventure,Animation,Comedy",7.1,338728,BV,303200000.0,1.997873145945946,369.606532,0.5609805653130671
78,2017-03-10,Kong: Skull Island,185000000.0,168052812.0,561072059.0,2017,tt3731562,118.0,"Action,Adventure,Fantasy",6.6,237720,WB,398600000.0,2.0328219405405403,376.072059,0.7034289631302492
79,2016-07-22,Star Trek Beyond,185000000.0,158848340.0,335802233.0,2016,tt2660888,122.0,"Action,Adventure,Sci-Fi",7.1,209844,Par.,184600000.0,0.8151472054054054,150.802233,0.5374898594647451
80,2017-10-06,Blade Runner 2049,185000000.0,92054159.0,259357408.0,2017,tt1856101,164.0,"Drama,Mystery,Sci-Fi",8.0,376241,WB,167200000.0,0.40193193513513514,74.357408,0.6449269729940957
82,2017-11-03,Thor: Ragnarok,180000000.0,315058289.0,846980024.0,2017,tt3501632,130.0,"Action,Adventure,Comedy",7.9,482995,BV,538900000.0,3.7054445777777776,666.980024,0.6310612672090358
84,2014-05-30,Maleficent,180000000.0,241407328.0,758536735.0,2014,tt1587310,97.0,"Action,Adventure,Family",7.0,305832,BV,517100000.0,3.2140929722222222,578.536735,0.6817336905148529
88,2016-07-01,The Legend of Tarzan,180000000.0,126643061.0,348902025.0,2016,tt0918940,110.0,"Action,Adventure,Drama",6.3,150154,WB,230100000.0,0.9383445833333334,168.902025,0.6450020341110433
89,2011-11-23,Hugo,180000000.0,73864507.0,180047784.0,2011,tt0970179,126.0,"Adventure,Drama,Family",7.5,284869,Par.,111900000.0,0.00026546666666666665,0.047784,0.6023755657478745
90,2017-07-21,Valerian and the City of a Thousand Planets,180000000.0,40479370.0,215098356.0,2017,tt2239822,137.0,"Action,Adventure,Fantasy",6.5,139792,STX,184700000.0,0.19499086666666668,35.098356,0.820234997548843
91,2015-02-06,Jupiter Ascending,179000000.0,47482519.0,181982519.0,2015,tt1617661,127.0,"Action,Adventure,Sci-Fi",5.3,166327,WB,136600000.0,0.016662117318435754,2.982519,0.7420585112701549
93,2016-05-27,X-Men: Apocalypse,178000000.0,155442489.0,542537546.0,2016,tt3385516,144.0,"Action,Adventure,Sci-Fi",7.0,356556,Fox,388500000.0,2.047963741573034,364.537546,0.7142299192589825
94,2018-08-10,The Meg,178000000.0,145443742.0,529530715.0,2018,tt4779682,113.0,"Action,Horror,Sci-Fi",5.7,114042,WB,384800000.0,1.9748916573033708,351.530715,0.7257039914296621
95,2014-06-06,Edge of Tomorrow,178000000.0,100206256.0,370541256.0,2014,tt1631867,113.0,"Action,Sci-Fi",7.9,546284,WB,270300000.0,1.0816924494382023,192.541256,0.7295423373364038
98,2015-06-19,Inside Out,175000000.0,356461711.0,854235992.0,2015,tt2096673,95.0,"Adventure,Animation,Comedy",8.2,536181,BV,501100000.0,3.881348525714286,679.235992,0.5843311257631464
99,2017-07-07,Spider-Man: Homecoming,175000000.0,334201140.0,880166350.0,2017,tt2250912,133.0,"Action,Adventure,Sci-Fi",7.5,426302,Sony,546000000.0,4.029522,705.16635,0.6203127616944464
100,2016-08-05,Suicide Squad,175000000.0,325100054.0,746059887.0,2016,tt1386697,123.0,"Action,Adventure,Fantasy",6.0,533039,WB,421700000.0,3.2631993542857143,571.059887,0.564675909892208
2,2017-11-22,Coco,175000000.0,209726015.0,798008101.0,2017,tt2380307,105.0,"Adventure,Animation,Comedy",8.4,277194,BV,597400000.0,3.5600462914285713,623.008101,0.7401570373121972
2,2017-11-22,Coco,175000000.0,209726015.0,798008101.0,2017,tt7002100,98.0,Horror,7.4,35,BV,597400000.0,3.5600462914285713,623.008101,0.7401570373121972
5,2017-06-16,Cars 3,175000000.0,152901115.0,383541369.0,2017,tt3606752,102.0,"Adventure,Animation,Comedy",6.8,59408,BV,231000000.0,1.1916649657142857,208.541369,0.6017174500782578
11,2017-05-12,King Arthur: Legend of the Sword,175000000.0,39175066.0,139630336.0,2017,tt1972591,126.0,"Action,Adventure,Drama",6.8,169054,WB,109500000.0,-0.2021123657142857,-35.369664,0.7365054742938537
12,2013-12-25,47 Ronin,175000000.0,38362475.0,151716815.0,2013,tt1335975,128.0,"Action,Adventure,Drama",6.3,135754,Uni.,113400000.0,-0.13304677142857144,-23.283185,0.7472202861741679
13,2018-06-22,Jurassic World: Fallen Kingdom,170000000.0,417719760.0,1305772799.0,2018,tt4881806,128.0,"Action,Adventure,Sci-Fi",6.2,219125,Uni.,891800000.0,6.681016464705882,1135.772799,0.6810130150307927
14,2014-08-01,Guardians of the Galaxy,170000000.0,333172112.0,770867516.0,2014,tt2015381,121.0,"Action,Adventure,Comedy",8.1,948394,BV,440200000.0,3.5345148,600.867516,0.5691955957160245
15,2010-05-07,Iron Man 2,170000000.0,312433331.0,621156389.0,2010,tt1228705,124.0,"Action,Adventure,Sci-Fi",7.0,657690,Par.,311500000.0,2.653861111764706,451.156389,0.4992520587107407
16,2014-04-04,Captain America: The Winter Soldier,170000000.0,259746958.0,714401889.0,2014,tt1843866,136.0,"Action,Adventure,Sci-Fi",7.8,666252,BV,454500000.0,3.2023640529411765,544.401889,0.6363345267478199
17,2014-07-11,Dawn of the Planet of the Apes,170000000.0,208545589.0,710644566.0,2014,tt2103281,130.0,"Action,Adventure,Drama",7.6,390199,Fox,502100000.0,3.1802621529411765,540.644566,0.7065406551056493
19,2012-06-01,Snow White and the Huntsman,170000000.0,155136755.0,401021746.0,2012,tt1735898,127.0,"Action,Adventure,Drama",6.1,258938,Uni.,241300000.0,1.3589514470588235,231.021746,0.608672119718062
23,2015-05-22,Tomorrowland,170000000.0,93436322.0,206627518.0,2015,tt1964418,130.0,"Action,Adventure,Family",6.4,161343,BV,115700000.0,0.2154559882352941,36.627518,0.5532276693667779
26,2016-05-27,Alice Through the Looking Glass,170000000.0,77042381.0,276928112.0,2016,tt2567026,113.0,"Adventure,Family,Fantasy",6.2,79951,BV,222400000.0,0.628988894117647,106.928112,0.742713837825114
27,2010-05-21,Shrek Forever After,165000000.0,238736787.0,756244673.0,2010,tt0892791,93.0,"Adventure,Animation,Comedy",6.3,167532,P/DW,513900000.0,3.5833010484848486,591.244673,0.6827994709751013
28,2016-11-04,Doctor Strange,165000000.0,232641920.0,676404566.0,2016,tt1211837,115.0,"Action,Adventure,Fantasy",7.5,514510,BV,445100000.0,3.099421612121212,511.404566,0.6567396627908157
29,2014-11-07,Big Hero 6,165000000.0,222527828.0,652127828.0,2014,tt2245084,102.0,"Action,Adventure,Animation",7.8,371204,BV,435300000.0,2.952289866666667,487.127828,0.6617232982123098
30,2010-03-26,How to Train Your Dragon,165000000.0,217581232.0,494870992.0,2010,tt0892769,98.0,"Action,Adventure,Animation",8.1,611299,P/DW,277300000.0,1.9992181333333334,329.870992,0.5603364647297839
31,2012-11-02,Wreck-It Ralph,165000000.0,189412677.0,496511521.0,2012,tt1772341,101.0,"Adventure,Animation,Comedy",7.7,344496,BV,281800000.0,2.0091607333333332,331.511521,0.5980314489713952
32,2014-11-05,Interstellar,165000000.0,188017894.0,666379375.0,2014,tt0816692,169.0,"Adventure,Drama,Sci-Fi",8.6,1299334,Par.,489400000.0,3.038662878787879,501.379375,0.722449176992068
33,2016-06-24,Independence Day: Resurgence,165000000.0,103144286.0,384169424.0,2016,tt1628841,120.0,"Action,Adventure,Sci-Fi",5.2,155344,Fox,286500000.0,1.3282995393939394,219.169424,0.7352860295762171
36,2018-12-21,Aquaman,160000000.0,335061807.0,1146894640.0,2018,tt1477834,143.0,"Action,Adventure,Fantasy",7.1,263328,WB,812700000.0,6.1680915,986.89464,0.7080737440847776
38,2010-07-16,Inception,160000000.0,292576195.0,835524642.0,2010,tt1375666,148.0,"Action,Adventure,Sci-Fi",8.8,1841066,WB,535700000.0,4.2220290125,675.524642,0.6467649356987738
39,2015-11-20,The Hunger Games: Mockingjay - Part 2,160000000.0,281723902.0,648986787.0,2015,tt1951266,137.0,"Action,Adventure,Sci-Fi",6.6,252384,LGF,371700000.0,3.05616741875,488.986787,0.5688497143466906
42,2011-06-03,X-Men: First Class,160000000.0,146408305.0,355408305.0,2011,tt1270798,131.0,"Action,Adventure,Sci-Fi",7.7,608930,Fox,207200000.0,1.22130190625,195.408305,0.5859590882629298
44,2010-07-14,The Sorcerer's Apprentice,160000000.0,63150991.0,217986320.0,2010,tt0963966,109.0,"Action,Adventure,Family",6.1,143862,BV,152100000.0,0.3624145,57.98632,0.7066169558308794
46,2016-06-10,Warcraft,160000000.0,47225655.0,425522281.0,2016,tt0803096,123.0,"Action,Adventure,Fantasy",6.9,225557,Uni.,386300000.0,1.65951425625,265.522281,0.8910660662054706
47,2016-09-30,Deepwater Horizon,156000000.0,61433527.0,122603824.0,2016,tt1860357,107.0,"Action,Drama,History",7.1,133303,LG/S,60400000.0,-0.2140780512820513,-33.396176,0.4957584458668754
48,2010-12-10,The Chronicles of Narnia: The Voyage of the Dawn Treader,155000000.0,104386950.0,418186950.0,2010,tt0980970,113.0,"Adventure,Family,Fantasy",6.3,129663,Fox,311300000.0,1.6979803225806451,263.18695,0.748880858540303
52,2017-07-14,War for the Planet of the Apes,152000000.0,146880162.0,489592267.0,2017,tt3450958,140.0,"Action,Adventure,Drama",7.5,201943,Fox,343800000.0,2.2210017565789473,337.592267,0.7006600768180231
55,2017-06-02,Wonder Woman,150000000.0,412563408.0,821133378.0,2017,tt0451279,141.0,"Action,Adventure,Fantasy",7.5,487527,WB,409300000.0,4.47422252,671.133378,0.4980146287276973
56,2013-11-22,Frozen,150000000.0,400738009.0,1272469910.0,2013,tt2294629,102.0,"Adventure,Animation,Comedy",7.5,516998,BV,875700000.0,7.483132733333333,1122.46991,0.6860497680463541
57,2016-03-04,Zootopia,150000000.0,341268248.0,1019429616.0,2016,tt2948356,108.0,"Adventure,Animation,Comedy",8.0,383446,BV,682500000.0,5.79619744,869.429616,0.6666547837689922
62,2016-11-23,Moana,150000000.0,248757044.0,637517365.0,2016,tt3521164,107.0,"Adventure,Animation,Comedy",7.6,224253,BV,394600000.0,3.2501157666666667,487.517365,0.6133452702198128
66,2013-11-08,Thor: The Dark World,150000000.0,206362140.0,644602516.0,2013,tt1981115,112.0,"Action,Adventure,Fantasy",6.9,540996,BV,438200000.0,3.297350106666667,494.602516,0.679841357111046
69,2017-07-21,Dunkirk,150000000.0,190068280.0,499837368.0,2017,tt5013056,106.0,"Action,Drama,History",7.9,466580,WB,337200000.0,2.33224912,349.837368,0.6395226354219525
70,2011-05-06,Thor,150000000.0,181030624.0,449326618.0,2011,tt0800369,115.0,"Action,Adventure,Fantasy",7.0,683264,Par.,268300000.0,1.9955107866666666,299.326618,0.5971104253067782
74,2011-05-26,Kung Fu Panda 2,150000000.0,165249063.0,664837547.0,2011,tt1302011,90.0,"Action,Adventure,Animation",7.2,228465,P/DW,500400000.0,3.4322503133333333,514.837547,0.7517474714750706
75,2015-05-15,Mad Max: Fury Road,150000000.0,153636354.0,370098020.0,2015,tt1392190,120.0,"Action,Adventure,Sci-Fi",8.1,780910,WB,224800000.0,1.4673201333333334,220.09802,0.5940232687053105
78,2018-03-29,Ready Player One,150000000.0,137690172.0,579290136.0,2018,tt1677720,140.0,"Action,Adventure,Sci-Fi",7.5,301660,WB,445200000.0,2.86193424,429.290136,0.7637802477822528
83,2010-07-01,The Last Airbender,150000000.0,131772187.0,319713881.0,2010,tt0938283,103.0,"Action,Adventure,Family",4.1,137734,Par.,187900000.0,1.1314258733333333,169.713881,0.5877896408923432
87,2012-03-30,Wrath of the Titans,150000000.0,83670083.0,305270083.0,2012,tt1646987,99.0,"Action,Adventure,Fantasy",5.7,172330,WB,221600000.0,1.0351338866666666,155.270083,0.7259145666101844
89,2012-05-11,Dark Shadows,150000000.0,79727149.0,238202668.0,2012,tt1077368,113.0,"Comedy,Fantasy,Horror",6.2,229818,WB,165800000.0,0.5880177866666667,88.202668,0.6752817383954554
90,2013-06-28,White House Down,150000000.0,73103784.0,205440387.0,2013,tt2334879,131.0,"Action,Drama,Thriller",6.4,191791,Sony,132300000.0,0.36960258,55.440387,0.6440971895629732
91,2010-02-12,The Wolfman,150000000.0,62189884.0,142634358.0,2010,tt0780653,103.0,"Drama,Fantasy,Horror",5.8,97873,Uni.,77800000.0,-0.04910428,-7.365642,0.5557544429424629
92,2017-02-17,The Great Wall,150000000.0,45157105.0,334486852.0,2017,tt7535780,72.0,Documentary,6.5,24,Uni.,289400000.0,1.2299123466666666,184.486852,0.8650242235925613
93,2015-10-09,Pan,150000000.0,35088320.0,151525973.0,2015,tt3332064,111.0,"Adventure,Comedy,Family",5.8,55867,WB,93300000.0,0.010173153333333334,1.525973,0.7267016189634695
94,2011-03-11,Mars Needs Moms,150000000.0,21392758.0,39549758.0,2011,tt1305591,88.0,"Adventure,Animation,Family",5.4,19823,BV,17600000.0,-0.7363349466666667,-110.450242,0.4513658664514062
97,2012-06-08,Madagascar 3: Europe's Most Wanted,145000000.0,216391482.0,746921271.0,2012,tt1277953,93.0,"Adventure,Animation,Comedy",6.8,146858,P/DW,530500000.0,4.151181179310345,601.921271,0.710277212667422
99,2014-06-13,How to Train Your Dragon 2,145000000.0,177002924.0,614586270.0,2014,tt1646971,102.0,"Action,Adventure,Animation",7.8,278205,Fox,444500000.0,3.238526,469.58627,0.7152017839903195
1,2014-03-07,Mr. Peabody & Sherman,145000000.0,111506430.0,269806430.0,2014,tt0864835,92.0,"Adventure,Animation,Comedy",6.8,57277,Fox,164200000.0,0.860734,124.80643,0.5955610103108585
2,2012-11-21,Rise of the Guardians,145000000.0,103412758.0,306900902.0,2012,tt1446192,97.0,"Action,Adventure,Animation",7.3,145281,P/DW,203500000.0,1.1165579448275862,161.900902,0.6630548737240829
10,2011-07-22,Captain America: The First Avenger,140000000.0,176654505.0,370569776.0,2011,tt0458339,124.0,"Action,Adventure,Sci-Fi",6.9,668137,Par.,193900000.0,1.6469269714285715,230.569776,0.5232698493302625
11,2016-01-29,Kung Fu Panda 3,140000000.0,143528619.0,517599142.0,2016,tt2267968,95.0,"Action,Adventure,Animation",7.1,116166,Fox,377600000.0,2.6971367285714285,377.599142,0.7245811997901423
13,2013-03-27,G.I. Joe: Retaliation,140000000.0,122523060.0,375740705.0,2013,tt1583421,110.0,"Action,Adventure,Sci-Fi",5.8,165536,Par.,253200000.0,1.6838621785714285,235.740705,0.6739006117963587
16,2014-12-12,Exodus: Gods and Kings,140000000.0,65014513.0,268314513.0,2014,tt1528100,150.0,"Action,Adventure,Drama",6.0,150858,Fox,203200000.0,0.9165322357142857,128.314513,0.7576025537439878
17,2016-07-01,The BFG,140000000.0,55483770.0,199646680.0,2016,tt3691740,117.0,"Adventure,Family,Fantasy",6.4,69340,BV,127900000.0,0.4260477142857143,59.64668,0.6974444903166731
18,2016-02-26,Gods of Egypt,140000000.0,31153464.0,138836756.0,2016,tt2404233,127.0,"Action,Adventure,Fantasy",5.4,95111,LG/S,119500000.0,-0.008308885714285714,-1.163244,0.7932111006753884
26,2013-03-22,The Croods,135000000.0,187168425.0,573068425.0,2013,tt0481499,98.0,"Action,Adventure,Animation",7.2,176699,Fox,400000000.0,3.2449512962962963,438.068425,0.6812355415739529
27,2015-12-25,The Revenant,135000000.0,183637894.0,532938302.0,2015,tt1663202,156.0,"Action,Adventure,Biography",8.0,621193,Fox,349300000.0,2.947691125925926,397.938302,0.6554234629072933
29,2011-03-04,Rango,135000000.0,123477607.0,245724600.0,2011,tt1192628,107.0,"Adventure,Animation,Comedy",7.2,215761,Par.,122200000.0,0.8201822222222223,110.7246,0.49739983017662653
31,2013-07-17,Turbo,135000000.0,83028130.0,286896578.0,2013,tt1860353,96.0,"Adventure,Animation,Comedy",6.4,74639,Fox,199500000.0,1.125159837037037,151.896578,0.7061243777743477
32,2016-06-03,Teenage Mutant Ninja Turtles: Out of the Shadows,135000000.0,82051601.0,245328374.0,2016,tt3949660,112.0,"Action,Adventure,Comedy",6.0,77234,Par.,163600000.0,0.8172472148148148,110.328374,0.6659838541007514
33,2011-11-18,Happy Feet Two,135000000.0,64006466.0,157956466.0,2011,tt1402488,100.0,"Adventure,Animation,Comedy",5.9,38396,WB,86400000.0,0.1700478962962963,22.956466,0.574443388623997
35,2018-11-02,The Nutcracker and the Four Realms,132900000.0,54858851.0,170293899.0,2018,tt5523010,99.0,"Adventure,Family,Fantasy",5.5,18734,BV,119100000.0,0.281368690744921,37.393899,0.6846446692154802
37,2014-11-26,Penguins of Madagascar,132000000.0,83350911.0,366942531.0,2014,tt1911658,92.0,"Adventure,Animation,Comedy",6.7,72551,Fox,289700000.0,1.779867659090909,234.942531,0.7765696087524097
38,2013-11-22,The Hunger Games: Catching Fire,130000000.0,424668047.0,864868047.0,2013,tt1951264,146.0,"Action,Adventure,Sci-Fi",7.5,575455,LGF,440300000.0,5.652831130769231,734.868047,0.5090361447768024
41,2018-07-06,Ant-Man and the Wasp,130000000.0,216648740.0,623144660.0,2018,tt5095030,118.0,"Action,Adventure,Comedy",7.1,244024,BV,406000000.0,3.7934204615384615,493.14466,0.6520530339465554
43,2015-07-17,Ant-Man,130000000.0,180202163.0,518858449.0,2015,tt0478970,117.0,"Action,Adventure,Comedy",7.3,501213,BV,339100000.0,2.9912188384615384,388.858449,0.6529916957037593
45,2018-12-19,Mary Poppins Returns,130000000.0,171958438.0,341528518.0,2018,tt5028340,130.0,"Comedy,Family,Fantasy",6.9,52103,BV,177600000.0,1.6271424461538462,211.528518,0.5080695548822655
46,2011-10-28,Puss in Boots,130000000.0,149260504.0,554987477.0,2011,tt0448694,90.0,"Action,Adventure,Animation",6.6,133355,P/DW,405700000.0,3.2691344384615384,424.987477,0.7310430149097601
47,2010-11-05,Megamind,130000000.0,148415853.0,321887208.0,2010,tt1001526,95.0,"Action,Animation,Comedy",7.3,207488,P/DW,173500000.0,1.4760554461538462,191.887208,0.5389607202724496
49,2014-04-11,Rio 2,130000000.0,131538435.0,492846291.0,2014,tt2357291,101.0,"Adventure,Animation,Comedy",6.3,72209,Fox,368600000.0,2.7911253153846154,362.846291,0.736995947931896
50,2010-07-23,Salt,130000000.0,118311368.0,290650494.0,2010,tt0944835,100.0,"Action,Mystery,Thriller",6.4,277204,Sony,175200000.0,1.2357730307692307,160.650494,0.5969104406204805
51,2014-03-28,Noah,130000000.0,101200044.0,352831065.0,2014,tt1959490,138.0,"Action,Adventure,Drama",5.8,229326,Par.,261399999.0,1.7140851153846153,222.831065,0.7209044897989711
52,2011-12-21,The Adventures of Tintin,130000000.0,77591831.0,373993951.0,2011,tt0983193,107.0,"Action,Adventure,Animation",7.3,202430,Par.,296400000.0,1.8768765461538461,243.993951,0.7925306796340159
53,2013-05-31,After Earth,130000000.0,60522097.0,251499665.0,2013,tt1815862,100.0,"Action,Adventure,Drama",4.8,181687,Sony,183300000.0,0.9346128076923077,121.499665,0.7517776372828096
55,2013-07-19,R.I.P.D.,130000000.0,33618855.0,79076678.0,2013,tt0790736,96.0,"Action,Adventure,Comedy",5.6,109078,Uni.,44700000.0,-0.39171786153846155,-50.923322,0.5707437883253017
60,2014-12-19,Night at the Museum: Secret of the Tomb,127000000.0,113746621.0,353756621.0,2014,tt2692250,98.0,"Adventure,Comedy,Family",6.2,93103,Fox,249500000.0,1.7854852047244094,226.756621,0.6868611724814916
62,2014-11-21,The Hunger Games: Mockingjay - Part 1,125000000.0,337135885.0,766575131.0,2014,tt1951265,123.0,"Action,Adventure,Sci-Fi",6.6,379050,LGF,418200000.0,5.132601048,641.575131,0.5536609716351554
67,2011-04-29,Fast Five,125000000.0,210031325.0,630163454.0,2011,tt1596343,130.0,"Action,Crime,Thriller",7.3,329892,Uni.,416300000.0,4.041307632,505.163454,0.6646641855251292
69,2011-12-16,Sherlock Holmes: A Game of Shadows,125000000.0,186848418.0,535663443.0,2011,tt1515091,129.0,"Action,Adventure,Crime",7.5,394189,WB,358600000.0,3.285307544,410.663443,0.6574407188032214
71,2017-03-31,The Boss Baby,125000000.0,175003033.0,510878762.0,2017,tt3874544,97.0,"Adventure,Animation,Comedy",6.3,93730,Fox,353000000.0,3.087030096,385.878762,0.6685567656578215
73,2016-11-04,Trolls,125000000.0,153707064.0,344150134.0,2016,tt1679335,92.0,"Adventure,Animation,Comedy",6.5,63295,Fox,193200000.0,1.753201072,219.150134,0.5569214929563959
75,2012-06-08,Prometheus,125000000.0,126477084.0,402448265.0,2012,tt1446714,124.0,"Adventure,Mystery,Sci-Fi",7.0,538720,Fox,276900000.0,2.21958612,277.448265,0.6864544640319726
76,2012-08-10,The Bourne Legacy,125000000.0,113203870.0,280355920.0,2012,tt1194173,135.0,"Action,Adventure,Thriller",6.7,268678,Uni.,162900000.0,1.24284736,155.35592,0.5899953521115079
78,2018-07-13,Skyscraper,125000000.0,68420120.0,304115534.0,2018,tt5758778,102.0,"Action,Adventure,Thriller",5.8,81193,Uni.,236400000.0,1.432924272,179.115534,0.7755393574413657
86,2016-07-29,Jason Bourne,120000000.0,162192920.0,416168316.0,2016,tt4196776,123.0,"Action,Thriller",6.6,190596,Uni.,253100000.0,2.4680693,296.168316,0.6094493496301358
88,2012-11-21,Life of Pi,120000000.0,124987022.0,620912003.0,2012,tt0454876,127.0,"Adventure,Drama,Fantasy",7.9,535836,Fox,484000000.0,4.174266691666666,500.912003,0.7947624210619056
92,2013-08-09,Elysium,120000000.0,93050117.0,286192091.0,2013,tt1535108,109.0,"Action,Drama,Sci-Fi",6.6,395572,TriS,193100000.0,1.3849340916666666,166.192091,0.6748206222120818
93,2013-04-19,Oblivion,120000000.0,89107235.0,287916633.0,2013,tt1483013,124.0,"Action,Adventure,Sci-Fi",7.0,453966,Uni.,197100000.0,1.399305275,167.916633,0.6886618362390454
98,2015-08-07,Fantastic Four,120000000.0,56117548.0,167849187.0,2015,tt1502712,100.0,"Action,Adventure,Drama",4.3,140148,Fox,111900000.0,0.398743225,47.849187,0.66600186309111
8,2013-07-26,The Wolverine,115000000.0,132556852.0,416456852.0,2013,tt1430132,126.0,"Action,Adventure,Sci-Fi",6.7,401286,Fox,282300000.0,2.6213639304347827,301.456852,0.6804756836943843
13,2010-12-25,Gulliver's Travels,112000000.0,42779261.0,232017848.0,2010,tt1320261,85.0,"Adventure,Comedy,Family",4.9,61178,Fox,194600000.0,1.0715879285714285,120.017848,0.8197851791273375
14,2017-12-15,Ferdinand,111000000.0,84410380.0,289847930.0,2017,tt3411444,108.0,"Adventure,Animation,Comedy",6.7,40229,Fox,211700000.0,1.6112426126126127,178.84793,0.7149360991668039
15,2018-05-18,Deadpool 2,110000000.0,324591735.0,786680557.0,2018,tt5463162,119.0,"Action,Adventure,Comedy",7.8,391735,Fox,460500000.0,6.151641427272727,676.680557,0.5865556590020655
16,2013-10-04,Gravity,110000000.0,274092705.0,693698673.0,2013,tt1454468,91.0,"Drama,Sci-Fi,Thriller",7.7,710018,WB,449100000.0,5.306351572727273,583.698673,0.6209963083076177
19,2015-05-29,San Andreas,110000000.0,155190832.0,456258539.0,2015,tt2126355,114.0,"Action,Adventure,Drama",6.1,192750,WB (NL),318800000.0,3.1478049,346.258539,0.6725868486840269
20,2011-07-29,The Smurfs,110000000.0,142614158.0,563749323.0,2011,tt0472181,103.0,"Adventure,Animation,Comedy",5.5,77577,Sony,421100000.0,4.124993845454545,453.749323,0.7470097992465181
29,2011-01-14,The Green Hornet,110000000.0,98780042.0,229155503.0,2011,tt0990407,119.0,"Action,Comedy,Crime",5.8,148622,Sony,129000000.0,1.0832318454545455,119.155503,0.5663358337601851
31,2011-10-07,Real Steel,110000000.0,85463309.0,263880341.0,2011,tt0433035,127.0,"Action,Drama,Family",7.1,283534,BV,213800000.0,1.398912190909091,153.880341,0.7144210251314169
32,2010-06-11,The A-Team,110000000.0,77222099.0,177241171.0,2010,tt0429493,117.0,"Action,Adventure,Thriller",6.8,235256,Fox,100000000.0,0.6112833727272727,67.241171,0.5642637152153356
33,2013-07-31,The Smurfs 2,110000000.0,71017784.0,348547523.0,2013,tt2017020,105.0,"Adventure,Animation,Comedy",5.4,34229,Sony,276500000.0,2.1686138454545456,238.547523,0.7956427346463513
36,2013-11-01,Ender's Game,110000000.0,61737191.0,127983283.0,2013,tt1731141,114.0,"Action,Adventure,Fantasy",6.6,211722,LG/S,63800000.0,0.16348439090909092,17.983283,0.5082159278201469
46,2015-10-02,The Martian,108000000.0,228433663.0,655271443.0,2015,tt3659388,144.0,"Adventure,Drama,Sci-Fi",8.0,680116,Fox,401700000.0,5.067328175925926,547.271443,0.6374837968305781
47,2016-11-23,Allied,106000000.0,40098064.0,119266661.0,2016,tt3640424,124.0,"Action,Drama,Romance",7.1,125741,Par.,79400000.0,0.12515717924528302,13.266661,0.6644459110232949
52,2016-07-22,Ice Age: Collision Course,105000000.0,64063008.0,402156682.0,2016,tt3416828,94.0,"Adventure,Animation,Comedy",5.7,48932,Fox,344500000.0,2.830063638095238,297.156682,0.8431991963403598
54,2017-09-22,Kingsman: The Golden Circle,104000000.0,100234838.0,408803696.0,2017,tt4649466,141.0,"Action,Adventure,Comedy",6.8,230797,Fox,310700000.0,2.930804769230769,304.803696,0.7560809434219836
58,2018-03-09,A Wrinkle in Time,103000000.0,100478608.0,133401882.0,2018,tt1620680,109.0,"Adventure,Family,Fantasy",4.2,34888,BV,32200000.0,0.29516390291262135,30.401882,0.24269172314500012
62,2018-12-21,Bumblebee,102000000.0,127195589.0,465195589.0,2018,tt4701182,114.0,"Action,Adventure,Sci-Fi",6.9,94155,Par.,340800000.0,3.560741068627451,363.195589,0.7282119917587514
63,2012-10-26,Cloud Atlas,102000000.0,27108272.0,130673154.0,2012,tt1371111,172.0,"Action,Drama,Mystery",7.4,326473,WB,103400000.0,0.28110935294117645,28.673154,0.7922869440796826
69,2012-12-25,Django Unchained,100000000.0,162805434.0,449948323.0,2012,tt1853728,165.0,"Drama,Western",8.4,1211405,Wein.,262600000.0,3.49948323,349.948323,0.6172934782022554
70,2010-12-22,Little Fockers,100000000.0,148438600.0,310650574.0,2010,tt0970866,98.0,"Comedy,Romance",5.5,99222,Uni.,162200000.0,2.10650574,210.650574,0.5221501770868141
74,2010-08-06,The Other Guys,100000000.0,119219978.0,170936470.0,2010,tt1386588,107.0,"Action,Comedy,Crime",6.7,221664,Sony,51200000.0,0.7093647,70.93647,0.3004342601194327
76,2013-12-25,The Wolf of Wall Street,100000000.0,116900694.0,389870414.0,2013,tt0993846,180.0,"Biography,Crime,Drama",8.2,1035358,Par.,275100000.0,2.89870414,289.870414,0.7017844718407565
77,2013-05-24,Epic,100000000.0,107518682.0,262794441.0,2013,tt0848537,102.0,"Adventure,Animation,Family",6.7,95318,Fox,160900000.0,1.62794441,162.794441,0.5994366666326154
81,2012-08-17,The Expendables 2,100000000.0,85028192.0,311979256.0,2012,tt1764651,103.0,"Action,Adventure,Thriller",6.6,277584,LGF,229900000.0,2.11979256,211.979256,0.7300076837833559
85,2010-12-10,The Tourist,100000000.0,67631157.0,278731369.0,2010,tt1243957,103.0,"Action,Adventure,Thriller",6.0,206714,Sony,210700000.0,1.78731369,178.731369,0.7570119072224458
90,2010-09-24,Legend of the Guardians: The Owls of Ga'Hoole,100000000.0,55675313.0,139716717.0,2010,tt1219342,97.0,"Action,Adventure,Animation",7.0,73790,WB,84400000.0,0.39716717,39.716717,0.6025330102242927
96,2014-08-15,The Expendables 3,100000000.0,39322544.0,209461378.0,2014,tt2333784,126.0,"Action,Adventure,Thriller",6.1,156432,LGF,175300000.0,1.09461378,109.461378,0.8167827886710727
98,2010-03-12,Green Zone,100000000.0,35497337.0,97523020.0,2010,tt0947810,115.0,"Action,Drama,Thriller",6.8,122132,Uni.,59800000.0,-0.0247698,-2.47698,0.627509664829354
99,2017-10-20,Geostorm,100000000.0,33700160.0,220796009.0,2017,tt1981128,109.0,"Action,Sci-Fi,Thriller",5.3,78287,WB,187900000.0,1.20796009,120.796009,0.8479235755064437
1,2015-12-11,In the Heart of the Sea,100000000.0,25020758.0,89693309.0,2015,tt1390411,122.0,"Action,Adventure,Biography",6.9,108628,WB,68900000.0,-0.10306691,-10.306691,0.7335971457981632
2,2014-04-18,Transcendence,100000000.0,23022309.0,103039258.0,2014,tt2209764,119.0,"Action,Drama,Sci-Fi",6.3,204481,WB,80000000.0,0.03039258,3.039258,0.7765308385778851
4,2018-12-14,Mortal Engines,100000000.0,15951040.0,85287417.0,2018,tt1571234,128.0,"Action,Adventure,Fantasy",6.1,70193,Uni.,67700000.0,-0.14712583,-14.712583,0.8093145046373602
7,2015-11-06,The Peanuts Movie,99000000.0,130178411.0,250091610.0,2015,tt2452042,88.0,"Adventure,Animation,Comedy",7.1,39149,Fox,116100000.0,1.5261778787878788,151.09161,0.47141769158158164
12,2017-05-19,Alien: Covenant,97000000.0,74262031.0,238521247.0,2017,tt2316204,122.0,"Horror,Sci-Fi,Thriller",6.4,226920,Fox,166600000.0,1.4589819278350515,141.521247,0.6916822851169929
14,2012-07-13,Ice Age: Continental Drift,95000000.0,161321843.0,879765137.0,2012,tt1667889,88.0,"Adventure,Animation,Comedy",6.6,175601,Fox,715900000.0,8.26068565263158,784.765137,0.8160991495055602
16,2010-05-27,Sex and the City 2,95000000.0,95347692.0,294680778.0,2010,tt1261945,146.0,"Comedy,Drama,Romance",4.4,69199,WB (NL),193000000.0,2.1019029263157893,199.680778,0.6693308299481724
18,2012-08-10,The Campaign,95000000.0,86907746.0,104907746.0,2012,tt1790886,85.0,Comedy,6.1,118678,WB,18000000.0,0.10429206315789474,9.907746,0.17157932265554537
19,2010-11-12,Unstoppable,95000000.0,81562942.0,165720921.0,2010,tt0477080,98.0,"Action,Thriller",6.8,173019,Fox,86200000.0,0.7444307473684211,70.720921,0.513820269079449
31,2011-08-05,Rise of the Planet of the Apes,93000000.0,176760185.0,470986200.0,2011,tt1318514,105.0,"Action,Drama,Sci-Fi",7.6,473020,Fox,305000000.0,4.064367741935484,377.9862,0.6330950740564001
34,2013-02-14,A Good Day to Die Hard,92000000.0,67349198.0,304249198.0,2013,tt1606378,98.0,"Action,Thriller",5.3,188383,Fox,237300000.0,2.3070565,212.249198,0.778928687677031
37,2013-12-25,The Secret Life of Walter Mitty,91000000.0,58236838.0,187861183.0,2013,tt0359950,114.0,"Adventure,Comedy,Drama",7.3,275300,Fox,129900000.0,1.0644086043956045,96.861183,0.6904548911362058
38,2017-12-20,Jumanji: Welcome to the Jungle,90000000.0,404508916.0,964496193.0,2017,tt2283362,119.0,"Action,Adventure,Comedy",7.0,242735,Sony,557600000.0,9.716624366666666,874.496193,0.5795601628121696
46,2011-04-15,Rio,90000000.0,143619809.0,487519809.0,2011,tt1436562,96.0,"Adventure,Animation,Comedy",6.9,191621,Fox,341000000.0,4.416886766666667,397.519809,0.7036443696010783
56,2015-12-18,Alvin and the Chipmunks: The Road Chip,90000000.0,85886987.0,249517956.0,2015,tt2974918,92.0,"Adventure,Animation,Comedy",5.1,14507,Fox,148900000.0,1.7724217333333334,159.517956,0.6341918770821826
59,2015-07-24,Pixels,90000000.0,78765986.0,244041804.0,2015,tt2120120,105.0,"Action,Comedy,Sci-Fi",5.6,119789,Sony,166100000.0,1.7115756,154.041804,0.6783302275392386
64,2013-08-07,Percy Jackson: Sea of Monsters,90000000.0,68559554.0,200859554.0,2013,tt1854564,106.0,"Adventure,Family,Fantasy",5.8,102313,Fox,131300000.0,1.2317728222222222,110.859554,0.6569613379603559
66,2016-06-10,Now You See Me 2,90000000.0,65075540.0,328325007.0,2016,tt3110958,129.0,"Action,Adventure,Comedy",6.5,216219,LG/S,269800000.0,2.648055633333333,238.325007,0.8056724596845741
70,2018-03-16,Tomb Raider,90000000.0,58250803.0,273477501.0,2018,tt1365519,119.0,"Action,Adventure,Fantasy",6.3,163560,WB,216400000.0,2.0386389,183.477501,0.7879095842293969
79,2010-11-24,The Nutcracker in 3D,90000000.0,195459.0,20466016.0,2010,tt1041804,110.0,"Action,Family,Fantasy",4.3,3119,Free,16000000.0,-0.7725998222222222,-69.533984,0.9879312466537689
95,2014-03-21,Divergent,85000000.0,150947895.0,276014965.0,2014,tt1840309,139.0,"Action,Adventure,Mystery",6.7,399703,LG/S,137900000.0,2.247234882352941,191.014965,0.4774138997966386
96,2012-09-28,Hotel Transylvania,85000000.0,148313048.0,378505812.0,2012,tt0837562,91.0,"Animation,Comedy,Family",7.1,204571,Sony,210100000.0,3.4530095529411766,293.505812,0.5861951766889916
99,2012-02-10,Safe House,85000000.0,126181630.0,208542162.0,2012,tt1599348,115.0,"Action,Adventure,Crime",6.8,192655,Uni.,81700000.0,1.4534372,123.542162,0.39301211944508996
5,2011-11-04,Tower Heist,85000000.0,78046570.0,150422946.0,2011,tt0471042,104.0,"Action,Comedy,Crime",6.2,125102,Uni.,74900000.0,0.7696817176470588,65.422946,0.4897134992958652
7,2012-03-30,Mirror Mirror,85000000.0,64935167.0,173613482.0,2012,tt1667353,106.0,"Adventure,Comedy,Drama",5.6,79510,Rela.,118100000.0,1.0425115529411764,88.613482,0.6452311975654383
14,2011-11-23,Arthur Christmas,85000000.0,46462469.0,149717124.0,2011,tt1430607,97.0,"Adventure,Animation,Comedy",7.1,45439,Sony,101000000.0,0.7613779294117647,64.717124,0.6849200388744339
17,2010-07-30,Cats & Dogs: The Revenge of Kitty Galore,85000000.0,43585753.0,113026383.0,2010,tt1287468,82.0,"Action,Comedy,Family",4.3,12642,WB,68900000.0,0.32972215294117646,28.026383,0.6125220142323268
25,2017-12-20,The Greatest Showman,84000000.0,174340174.0,386665550.0,2017,tt1485796,105.0,"Biography,Drama,Musical",7.6,199663,Fox,260700000.0,3.6031613095238093,302.66555,0.5992550012174278
34,2010-08-13,The Expendables,82000000.0,103068524.0,268268174.0,2010,tt1320253,103.0,"Action,Adventure,Thriller",6.5,307897,LGF,171400000.0,2.2715630975609757,186.268174,0.6244796215685555
38,2012-03-23,The Hunger Games,80000000.0,408010692.0,677923379.0,2012,tt1392170,142.0,"Action,Adventure,Sci-Fi",7.2,795227,LGF,286400000.0,7.4740422375,597.923379,0.4124360458436029
39,2011-05-26,The Hangover Part II,80000000.0,254464305.0,586464305.0,2011,tt1411697,102.0,"Comedy,Mystery",6.5,432800,WB,332300000.0,6.3308038125,506.464305,0.5663262014549436
42,2015-09-25,Hotel Transylvania 2,80000000.0,169700110.0,469500298.0,2015,tt2510894,89.0,"Animation,Comedy,Family",6.7,92905,Sony,305100000.0,4.868753725,389.500298,0.6425862032761535
48,2013-07-12,Grown Ups 2,80000000.0,133668525.0,247023808.0,2013,tt2191701,101.0,Comedy,5.4,128500,Sony,113300000.0,2.0877976,167.023808,0.4587629132092845
49,2011-12-16,Alvin and the Chipmunks: Chipwrecked,80000000.0,133107389.0,349088523.0,2011,tt1615918,87.0,"Adventure,Animation,Comedy",4.4,28158,Fox,209600000.0,3.3636065375,269.088523,0.6116004694605519
52,2010-02-19,Shutter Island,80000000.0,128012934.0,299461782.0,2010,tt1130884,138.0,"Mystery,Thriller",8.1,1005960,Par.,166800000.0,2.743272275,219.461782,0.5657825039657182
62,2010-12-17,Yogi Bear,80000000.0,100246011.0,204774690.0,2010,tt1302067,80.0,"Adventure,Animation,Comedy",4.6,18934,WB,101300000.0,1.559683625,124.77469,0.5026147602593831
64,2010-01-15,The Book of Eli,80000000.0,94835059.0,158750817.0,2010,tt1037705,118.0,"Action,Adventure,Drama",6.9,271307,WB,62300000.0,0.9843852125,78.750817,0.39647422030751267
69,2018-09-28,Smallfoot,80000000.0,83240103.0,213691277.0,2018,tt6182908,96.0,"Adventure,Animation,Comedy",6.7,23295,WB,130900000.0,1.6711409625,133.691277,0.6112820446341151
71,2011-07-08,Zookeeper,80000000.0,80360866.0,170805525.0,2011,tt1222817,102.0,"Comedy,Family,Romance",5.2,52396,Sony,89500000.0,1.1350690625,90.805525,0.5269018232840047
96,2015-10-23,The Last Witch Hunter,80000000.0,27367660.0,130818912.0,2015,tt1618442,106.0,"Action,Adventure,Fantasy",6.0,86118,LG/S,119600000.0,0.6352364,50.818912,0.8137844747613182
97,2014-02-21,Pompeii,80000000.0,23169033.0,108469033.0,2014,tt1921064,105.0,"Action,Adventure,Drama",5.5,100467,TriS,94600000.0,0.3558629125,28.469033,0.8032671882429399
10,2012-02-10,Journey 2: The Mysterious Island,79000000.0,103860290.0,318146162.0,2012,tt1397514,94.0,"Action,Adventure,Comedy",5.8,83507,WB (NL),231400000.0,3.027166607594937,239.146162,0.6902099857993919
11,2011-11-11,Jack and Jill,79000000.0,74158157.0,150519217.0,2011,tt0810913,91.0,Comedy,3.3,71361,Sony,75500000.0,0.9053065443037974,71.519217,0.5044830266084327
13,2013-09-27,Cloudy with a Chance of Meatballs 2,78000000.0,119793567.0,274392649.0,2013,tt1985966,95.0,"Adventure,Animation,Comedy",6.4,81010,Sony,154500000.0,2.517854474358974,196.392649,0.5632651238955232
21,2018-07-20,The Equalizer 2,77000000.0,102084362.0,190453132.0,2018,tt3766354,121.0,"Action,Crime,Thriller",6.7,97963,Sony,88300000.0,1.4734172987012988,113.453132,0.463798597071749
22,2013-07-03,Despicable Me 2,76000000.0,368065385.0,975216835.0,2013,tt1690953,98.0,"Adventure,Animation,Comedy",7.4,344230,Uni.,602700000.0,11.831800460526315,899.216835,0.6208503200801706
26,2016-07-08,The Secret Life of Pets,75000000.0,368384330.0,886750534.0,2016,tt2709768,87.0,"Adventure,Animation,Comedy",6.5,161997,Uni.,507100000.0,10.823340453333333,811.750534,0.5792222460452262
29,2016-12-21,Sing,75000000.0,270329045.0,634454789.0,2016,tt3470600,108.0,"Animation,Comedy,Family",7.1,115951,Uni.,363800000.0,7.459397186666667,559.454789,0.5737002631696203
30,2017-06-30,Despicable Me 3,75000000.0,264624300.0,1034727750.0,2017,tt3469046,89.0,"Adventure,Animation,Comedy",6.3,92580,Uni.,770200000.0,12.79637,959.72775,0.7442809373533266
34,2010-06-25,Grown Ups,75000000.0,162001186.0,272223430.0,2010,tt1375670,102.0,Comedy,6.0,210377,Sony,109400000.0,2.629645733333333,197.22343,0.40309330114718067
41,2013-05-31,Now You See Me,75000000.0,117723989.0,342769200.0,2013,tt1670345,115.0,"Crime,Mystery,Thriller",7.3,553156,LG/S,234000000.0,3.570256,267.7692,0.6652943993535795
45,2011-11-11,Immortals,75000000.0,83504017.0,211562435.0,2011,tt1253864,110.0,"Action,Drama,Fantasy",6.0,152992,Rela.,143400000.0,1.8208324666666666,136.562435,0.6319852856549473
54,2010-06-04,Killers,75000000.0,47059963.0,95572749.0,2010,tt1103153,100.0,"Action,Comedy,Romance",5.4,82237,LGF,51100000.0,0.27430332,20.572749,0.5205788433314711
62,2011-03-25,Sucker Punch,75000000.0,36392502.0,89758389.0,2011,tt0978764,110.0,"Action,Adventure,Fantasy",6.1,218371,WB,53400000.0,0.19677852,14.758389,0.5947044442530401
64,2016-10-28,Inferno,75000000.0,34343574.0,219519367.0,2016,tt3062096,121.0,"Action,Adventure,Crime",6.2,138978,Sony,185700000.0,1.9269248933333334,144.519367,0.8439237584824903
73,2015-07-10,Minions,74000000.0,336045770.0,1160336173.0,2015,tt2293640,91.0,"Adventure,Animation,Comedy",6.4,193917,Uni.,823400000.0,14.680218554054054,1086.336173,0.7101668929285067
74,2015-02-06,The SpongeBob Movie: Sponge Out of Water,74000000.0,162994032.0,311013181.0,2015,tt2279373,92.0,"Adventure,Animation,Comedy",6.0,43560,Par.,162200000.0,3.2028808243243243,237.013181,0.49877914118669925
77,2016-05-20,The Angry Birds Movie,73000000.0,107509366.0,352327887.0,2016,tt1985949,97.0,"Action,Animation,Comedy",6.3,69624,Sony,244800000.0,3.826409410958904,279.327887,0.6948438606085766
9,2013-03-22,Olympus Has Fallen,70000000.0,98927592.0,172878928.0,2013,tt2302755,119.0,"Action,Thriller",6.5,235443,FD,71300000.0,1.4696989714285715,102.878928,0.41885101681988196
12,2011-12-25,War Horse,70000000.0,79883359.0,156815529.0,2011,tt1568911,146.0,"Drama,History,War",7.2,136447,BV,97700000.0,1.2402218428571428,86.815529,0.5501641626229178
14,2014-02-07,The Monuments Men,70000000.0,78031620.0,158702748.0,2014,tt2177771,118.0,"Comedy,Drama,History",6.1,117638,Sony,77000000.0,1.2671821142857143,88.702748,0.4966728722824415
15,2016-09-23,Storks,70000000.0,72679278.0,183353431.0,2016,tt4624424,87.0,"Adventure,Animation,Comedy",6.8,50448,WB,110700000.0,1.6193347285714286,113.353431,0.6036668985031122
21,2014-10-10,Dracula Untold,70000000.0,55991880.0,220241723.0,2014,tt0829150,92.0,"Action,Drama,Fantasy",6.3,164829,Uni.,160800000.0,2.1463103285714284,150.241723,0.7417251974566575
25,2011-01-14,The Dilemma,70000000.0,48475290.0,70546865.0,2011,tt1578275,111.0,"Comedy,Drama",5.3,48148,Uni.,21200000.0,0.007812357142857143,0.546865,0.30426855776273054
29,2012-06-15,Rock of Ages,70000000.0,38518613.0,61031932.0,2012,tt1336608,123.0,"Comedy,Drama,Musical",5.9,69910,WB (NL),20900000.0,-0.12811525714285715,-8.968068,0.35174163355176263
36,2016-01-29,The Finest Hours,70000000.0,27569558.0,49252761.0,2016,tt2025690,117.0,"Action,Drama,History",6.8,55981,BV,24500000.0,-0.2963891285714286,-20.747239,0.4705244473171829
37,2013-10-18,Escape Plan,70000000.0,25135965.0,103735965.0,2013,tt1211956,115.0,"Action,Crime,Mystery",6.7,211587,LG/S,112200000.0,0.48194235714285716,33.735965,0.8169746358865283
38,2011-09-23,Killer Elite,70000000.0,25124986.0,65409046.0,2011,tt1448755,116.0,"Action,Crime,Thriller",6.5,117711,ORF,31300000.0,-0.06558505714285714,-4.590954,0.5547187907144541
42,2014-01-10,The Legend of Hercules,70000000.0,18848538.0,58953319.0,2014,tt1043726,99.0,"Action,Adventure,Fantasy",4.2,50352,LG/S,42400000.0,-0.15780972857142858,-11.046681,0.6922614218154889
47,2015-01-16,Blackhat,70000000.0,8005980.0,19665004.0,2015,tt2717822,133.0,"Action,Crime,Thriller",5.4,48427,Uni.,11600000.0,-0.7190713714285715,-50.334996,0.591656219173946
50,2010-07-09,Despicable Me,69000000.0,251513985.0,543464573.0,2010,tt1323594,95.0,"Animation,Comedy,Family",7.7,464511,Uni.,291600000.0,6.87629815942029,474.464573,0.5369038692678849
51,2010-07-30,Dinner for Schmucks,69000000.0,73026337.0,86796502.0,2010,tt0427152,114.0,Comedy,5.9,91546,P/DW,13800000.0,0.2579203188405797,17.796502,0.15893794989877322
52,2018-03-02,Red Sparrow,69000000.0,46874505.0,145951861.0,2018,tt2873282,140.0,"Action,Drama,Thriller",6.6,136738,Fox,104700000.0,1.1152443623188406,76.951861,0.6907494106611135
53,2010-06-30,The Twilight Saga: Eclipse,68000000.0,300531751.0,706102828.0,2010,tt1325004,124.0,"Adventure,Drama,Fantasy",5.0,211733,Sum.,398000000.0,9.383865117647058,638.102828,0.5697665130185328
55,2015-06-26,Ted 2,68000000.0,81476385.0,217214143.0,2015,tt2637276,115.0,Comedy,6.3,165843,Uni.,135200000.0,2.194325632352941,149.214143,0.6239720124553491
57,2011-02-25,Hall Pass,68000000.0,45060734.0,87173475.0,2011,tt0480687,105.0,"Comedy,Romance",5.9,113775,WB (NL),38100000.0,0.2819628676470588,19.173475,0.45814891436624405
62,2017-12-22,Downsizing,68000000.0,24449754.0,54462971.0,2017,tt1389072,135.0,"Drama,Sci-Fi",5.7,74815,Par.,30600000.0,-0.19907395588235294,-13.537029,0.5558607945822973
65,2012-06-22,Abraham Lincoln: Vampire Hunter,67500000.0,37519139.0,137489730.0,2012,tt1611224,105.0,"Action,Fantasy,Horror",5.9,142853,Fox,79000000.0,1.0368848888888889,69.98973,0.6780002038978334
70,2014-03-14,Need for Speed,66000000.0,43568507.0,194169619.0,2014,tt2369135,132.0,"Action,Crime,Thriller",6.5,154909,BV,159700000.0,1.9419639242424243,128.169619,0.785660318742834
73,2012-11-09,Lincoln,65000000.0,182207973.0,273346281.0,2012,tt0443272,150.0,"Biography,Drama,History",7.4,228701,BV,93100000.0,3.2053274,208.346281,0.338166740997363
77,2018-07-13,Hotel Transylvania 3: Summer Vacation,65000000.0,167500092.0,527079962.0,2018,tt5220122,97.0,"Adventure,Animation,Comedy",6.3,42299,Sony,361100000.0,7.108922492307692,462.079962,0.6831251175794347
82,2014-12-25,Unbroken,65000000.0,115637895.0,163527824.0,2014,tt1809398,137.0,"Biography,Drama,Sport",7.2,129981,Uni.,47800000.0,1.5158126769230769,98.527824,0.29246583235791185
84,2010-11-05,Due Date,65000000.0,100539043.0,211739043.0,2010,tt1231583,95.0,"Adventure,Comedy",6.5,303523,WB,111200000.0,2.2575237384615385,146.739043,0.5251747548514234
96,2012-05-16,The Dictator,65000000.0,59650222.0,180148897.0,2012,tt1645170,83.0,Comedy,6.4,250976,Par.,119700000.0,1.7715214923076923,115.148897,0.6674092658775744
98,2012-02-17,This Means War,65000000.0,54760791.0,156974557.0,2012,tt1596350,103.0,"Action,Comedy,Romance",6.3,167438,Fox,101700000.0,1.4149931846153847,91.974557,0.6500031052508228
4,2012-09-14,Resident Evil: Retribution,65000000.0,42345531.0,240647629.0,2012,tt1855325,95.0,"Action,Horror,Sci-Fi",5.4,125191,SGem,197700000.0,2.7022712153846156,175.647629,0.8235937539699499
14,2014-01-24,"I, Frankenstein",65000000.0,19075290.0,74575290.0,2014,tt1418377,92.0,"Action,Fantasy,Horror",5.1,74910,LGF,52100000.0,0.14731215384615384,9.57529,0.7319956125222672
27,2011-04-01,Hop,63000000.0,108085305.0,188657593.0,2011,tt1411704,95.0,"Adventure,Animation,Comedy",5.4,28893,Uni.,75900000.0,1.9945649682539683,125.657593,0.41253294658505474
28,2017-09-15,American Assassin,63000000.0,36249674.0,68310140.0,2017,tt1961175,112.0,"Action,Thriller",6.2,57793,LGF,31000000.0,0.0842879365079365,5.31014,0.46096877733563435
33,2015-12-25,The Hateful Eight,62000000.0,54117416.0,147864886.0,2015,tt3460252,168.0,"Crime,Drama,Mystery",7.8,434966,Wein.,101600000.0,1.3849175161290324,85.864886,0.6524639478990584
36,2014-10-03,Gone Girl,61000000.0,167767189.0,368567189.0,2014,tt2267998,149.0,"Drama,Mystery,Thriller",8.1,761592,Fox,201600000.0,5.042085065573771,307.567189,0.5457983437722185
38,2015-09-18,Maze Runner: The Scorch Trials,61000000.0,81697192.0,310566162.0,2015,tt4046784,131.0,"Action,Sci-Fi,Thriller",6.3,201143,Fox,230600000.0,4.09124855737705,249.566162,0.7383992104546364
39,2013-08-02,2 Guns,61000000.0,75612460.0,132493015.0,2013,tt1272878,109.0,"Action,Comedy,Crime",6.7,182025,Uni.,56300000.0,1.1720166393442624,71.493015,0.4267981963189831
50,2016-09-09,Sully,60000000.0,125070033.0,238524556.0,2016,tt3263904,96.0,"Biography,Drama",7.5,202718,WB,115700000.0,2.9754092666666665,178.524556,0.4805415298506023
67,2010-08-13,Eat Pray Love,60000000.0,80574010.0,206598789.0,2010,tt0879870,133.0,"Drama,Romance",5.8,77709,Sony,124000000.0,2.44331315,146.598789,0.6061376027189378
68,2012-12-21,Jack Reacher,60000000.0,80070736.0,217370736.0,2012,tt0790724,130.0,"Action,Crime,Thriller",7.0,284547,Par.,138300000.0,2.6228456,157.370736,0.6333266193689983
71,2011-09-09,Contagion,60000000.0,75658097.0,137551594.0,2011,tt1598778,106.0,"Action,Drama,Thriller",6.6,201536,WB,59800000.0,1.2925265666666668,77.551594,0.4414649350935441
80,2016-03-04,London Has Fallen,60000000.0,62524260.0,195194085.0,2016,tt3300542,99.0,"Action,Thriller",5.9,124757,Focus,143200000.0,2.25323475,135.194085,0.6960773610268425
85,2016-10-21,Jack Reacher: Never Go Back,60000000.0,58697076.0,159946489.0,2016,tt3393786,118.0,"Action,Thriller",6.1,121892,Par.,103400000.0,1.6657748166666666,99.946489,0.6378893595835128
86,2017-05-25,Baywatch,60000000.0,58060186.0,175863783.0,2017,tt1469304,116.0,"Action,Comedy,Crime",5.6,137528,Par.,119800000.0,1.93106305,115.863783,0.6735627725026668
88,2015-12-25,Joy,60000000.0,56451232.0,101134059.0,2015,tt2446980,124.0,Drama,6.6,118086,Fox,44700000.0,0.68556765,41.134059,0.4419125611836344
89,2012-08-17,ParaNorman,60000000.0,56003051.0,108119662.0,2012,tt1623288,92.0,"Adventure,Animation,Comedy",7.0,87250,Focus,51100000.0,0.8019943666666667,48.119662,0.477110591368681
94,2014-09-26,The Boxtrolls,60000000.0,50837305.0,111946251.0,2014,tt0787474,96.0,"Adventure,Animation,Comedy",6.8,50763,Focus,58400000.0,0.86577085,51.946251,0.5346158988451793
95,2017-08-04,The Dark Tower,60000000.0,50701325.0,113461527.0,2017,tt1648190,95.0,"Action,Adventure,Fantasy",5.7,107518,Sony,62500000.0,0.89102545,53.461527,0.5521136788814088
97,2014-01-17,Jack Ryan: Shadow Recruit,60000000.0,50577412.0,131377412.0,2014,tt1205537,105.0,"Action,Drama,Thriller",6.2,114913,Par.,84900000.0,1.1896235333333334,71.377412,0.626672732720935
100,2018-12-25,Vice,60000000.0,47836282.0,70883171.0,2018,tt6266538,132.0,"Biography,Comedy,Drama",7.2,72855,Annapurna,28200000.0,0.18138618333333334,10.883171,0.37087557753021116
4,2013-01-11,Gangster Squad,60000000.0,46000903.0,104100903.0,2013,tt1321870,113.0,"Action,Crime,Drama",6.7,195560,WB,59200000.0,0.73501505,44.100903,0.5627328122839402
5,2017-04-07,Smurfs: The Lost Village,60000000.0,45020282.0,197578586.0,2017,tt2398241,90.0,"Adventure,Animation,Comedy",6.0,15612,Sony,152200000.0,2.292976433333333,137.578586,0.771725901902929
6,2018-10-12,First Man,60000000.0,44936545.0,105203825.0,2018,tt1213641,141.0,"Biography,Drama,History",7.4,120009,Uni.,60800000.0,0.7533970833333333,45.203825,0.5750140597084953
8,2010-01-29,Edge of Darkness,60000000.0,43313890.0,82812456.0,2010,tt1226273,117.0,"Crime,Drama,Mystery",6.6,84753,WB,37800000.0,0.3802076,22.812456,0.46601143158095365
18,2012-09-21,Trouble with the Curve,60000000.0,35763137.0,47818913.0,2012,tt2083383,111.0,"Drama,Sport",6.8,56129,WB,13200000.0,-0.20301811666666666,-12.181087,0.2695905697382094
26,2013-08-21,The Mortal Instruments: City of Bones,60000000.0,31165421.0,75965567.0,2013,tt1538403,130.0,"Action,Fantasy,Horror",5.9,121936,SGem,64200000.0,0.26609278333333336,15.965567,0.6731999851392676
29,2011-05-13,Priest,60000000.0,29136626.0,84154026.0,2011,tt0822847,87.0,"Action,Adventure,Fantasy",5.7,108320,SGem,49200000.0,0.4025671,24.154026,0.6280587065365822
48,2015-01-23,Mortdecai,60000000.0,7696134.0,30396134.0,2015,tt3045616,107.0,"Action,Comedy,Crime",5.5,61366,LGF,39600000.0,-0.4933977666666667,-29.603866,0.8372777360618946
54,2018-03-23,Sherlock Gnomes,59000000.0,43242871.0,87527651.0,2018,tt2296777,86.0,"Adventure,Animation,Comedy",5.1,8030,Par.,47100000.0,0.48351950847457625,28.527651,0.5213471686105703
56,2016-02-12,Deadpool,58000000.0,363070709.0,801025593.0,2016,tt1431045,108.0,"Action,Adventure,Comedy",8.0,820847,Fox,420000000.0,12.810786086206896,743.025593,0.5363500322165671
57,2014-12-25,American Sniper,58000000.0,350126372.0,547326372.0,2014,tt2179136,133.0,"Action,Biography,Drama",7.3,401915,WB,197300000.0,8.436661586206897,489.326372,0.3604137653784791
58,2015-10-16,Goosebumps,58000000.0,80069458.0,158905324.0,2015,tt1051904,103.0,"Adventure,Comedy,Family",6.3,72858,Sony,70100000.0,1.7397469655172413,100.905324,0.46680597328918905
61,2012-01-20,Red Tails,58000000.0,49876377.0,50365498.0,2012,tt0485985,125.0,"Action,Adventure,Drama",5.9,31815,Fox,489000.0,-0.1316293448275862,-7.634502,0.009709050723476168
63,2013-06-07,The Internship,58000000.0,44672764.0,93672764.0,2013,tt2234155,119.0,Comedy,6.3,179817,Fox,48800000.0,0.6150476551724138,35.672764,0.5220772117105684
70,2010-09-10,Resident Evil: Afterlife,57500000.0,60128566.0,295874190.0,2010,tt1220634,96.0,"Action,Adventure,Horror",5.9,153270,SGem,240100000.0,4.145638086956522,238.37419,0.7997240342546219
71,2012-06-15,That's My Boy,57500000.0,36931089.0,58085235.0,2012,tt1232200,116.0,Comedy,5.6,83009,Sony,20800000.0,0.010178,0.585235,0.3602911422647856
77,2014-12-25,Into the Woods,56200000.0,128002372.0,213116401.0,2014,tt2180411,125.0,"Adventure,Comedy,Drama",6.0,123577,BV,85100000.0,2.7921067793594307,156.916401,0.3993385864330032
84,2018-11-02,Bohemian Rhapsody,55000000.0,216303339.0,894985342.0,2018,tt1727824,134.0,"Biography,Drama,Music",8.0,345466,Fox,687200000.0,15.272460763636364,839.985342,0.7605948648298244
91,2017-02-10,Fifty Shades Darker,55000000.0,114434010.0,381398492.0,2017,tt4465564,118.0,"Drama,Romance",4.6,81706,Uni.,267000000.0,5.934518036363636,326.398492,0.6999900192434335
92,2013-10-11,Captain Phillips,55000000.0,107136417.0,220648184.0,2013,tt1535109,134.0,"Biography,Drama,Thriller",7.8,387402,Sony,111700000.0,3.0117851636363637,165.648184,0.510426927708289
96,2014-09-26,The Equalizer,55000000.0,101530738.0,192903624.0,2014,tt0455944,132.0,"Action,Crime,Thriller",7.2,302302,Sony,90800000.0,2.507338618181818,137.903624,0.47210342425868507
97,2018-02-09,Fifty Shades Freed,55000000.0,100407760.0,371350619.0,2018,tt4477536,105.0,"Drama,Romance,Thriller",4.5,43893,Uni.,271500000.0,5.751829436363637,316.350619,0.7300197231700678
99,2010-04-09,Date Night,55000000.0,98711404.0,152269033.0,2010,tt1279935,88.0,"Comedy,Crime,Romance",6.3,144683,Fox,53600000.0,1.7685278727272726,97.269033,0.35191061596412043
16,2013-11-01,Free Birds,55000000.0,55750480.0,110387072.0,2013,tt1621039,91.0,"Adventure,Animation,Comedy",5.9,20934,Rela.,54600000.0,1.0070376727272727,55.387072,0.4947871545280093
20,2014-03-21,Muppets Most Wanted,55000000.0,51178893.0,79312301.0,2014,tt2281587,107.0,"Adventure,Comedy,Crime",6.4,29018,BV,29200000.0,0.44204183636363636,24.312301,0.36327944949428453
22,2016-08-19,Kubo and the Two Strings,55000000.0,48023088.0,77548122.0,2016,tt4302938,101.0,"Action,Adventure,Animation",7.8,105578,Focus,21900000.0,0.40996585454545453,22.548122,0.31320127051597035
24,2010-11-24,Burlesque,55000000.0,39440655.0,90552675.0,2010,tt1126591,119.0,"Drama,Music,Musical",6.4,71021,SGem,50100000.0,0.6464122727272728,35.552675,0.5595223756180921
24,2010-11-24,Burlesque,55000000.0,39440655.0,90552675.0,2010,tt1586713,,Drama,7.0,45,SGem,50100000.0,0.6464122727272728,35.552675,0.5595223756180921
27,2012-07-27,The Watch,55000000.0,34353000.0,67130045.0,2012,tt1298649,102.0,"Action,Comedy,Horror",5.7,115757,Fox,32900000.0,0.22054627272727273,12.130045,0.4891975079178624
33,2015-10-16,Crimson Peak,55000000.0,31090320.0,74966854.0,2015,tt2554274,119.0,"Drama,Fantasy,Horror",6.5,119287,Uni.,43600000.0,0.3630337090909091,19.966854,0.5837436497795163
34,2012-04-27,The Pirates! Band of Misfits,55000000.0,31051126.0,136143605.0,2012,tt1430626,88.0,"Adventure,Animation,Comedy",6.7,41958,Sony,92000000.0,1.4753382727272728,81.143605,0.747656709780941
59,2015-09-18,Black Mass,53000000.0,62575678.0,98837872.0,2015,tt1355683,123.0,"Biography,Crime,Drama",6.9,155847,WB,37200000.0,0.8648655094339622,45.837872,0.3728363539659435
66,2012-12-19,Zero Dark Thirty,52500000.0,95720716.0,134612435.0,2012,tt1790885,157.0,"Drama,Thriller",7.4,251072,Sony,37100000.0,1.564046380952381,82.112435,0.2793238970342548
70,2010-02-12,Valentine's Day,52000000.0,110485654.0,217569328.0,2010,tt0817230,125.0,"Comedy,Romance",5.7,107171,WB (NL),106000000.0,3.1840255384615386,165.569328,0.48963983544147455
72,2011-08-05,The Change-Up,52000000.0,37243418.0,75997067.0,2011,tt1488555,112.0,"Comedy,Fantasy",6.3,155374,Uni.,38400000.0,0.4614820576923077,23.997067,0.5076449612575678
79,2018-08-17,Alpha,51000000.0,35851379.0,99624873.0,2018,tt4244998,96.0,"Adventure,Drama,Family",6.7,41882,Studio 8,62300000.0,0.9534288823529412,48.624873,0.6347338227412984
81,2011-03-04,The Adjustment Bureau,50200000.0,62495645.0,126931325.0,2011,tt1385826,106.0,"Romance,Sci-Fi,Thriller",7.1,227616,Uni.,65400000.0,1.5285124501992031,76.731325,0.5113543936542952
84,2012-06-29,Ted,50000000.0,218665740.0,556016627.0,2012,tt1637725,106.0,"Comedy,Fantasy",6.9,538367,Uni.,330600000.0,10.12033254,506.016627,0.6018944491240251
85,2014-06-13,22 Jump Street,50000000.0,191719337.0,331333876.0,2014,tt2294449,112.0,"Action,Comedy,Crime",7.0,319504,Sony,139600000.0,5.62667752,281.333876,0.42134576648630684
91,2016-06-17,Central Intelligence,50000000.0,127440871.0,217194805.0,2016,tt1489889,107.0,"Action,Comedy,Crime",6.3,138872,WB (NL),89500000.0,3.3438961,167.194805,0.4125548108452095
92,2013-12-18,Anchorman 2: The Legend Continues,50000000.0,127352707.0,172185754.0,2013,tt1229340,119.0,Comedy,6.3,156116,Par.,46300000.0,2.44371508,122.185754,0.2666241189087827
93,2011-06-10,Super 8,50000000.0,127004179.0,257972745.0,2011,tt1650062,112.0,"Mystery,Sci-Fi,Thriller",7.0,320575,Par.,133100000.0,4.1594549,207.972745,0.5117180374099256
96,2018-11-21,Creed II,50000000.0,115715889.0,213591522.0,2018,tt6343314,130.0,"Drama,Sport",7.2,72503,MGM,98300000.0,3.27183044,163.591522,0.4593116915725823
97,2018-02-09,Peter Rabbit,50000000.0,115234093.0,347136477.0,2018,tt5117670,95.0,"Adventure,Animation,Comedy",6.6,27908,Sony,236000000.0,5.94272954,297.136477,0.6719165499688551
100,2018-12-14,The Mule,50000000.0,103804407.0,170857676.0,2018,tt7959026,116.0,"Crime,Drama,Thriller",7.1,58955,WB,68700000.0,2.41715352,120.857676,0.3982506951257193
2,2014-02-28,Non-Stop,50000000.0,91742160.0,222383055.0,2014,tt2024469,106.0,"Action,Mystery,Thriller",7.0,234717,Uni.,130600000.0,3.4476611,172.383055,0.5873829776592977
7,2017-07-28,The Emoji Movie,50000000.0,86089513.0,216562312.0,2017,tt4877122,86.0,"Adventure,Animation,Comedy",3.2,47294,Sony,131699999.0,3.33124624,166.562312,0.6047123104807728
9,2017-12-22,The Post,50000000.0,81903458.0,179748880.0,2017,tt6294822,116.0,"Biography,Drama,History",7.2,108017,Fox,97900000.0,2.5949776,129.74888,0.5444834103246223
14,2011-12-23,We Bought a Zoo,50000000.0,75624550.0,118729073.0,2011,tt1389137,124.0,"Comedy,Drama,Family",7.1,126849,Fox,44500000.0,1.37458146,68.729073,0.37044883830990416
15,2011-09-23,Moneyball,50000000.0,75605492.0,111300835.0,2011,tt1210166,133.0,"Biography,Drama,Sport",7.6,326657,Sony,34600000.0,1.2260167,61.300835,0.3139589449861537
26,2012-04-06,American Reunion,50000000.0,56758835.0,236799211.0,2012,tt1605630,113.0,Comedy,6.7,192250,Uni.,178000000.0,3.73598422,186.799211,0.7582249247403191
32,2017-09-29,American Made,50000000.0,51342000.0,135569212.0,2017,tt3532216,115.0,"Action,Biography,Comedy",7.2,131043,Uni.,83500000.0,1.71138424,85.569212,0.6192432624849824
41,2014-10-10,The Judge,50000000.0,47119388.0,76119388.0,2014,tt1872194,141.0,"Crime,Drama",7.4,162952,WB,37300000.0,0.52238776,26.119388,0.44184163002934823
45,2016-08-19,War Dogs,50000000.0,43034523.0,86234503.0,2016,tt2005151,114.0,"Comedy,Crime,Drama",7.1,154029,WB,43200000.0,0.72469006,36.234503,0.5009594591252045
56,2016-05-20,The Nice Guys,50000000.0,36261763.0,59596747.0,2016,tt3799694,116.0,"Action,Comedy,Crime",7.4,240337,WB,26500000.0,0.19193494,9.596747,0.4222316062090225
59,2010-06-04,Marmaduke,50000000.0,33644788.0,89895930.0,2010,tt1392197,87.0,"Comedy,Family",4.2,13283,Fox,50100000.0,0.7979186,39.89593,0.5982461857805408
61,2010-10-15,Hereafter,50000000.0,32746941.0,108660270.0,2010,tt1212419,129.0,"Drama,Fantasy,Romance",6.5,87288,WB,72500000.0,1.1732054,58.66027,0.6888561255191256
64,2016-02-12,Zoolander 2,50000000.0,28848693.0,55348693.0,2016,tt1608290,101.0,Comedy,4.7,59914,Par.,27900000.0,0.10697386,5.348693,0.4916412788572946
70,2015-03-13,Run All Night,50000000.0,26461644.0,66961644.0,2015,tt2199571,114.0,"Action,Drama,Thriller",6.6,94131,WB,45200000.0,0.33923288,16.961644,0.6307418791564424
78,2011-04-08,Your Highness,50000000.0,21596445.0,26121638.0,2011,tt1240982,102.0,"Adventure,Comedy,Fantasy",5.5,92940,Uni.,3300000.0,-0.47756724,-23.878362,0.13254904465276066
79,2016-09-16,Snowden,50000000.0,21587519.0,35380918.0,2016,tt3774114,134.0,"Biography,Drama,Thriller",7.3,119149,ORF,15700000.0,-0.29238164,-14.619082,0.42105241702994506
80,2011-09-30,Dream House,50000000.0,21302340.0,41642166.0,2011,tt1462041,84.0,"Drama,Mystery,Thriller",6.0,59714,Uni.,17200000.0,-0.16715668,-8.357834,0.44672609508928546
81,2016-06-24,Free State of Jones,50000000.0,20810036.0,23237252.0,2016,tt1124037,139.0,"Action,Biography,Drama",6.9,45135,STX,4200000.0,-0.53525496,-26.762748,0.16793258514302017
91,2011-02-25,Drive Angry,50000000.0,10721033.0,41042583.0,2011,tt1502404,104.0,"Action,Fantasy,Thriller",5.4,90203,Sum.,18200000.0,-0.17914834,-8.957417,0.6292997902253353
98,2018-02-16,Early Man,50000000.0,8267544.0,45285890.0,2018,tt4701724,89.0,"Adventure,Animation,Comedy",6.1,15882,LGF,46400000.0,-0.0942822,-4.71411,0.8487668661317582
2,2015-04-17,Child 44,50000000.0,1224330.0,8004221.0,2015,tt1014763,137.0,"Crime,Drama,History",6.5,59477,LG/S,11700000.0,-0.83991558,-41.995779,0.9052693640598778
11,2015-03-06,Chappie,49000000.0,31569268.0,105002056.0,2015,tt1823672,120.0,"Action,Crime,Drama",6.8,213733,Sony,70500000.0,1.1428991020408164,56.002056,0.6907074125387085
13,2012-11-16,Anna Karenina,49000000.0,12816367.0,71004627.0,2012,tt1781769,129.0,"Drama,Romance",6.6,84668,Focus,56100000.0,0.44907402040816324,22.004627,0.8140301417803989
20,2018-11-16,Instant Family,48000000.0,67363237.0,119736188.0,2018,tt7401588,118.0,"Comedy,Drama",7.4,46728,Par.,53200000.0,1.4945039166666667,71.736188,0.44126220665425564
23,2010-01-22,Tooth Fairy,48000000.0,60022256.0,112610386.0,2010,tt0808510,101.0,"Comedy,Family,Fantasy",5.0,37939,Fox,52400000.0,1.3460497083333334,64.610386,0.4660998797248829
32,2016-07-13,The Infiltrator,47500000.0,15436808.0,20718104.0,2016,tt1355631,127.0,"Biography,Crime,Drama",7.0,61547,BG,,-0.5638293894736842,-26.781896,
34,2016-11-11,Arrival,47000000.0,100546139.0,203127894.0,2016,tt2543164,116.0,"Drama,Mystery,Sci-Fi",7.9,515483,Par.,102800000.0,3.321870085106383,156.127894,0.505541932123924
40,2010-06-18,Jonah Hex,47000000.0,10547117.0,11022696.0,2010,tt1075747,81.0,"Action,Drama,Fantasy",4.7,51860,WB,356000.0,-0.7654745531914894,-35.977304,0.03265121340989004
48,2013-09-20,Prisoners,46000000.0,61002302.0,113402302.0,2013,tt1392214,153.0,"Crime,Drama,Mystery",8.1,526273,WB,61100000.0,1.4652674347826087,67.402302,0.5004000661674667
54,2012-10-05,Taken 2,45000000.0,139854287.0,377807404.0,2012,tt1397280,92.0,"Action,Thriller",6.3,273106,Fox,236300000.0,7.395720088888889,332.807404,0.6281996727582159
58,2017-12-22,Pitch Perfect 3,45000000.0,104897530.0,185736412.0,2017,tt4765284,93.0,"Comedy,Music",5.8,45127,Uni.,80500000.0,3.1274758222222223,140.736412,0.4342021169321943
64,2011-11-23,The Muppets,45000000.0,88625922.0,160971922.0,2011,tt1204342,103.0,"Adventure,Comedy,Family",7.1,82752,BV,76600000.0,2.5771538222222223,115.971922,0.46360764142081773
73,2010-03-19,The Bounty Hunter,45000000.0,67061228.0,135808837.0,2010,tt1038919,110.0,"Action,Comedy,Romance",5.6,112444,Sony,69300000.0,2.0179741555555557,90.808837,0.508208975648122
81,2016-12-09,Office Christmas Party,45000000.0,54767494.0,91323299.0,2016,tt1711525,105.0,Comedy,5.8,59253,Par.,59700000.0,1.0294066444444445,46.323299,0.5215454441590204
90,2014-05-23,Blended,45000000.0,46290741.0,127990741.0,2014,tt1086772,117.0,"Comedy,Romance",6.5,106491,WB,81700000.0,1.8442386888888889,82.990741,0.638327424012648
91,2017-06-16,All Eyez on Me,45000000.0,44922302.0,54876855.0,2017,tt1666185,139.0,"Biography,Drama,Music",5.8,18541,LG/S,,0.21948566666666666,9.876855,
11,2010-02-19,The Ghost Writer,45000000.0,15541549.0,65532491.0,2010,tt1139328,128.0,"Drama,Mystery,Thriller",7.2,148274,Sum.,44700000.0,0.4562775777777778,20.532491,0.7420127925329411
15,2012-09-21,Dredd,45000000.0,13414714.0,41467606.0,2012,tt1343727,95.0,"Action,Crime,Sci-Fi",7.1,234616,LGF,22200000.0,-0.07849764444444444,-3.532394,0.62333787097097
16,2011-10-28,The Rum Diary,45000000.0,13109815.0,21544732.0,2011,tt0376136,119.0,"Comedy,Drama",6.2,94787,FD,10800000.0,-0.5212281777777777,-23.455268,0.45169734688453256
18,2018-12-21,Welcome to Marwen,45000000.0,10763520.0,12874922.0,2018,tt3289724,116.0,"Biography,Comedy,Drama",6.1,8920,Uni.,2100000.0,-0.7138906222222222,-32.125078,0.16325236016269265
19,2011-10-21,Johnny English Reborn,45000000.0,8406711.0,164640401.0,2011,tt1634122,101.0,"Action,Adventure,Comedy",6.3,110824,Uni.,151800000.0,2.6586755777777777,119.640401,0.9475258499002579
27,2012-10-12,Argo,44500000.0,136025503.0,227140757.0,2012,tt1024648,120.0,"Biography,Drama,Thriller",7.7,534683,WB,96300000.0,4.104286674157303,182.640757,0.4145046443738895
31,2010-07-30,Charlie St. Cloud,44000000.0,31206263.0,48478084.0,2010,tt1438254,99.0,"Drama,Fantasy,Romance",6.5,55016,Uni.,17000000.0,0.10177463636363636,4.478084,0.35265127271948044
35,2013-06-28,The Heat,43000000.0,159581587.0,229727774.0,2013,tt2404463,117.0,"Action,Comedy,Crime",6.6,153501,Fox,70300000.0,4.342506372093023,186.727774,0.30580961667016854
42,2011-01-28,The Mechanic,42500000.0,29121498.0,76347393.0,2011,tt0472399,93.0,"Action,Crime,Thriller",6.6,141254,CBS,47000000.0,0.7964092470588235,33.847393,0.6174339869139202
44,2012-03-16,21 Jump Street,42000000.0,138447667.0,202812429.0,2012,tt1232829,109.0,"Action,Comedy,Crime",7.2,477771,Sony,63100000.0,3.8288673571428573,160.812429,0.31307730294888503
51,2017-05-12,Snatched,42000000.0,45852178.0,57852177.0,2017,tt2334871,90.0,"Action,Adventure,Comedy",4.5,29997,Fox,15000000.0,0.37743278571428573,15.852177,0.24649898315882793
52,2012-10-12,Here Comes the Boom,42000000.0,45290318.0,73239258.0,2012,tt1648179,105.0,"Action,Comedy,Sport",6.4,81761,Sony,27800000.0,0.7437918571428571,31.239258,0.3803513346323107
55,2011-03-11,Red Riding Hood,42000000.0,37662162.0,91678442.0,2011,tt1486185,100.0,"Fantasy,Horror,Mystery",5.5,102369,WB,51500000.0,1.1828200476190476,49.678442,0.5775992735573191
64,2012-01-27,Man on a Ledge,42000000.0,18620000.0,49621440.0,2012,tt1568338,102.0,"Action,Adventure,Crime",6.6,137507,LG/S,27600000.0,0.18146285714285715,7.62144,0.597144093466032
65,2010-12-03,The Warrior's Way,42000000.0,5666340.0,8514325.0,2010,tt1032751,100.0,"Action,Fantasy,Western",6.3,24271,Rela.,5400000.0,-0.7972779761904762,-33.485675,0.4879662110508081
74,2011-10-14,The Big Year,41000000.0,7204138.0,7684524.0,2011,tt1053810,100.0,Comedy,6.2,39522,Fox,244000.0,-0.8125725853658536,-33.315476,0.03275986562010532
77,2010-06-11,The Karate Kid,40000000.0,176591618.0,351774938.0,2010,tt1155076,140.0,"Action,Drama,Family",6.2,146401,Sony,182500000.0,7.79437345,311.774938,0.5082268447714088
78,2015-02-13,Fifty Shades of Grey,40000000.0,166167230.0,570998101.0,2015,tt2322441,125.0,"Drama,Romance,Thriller",4.1,279126,Uni.,404800000.0,13.274952525,530.998101,0.7089723870842816
80,2013-12-13,American Hustle,40000000.0,150117807.0,257878294.0,2013,tt1800241,138.0,"Crime,Drama",7.2,418221,Sony,101100000.0,5.44695735,217.878294,0.4024396248312127
83,2014-07-25,Lucy,40000000.0,126573960.0,457507776.0,2014,tt2872732,89.0,"Action,Sci-Fi,Thriller",6.4,403194,Uni.,336700000.0,10.4376944,417.507776,0.7267837803791087
84,2013-12-25,Lone Survivor,40000000.0,125095601.0,149804632.0,2013,tt1091191,121.0,"Action,Biography,Drama",7.5,246641,Uni.,29700000.0,2.7451158,109.804632,0.19186591743004378
91,2010-10-01,The Social Network,40000000.0,96962694.0,224922135.0,2010,tt1285016,120.0,"Biography,Drama",7.7,568578,Sony,128000000.0,4.623053375,184.922135,0.5689832288370444
95,2016-01-15,Ride Along 2,40000000.0,90862685.0,124827316.0,2016,tt2869728,102.0,"Action,Comedy,Crime",5.9,48688,Uni.,33400000.0,2.1206829,84.827316,0.2687854362715565
97,2015-03-27,Get Hard,40000000.0,90411453.0,106511453.0,2015,tt2561572,100.0,"Comedy,Crime",6.0,111187,WB,21400000.0,1.662786325,66.511453,0.191393631205204
100,2016-10-14,The Accountant,40000000.0,86260045.0,152962083.0,2016,tt2140479,128.0,"Action,Crime,Drama",7.3,233022,WB,68900000.0,2.824052075,112.962083,0.44405761805495736
1,2014-11-14,Dumb and Dumber To,40000000.0,86208010.0,156553592.0,2014,tt2096672,109.0,"Adventure,Comedy",5.6,118646,Uni.,83600000.0,2.9138398,116.553592,0.4923207097238817
6,2015-09-25,The Intern,40000000.0,75764672.0,197115710.0,2015,tt2361509,121.0,"Comedy,Drama",7.1,191494,WB,118800000.0,3.92789275,157.11571,0.6105938903440805
10,2015-10-16,Bridge of Spies,40000000.0,72313754.0,162498338.0,2015,tt3682448,142.0,"Drama,History,Thriller",7.6,263004,BV,93200000.0,3.06245845,122.498338,0.563095197514522
17,2016-11-04,Hacksaw Ridge,40000000.0,67209615.0,168904682.0,2016,tt2119532,139.0,"Biography,Drama,History",8.1,366904,LGF,108100000.0,3.22261705,128.904682,0.616623338086733
21,2011-02-18,Unknown,40000000.0,63686397.0,136123083.0,2011,tt1401152,113.0,"Action,Mystery,Thriller",6.9,235167,WB,67099999.0,2.403077075,96.123083,0.5130502946193273
22,2010-06-04,Get Him to the Greek,40000000.0,61153526.0,91455875.0,2010,tt1226229,109.0,"Adventure,Comedy,Music",6.4,161653,Uni.,30300000.0,1.286396875,51.455875,0.3313158204528932
25,2011-03-18,The Lincoln Lawyer,40000000.0,58009200.0,87145086.0,2011,tt1189340,118.0,"Crime,Drama,Thriller",7.3,196109,LGF,17000000.0,1.17862715,47.145086,0.22663886563248242
31,2014-11-26,Horrible Bosses 2,40000000.0,54445357.0,105945357.0,2014,tt2170439,108.0,"Comedy,Crime",6.3,144442,WB,53200000.0,1.648633925,65.945357,0.49421546346861944
35,2010-07-09,Predators,40000000.0,52000688.0,127234389.0,2010,tt1424381,107.0,"Action,Adventure,Sci-Fi",6.4,199764,Fox,75200000.0,2.180859725,87.234389,0.591191770912434
36,2012-08-15,The Odd Life of Timothy Green,40000000.0,51853450.0,55249159.0,2012,tt1462769,105.0,"Comedy,Drama,Family",6.6,42770,BV,4200000.0,0.381228975,15.249159,0.07492848343857515
43,2014-06-20,Jersey Boys,40000000.0,47047013.0,65282732.0,2014,tt1742044,134.0,"Biography,Drama,Music",6.8,30410,WB,20600000.0,0.6320683,25.282732,0.30452194541095257
49,2011-08-12,Final Destination 5,40000000.0,42587643.0,155011165.0,2011,tt1622979,92.0,Horror,5.9,98061,WB (NL),115300000.0,2.875279125,115.011165,0.7302661424871609
50,2018-11-16,Widows,40000000.0,42402632.0,73866088.0,2018,tt4218572,129.0,"Crime,Drama,Thriller",7.0,61615,Fox,33600000.0,0.8466522,33.866088,0.4420899528847896
54,2014-07-18,Sex Tape,40000000.0,38543473.0,126069509.0,2014,tt1956620,94.0,"Comedy,Romance",5.1,100520,Sony,87500000.0,2.151737725,86.069509,0.6942049272158662
55,2011-04-15,Scream 4,40000000.0,38180928.0,95989590.0,2011,tt1262416,111.0,"Horror,Mystery",6.2,118779,W/Dim.,59000000.0,1.39973975,55.98959,0.6071150092330874
58,2011-03-18,Paul,40000000.0,37412945.0,101162106.0,2011,tt1092026,104.0,"Adventure,Comedy,Sci-Fi",7.0,220567,Uni.,60600000.0,1.52905265,61.162106,0.6182856764481467
59,2012-12-19,The Guilt Trip,40000000.0,37134215.0,41294674.0,2012,tt1694020,95.0,"Comedy,Drama",5.8,33702,Par.,4700000.0,0.03236685,1.294674,0.11234822979228844
60,2011-08-26,Colombiana,40000000.0,36665854.0,72295262.0,2011,tt1657507,108.0,"Action,Drama,Thriller",6.4,87659,TriS,24300000.0,0.80738155,32.295262,0.39858377117131827
62,2018-01-12,The Commuter,40000000.0,36343858.0,101985431.0,2018,tt1590193,105.0,"Action,Mystery,Thriller",6.3,83114,LGF,83600000.0,1.549635775,61.985431,0.6969927547269656
69,2016-12-21,Patriots Day,40000000.0,31886361.0,52837989.0,2016,tt4572514,133.0,"Action,Crime,Drama",7.4,76204,LGF,18700000.0,0.320949725,12.837989,0.36966485887371897
73,2010-11-10,Morning Glory,40000000.0,31011732.0,59795070.0,2010,tt1126618,107.0,"Comedy,Drama,Romance",6.5,67367,Par.,29000000.0,0.49487675,19.79507,0.48323884403136375
77,2013-12-25,Grudge Match,40000000.0,29807260.0,69807260.0,2013,tt1661382,113.0,"Comedy,Drama,Sport",6.4,54080,WB,15100000.0,0.7451815,29.80726,0.3362485264075341
81,2017-08-11,The Nut Job 2: Nutty by Nature,40000000.0,28370522.0,57438389.0,2017,tt3486626,91.0,"Adventure,Animation,Comedy",5.5,4820,ORF,36800000.0,0.435959725,17.438389,0.564672475693842
86,2017-06-30,The House,40000000.0,25584504.0,31192425.0,2017,tt4481514,88.0,"Comedy,Crime",5.6,33365,WB (NL),8600000.0,-0.220189375,-8.807575,0.25157597723225705
89,2011-01-07,Season of the Witch,40000000.0,24827228.0,91126600.0,2011,tt0479997,95.0,"Action,Adventure,Fantasy",5.4,85777,Rela.,66800000.0,1.278165,51.1266,0.7290409352992759
94,2016-08-26,Mechanic: Resurrection,40000000.0,21218403.0,109738840.0,2016,tt3522806,98.0,"Action,Adventure,Thriller",5.7,67275,LG/S,104500000.0,1.743471,69.73884,0.8312227765094979
99,2012-02-03,Big Miracle,40000000.0,20157300.0,25268680.0,2012,tt1430615,107.0,"Biography,Drama,Family",6.5,17585,Uni.,4600000.0,-0.368283,-14.73132,0.18580378312659296
100,2012-12-21,The Impossible,40000000.0,19019882.0,169590606.0,2012,tt1649419,114.0,"Drama,History,Thriller",7.6,177762,LG/S,161300000.0,3.23976515,129.590606,0.8945214371868322
1,2012-03-09,A Thousand Words,40000000.0,18450127.0,20790486.0,2012,tt0763831,91.0,"Comedy,Drama",5.9,36387,P/DW,3600000.0,-0.48023785,-19.209514,0.16326436577893633
15,2015-03-20,The Gunman,40000000.0,10664749.0,18594227.0,2015,tt2515034,115.0,"Action,Crime,Drama",5.8,36053,ORF,13500000.0,-0.535144325,-21.405773,0.5586650206877796
19,2013-08-16,Paranoia,40000000.0,7388654.0,16340767.0,2013,tt1413495,106.0,"Drama,Thriller",5.7,33149,Rela.,6400000.0,-0.591480825,-23.659233,0.46414972773992297
21,2015-07-10,Baahubali: The Beginning,40000000.0,6738000.0,26736665.0,2015,tt2631186,159.0,"Action,Drama",8.1,93243,BSC,,-0.331583375,-13.263335,
22,2018-03-09,The Hurricane Heist,40000000.0,6115824.0,30963684.0,2018,tt5360952,103.0,"Action,Adventure,Crime",5.1,15326,ENTMP,,-0.2259079,-9.036316,
24,2015-11-25,Victor Frankenstein,40000000.0,5775076.0,31124367.0,2015,tt1976009,110.0,"Drama,Horror,Sci-Fi",6.0,47492,Fox,28500000.0,-0.221890825,-8.875633,0.8315080030748874
48,2012-10-05,Frankenweenie,39000000.0,35287788.0,81150788.0,2012,tt1142977,87.0,"Animation,Comedy,Family",7.0,89489,BV,46200000.0,1.080789435897436,42.150788,0.5669561186272476
59,2017-06-02,Captain Underpants: The First Epic Movie,38000000.0,73921000.0,126577874.0,2017,tt2091256,89.0,"Action,Animation,Comedy",6.2,21903,Fox,51600000.0,2.3309966842105263,88.577874,0.4110865910883438
60,2015-04-17,Paul Blart: Mall Cop 2,38000000.0,71091594.0,107650646.0,2015,tt3450650,94.0,"Action,Comedy,Crime",4.4,30828,Sony,36600000.0,1.8329117368421053,69.650646,0.3398593951539059
62,2016-12-23,Why Him?,38000000.0,60323786.0,117425156.0,2016,tt4501244,111.0,Comedy,6.2,89628,Fox,57800000.0,2.0901356842105265,79.425156,0.4893171981466967
63,2011-04-22,Water for Elephants,38000000.0,58709717.0,116809717.0,2011,tt1067583,120.0,"Drama,Romance",6.9,105812,Fox,58400000.0,2.0739399210526317,78.809717,0.49867766310117545
64,2010-10-08,Life as We Know It,38000000.0,53374681.0,105887837.0,2010,tt1055292,114.0,"Comedy,Drama,Romance",6.6,113077,WB,52300000.0,1.7865220263157895,67.887837,0.494915144338122
66,2013-09-06,Riddick,38000000.0,42025135.0,94763758.0,2013,tt1411250,119.0,"Action,Adventure,Sci-Fi",6.4,144821,Uni.,56300000.0,1.4937831052631578,56.763758,0.5725901113687767
69,2016-01-22,The 5th Wave,38000000.0,34912982.0,111336398.0,2016,tt2304933,112.0,"Action,Adventure,Drama",5.2,90788,Sony,75000000.0,1.9299052105263157,73.336398,0.68235797660371
82,2018-09-21,The Sisters Brothers,38000000.0,3143056.0,13143056.0,2018,tt4971344,122.0,"Adventure,Comedy,Crime",7.0,32135,Annapurna,10000000.0,-0.6541301052631578,-24.856944,0.76085805310424
86,2012-05-18,What to Expect When You're Expecting,37500000.0,41152203.0,88473016.0,2012,tt1586265,110.0,"Comedy,Drama,Romance",5.7,65890,LGF,43200000.0,1.3592804266666667,50.973016,0.5121383729598621
87,2012-09-14,The Master,37500000.0,16247159.0,50647416.0,2012,tt1560747,138.0,Drama,7.1,131365,Wein.,11900000.0,0.35059776,13.147416,0.4227780146479437
90,2013-08-07,We're the Millers,37000000.0,150394119.0,267816276.0,2013,tt1723121,110.0,"Comedy,Crime",7.0,371759,WB (NL),119600000.0,6.23827772972973,230.816276,0.4429726115626985
91,2015-11-25,Creed,37000000.0,109767581.0,173567581.0,2015,tt3076658,133.0,"Drama,Sport",7.6,224671,WB (NL),63800000.0,3.691015702702703,136.567581,0.3675801646391557
92,2010-09-17,The Town,37000000.0,92186262.0,152566881.0,2010,tt0840361,125.0,"Crime,Drama,Thriller",7.6,322524,WB,61800000.0,3.1234292162162163,115.566881,0.4013345034636921
93,2011-09-23,Dolphin Tale,37000000.0,72286779.0,96068724.0,2011,tt1564349,113.0,"Drama,Family",6.9,20746,WB,23100000.0,1.596452,59.068724,0.24217192615341376
94,2018-02-23,Game Night,37000000.0,69179066.0,117378084.0,2018,tt2704998,100.0,"Action,Comedy,Crime",7.0,163279,WB (NL),48500000.0,2.1723806486486485,80.378084,0.41213787335803637
99,2010-02-26,Cop Out,37000000.0,44875481.0,55909910.0,2010,tt1385867,107.0,"Action,Comedy,Crime",5.6,81656,WB,10700000.0,0.5110786486486486,18.90991,0.1925309472355264
100,2011-01-28,The Rite,37000000.0,33047633.0,97143987.0,2011,tt1161864,114.0,"Drama,Horror,Mystery",6.0,85604,WB (NL),63000000.0,1.6255131621621621,60.143987,0.6559245452722401
3,2015-05-29,Aloha,37000000.0,21052030.0,25387091.0,2015,tt1243974,105.0,"Comedy,Drama,Romance",5.4,54646,Sony,5200000.0,-0.3138624054054054,-11.612909,0.19807991991476467
10,2010-03-26,Hot Tub Time Machine,36000000.0,50269859.0,65967750.0,2010,tt1231587,101.0,"Comedy,Sci-Fi",6.4,153962,MGM,14300000.0,0.8324375,29.96775,0.2214655602701564
12,2014-09-12,Dolphin Tale 2,36000000.0,42024533.0,57824533.0,2014,tt2978462,107.0,"Drama,Family",6.4,7579,WB,15800000.0,0.6062370277777778,21.824533,0.27324042547823085
13,2016-12-16,Collateral Beauty,36000000.0,31016021.0,85309093.0,2016,tt4682786,97.0,"Drama,Romance",6.8,78764,WB (NL),57500000.0,1.3696970277777778,49.309093,0.6495999181888215
21,2011-05-06,There Be Dragons,36000000.0,1069334.0,4020990.0,2011,tt1316616,122.0,"Biography,Drama,War",5.8,4326,Gold.,,-0.8883058333333334,-31.97901,
24,2017-09-08,It,35000000.0,327481748.0,697457969.0,2017,tt1396484,135.0,"Horror,Thriller",7.4,359123,WB (NL),372900000.0,18.927370542857144,662.457969,0.5324239260444006
29,2010-12-22,True Grit,35000000.0,171243005.0,252276928.0,2010,tt1403865,110.0,"Adventure,Drama,Western",7.6,284034,Par.,81000000.0,6.207912228571429,217.276928,0.3211189146751562
32,2013-02-08,Identity Thief,35000000.0,134506920.0,175361578.0,2013,tt2024432,111.0,"Adventure,Comedy,Crime",5.7,115624,Uni.,39500000.0,4.0103308,140.361578,0.22700246633869503
34,2011-07-08,Horrible Bosses,35000000.0,117538559.0,212417601.0,2011,tt1499658,98.0,"Comedy,Crime",6.9,398695,WB (NL),92100000.0,5.069074314285714,177.417601,0.43932757618315815
36,2015-07-17,Trainwreck,35000000.0,110212700.0,141123897.0,2015,tt3152624,125.0,"Comedy,Drama,Romance",6.2,121860,Uni.,30600000.0,3.0321113428571427,106.123897,0.2173099443445087
37,2013-12-13,Saving Mr. Banks,35000000.0,83299761.0,114962525.0,2013,tt2140373,125.0,"Biography,Comedy,Drama",7.5,140678,BV,34600000.0,2.2846435714285716,79.962525,0.2934696364651664
53,2010-10-08,Secretariat,35000000.0,59699513.0,60376247.0,2010,tt1028576,123.0,"Biography,Drama,Family",7.2,24536,BV,537000.0,0.7250356285714286,25.376247,0.008914858667200739
55,2011-07-22,Friends with Benefits,35000000.0,55802754.0,146595891.0,2011,tt1632708,109.0,"Comedy,Romance",6.6,317338,SGem,93700000.0,3.1884540285714285,111.595891,0.6267443073322917
56,2016-05-20,Neighbors 2: Sorority Rising,35000000.0,55340730.0,108757621.0,2016,tt4438848,92.0,Comedy,5.7,102793,Uni.,52600000.0,2.1073606,73.757621,0.48730446792420246
59,2018-06-29,Sicario: Day of the Soldado,35000000.0,50065850.0,75885196.0,2018,tt5052474,122.0,"Action,Crime,Drama",7.1,95650,Sony,25800000.0,1.168148457142857,40.885196,0.3400739594956097
63,2018-10-12,Goosebumps 2: Haunted Halloween,35000000.0,46697321.0,93291478.0,2018,tt5664636,90.0,"Adventure,Comedy,Family",5.6,11459,Sony,46600000.0,1.6654708,58.291478,0.4994784362564923
64,2018-01-19,12 Strong,35000000.0,45819713.0,71118378.0,2018,tt1413492,130.0,"Action,Drama,History",6.6,50155,WB,21600000.0,1.0319536571428571,36.118378,0.32038107311432784
72,2011-05-06,Something Borrowed,35000000.0,39046489.0,65084116.0,2011,tt0491152,112.0,"Comedy,Drama,Romance",5.9,54314,WB,21100000.0,0.8595461714285715,30.084116,0.3508101694847059
74,2011-10-28,In Time,35000000.0,37553932.0,165103952.0,2011,tt1637688,109.0,"Action,Crime,Drama",6.7,346077,Fox,136400000.0,3.7172557714285714,130.103952,0.7841156473542662
76,2011-11-09,J. Edgar,35000000.0,37306030.0,84606030.0,2011,tt1616195,137.0,"Biography,Crime,Drama",6.6,115925,WB,47600000.0,1.4173151428571429,49.60603,0.5606197816574394
78,2018-08-17,Mile 22,35000000.0,36108758.0,66295121.0,2018,tt4560436,94.0,"Action,Adventure,Thriller",6.1,47862,STX,30200000.0,0.8941463142857143,31.295121,0.4554451163148011
79,2015-05-08,Hot Pursuit,35000000.0,34580201.0,45671512.0,2015,tt2967224,87.0,"Action,Comedy,Crime",5.1,44723,WB (NL),17100000.0,0.30490034285714285,10.671512,0.3308810660391975
81,2017-10-13,The Foreigner,35000000.0,34393507.0,140783360.0,2017,tt1615160,113.0,"Action,Thriller",7.0,81288,STX,111000000.0,3.0223817142857143,105.78336,0.763445371738643
89,2018-06-01,Adrift,35000000.0,31445011.0,57897191.0,2018,tt6306064,96.0,"Action,Adventure,Biography",6.6,34115,STX,28500000.0,0.6542054571428572,22.897191,0.47543572892162783
96,2011-09-23,Abduction,35000000.0,28087155.0,86648359.0,2011,tt1600195,106.0,"Action,Mystery,Thriller",5.1,72552,LGF,54000000.0,1.4756674,51.648359,0.6578373924641437
96,2011-09-23,Abduction,35000000.0,28087155.0,86648359.0,2011,tt2447982,84.0,"Horror,Thriller",5.2,10,LGF,54000000.0,1.4756674,51.648359,0.6578373924641437
100,2012-10-19,Alex Cross,35000000.0,25888412.0,35426759.0,2012,tt1712170,101.0,"Action,Crime,Mystery",5.1,30951,LG/S,8700000.0,0.012193114285714285,0.426759,0.25152932722092014
6,2016-03-04,Whiskey Tango Foxtrot,35000000.0,23083334.0,25350747.0,2016,tt3553442,112.0,"Biography,Comedy,Drama",6.6,46265,Par.,,-0.27569294285714285,-9.649253,
8,2015-08-21,Hitman: Agent 47,35000000.0,22467450.0,82182803.0,2015,tt2679042,96.0,"Action,Adventure,Crime",5.7,80510,Fox,59900000.0,1.3480800857142856,47.182803,0.7272290206871768
10,2012-08-24,Premium Rush,35000000.0,20275446.0,31393201.0,2012,tt1547234,91.0,"Action,Crime,Thriller",6.5,105279,Sony,10800000.0,-0.1030514,-3.606799,0.34754127100862847
11,2013-01-18,Broken City,35000000.0,19701164.0,34480045.0,2013,tt1235522,109.0,"Crime,Drama,Thriller",6.2,71704,Fox,,-0.014855857142857143,-0.519955,
17,2010-04-30,Furry Vengeance,35000000.0,17630465.0,39340177.0,2010,tt0492389,92.0,"Comedy,Family",3.8,14700,Sum.,18600000.0,0.12400505714285714,4.340177,0.5133801070452725
18,2013-01-25,Parker,35000000.0,17616641.0,48543388.0,2013,tt1904996,118.0,"Action,Crime,Thriller",6.2,105529,FD,28600000.0,0.38695394285714285,13.543388,0.6188247215975735
24,2011-05-27,The Tree of Life,35000000.0,13305665.0,61721826.0,2011,tt0478304,139.0,"Drama,Fantasy",6.8,156266,FoxS,41000000.0,0.7634807428571428,26.721826,0.7549856907193753
32,2015-03-06,Unfinished Business,35000000.0,10219501.0,13214051.0,2015,tt2358925,91.0,"Comedy,Drama",5.4,29004,Fox,4200000.0,-0.6224556857142857,-21.785949,0.2912722153145244
33,2015-09-30,The Walk,35000000.0,10161183.0,61492104.0,2015,tt2159988,89.0,"Crime,Thriller",6.8,126,TriS,51000000.0,0.7569172571428572,26.492104,0.8338622227107674
33,2015-09-30,The Walk,35000000.0,10161183.0,61492104.0,2015,tt3488710,123.0,"Adventure,Biography,Drama",7.3,109714,TriS,51000000.0,0.7569172571428572,26.492104,0.8338622227107674
35,2013-11-29,Mandela: Long Walk to Freedom,35000000.0,8323085.0,29890402.0,2013,tt2304771,141.0,"Biography,Drama,History",7.1,25027,Wein.,19000000.0,-0.1459885142857143,-5.109598,0.6953826773221252
39,2016-03-11,The Brothers Grimsby,35000000.0,6864016.0,28720470.0,2016,tt3381008,83.0,"Action,Adventure,Comedy",6.2,82123,Sony,18300000.0,-0.17941514285714286,-6.27953,0.72722891290484
40,2017-10-20,The Snowman,35000000.0,6670765.0,43226146.0,2017,tt1758810,119.0,"Crime,Drama,Mystery",5.1,47890,Uni.,36400000.0,0.23503274285714285,8.226146,0.8451208145478726
47,2016-04-22,A Hologram for the King,35000000.0,4212494.0,11846010.0,2016,tt2980210,98.0,"Comedy,Drama,Romance",6.1,36062,RAtt.,,-0.6615425714285714,-23.15399,
58,2011-12-25,The Darkest Hour,34800000.0,21443494.0,62831715.0,2011,tt1093357,89.0,"Action,Adventure,Horror",4.9,55071,Sum.,43200000.0,0.8055090517241379,28.031715,0.6682807089604408
59,2017-06-28,Baby Driver,34000000.0,107825862.0,228104185.0,2017,tt3890160,113.0,"Action,Crime,Drama",7.6,363977,TriS,119100000.0,5.708946617647059,194.104185,0.5248410161376846
60,2014-09-19,The Maze Runner,34000000.0,102427862.0,348319861.0,2014,tt1790864,113.0,"Action,Mystery,Sci-Fi",6.8,387038,Fox,245900000.0,9.244701794117647,314.319861,0.7059441027430645
61,2015-04-10,The Longest Ride,34000000.0,37446117.0,63802928.0,2015,tt2726560,123.0,"Drama,Romance",7.1,70327,Fox,25500000.0,0.8765567058823529,29.802928,0.4051083881790516
64,2018-08-03,The Darkest Minds,34000000.0,12695691.0,38361428.0,2018,tt4073790,104.0,"Action,Adventure,Drama",5.7,21340,Fox,28400000.0,0.12827729411764707,4.361428,0.6910700199687603
73,2016-07-08,Mike and Dave Need Wedding Dates,33000000.0,46009673.0,75898100.0,2016,tt2823054,98.0,"Adventure,Comedy,Romance",6.0,74849,Fox,31100000.0,1.2999424242424242,42.8981,0.40332164292798905
74,2012-07-27,Step Up Revolution,33000000.0,35074677.0,165552290.0,2012,tt1800741,99.0,"Drama,Music,Romance",6.5,51295,LG/S,105400000.0,4.0167360606060605,132.55229,0.7503131685435376
85,2011-05-13,Bridesmaids,32500000.0,169211718.0,289632023.0,2011,tt1478338,125.0,"Comedy,Romance",6.8,249501,Uni.,119300000.0,7.911754553846154,257.132023,0.4135014023936456
87,2013-04-26,The Big Wedding,32500000.0,21819348.0,48425971.0,2013,tt1931435,89.0,"Comedy,Drama,Romance",5.6,44221,LGF,24700000.0,0.4900298769230769,15.925971,0.5309618698869124
88,2012-02-24,Wanderlust,32500000.0,17288155.0,24159934.0,2012,tt1655460,98.0,"Comedy,Romance",5.6,69081,Uni.,4200000.0,-0.2566174153846154,-8.340066,0.1954565201153845
95,2010-08-27,Takers,32000000.0,57744720.0,70587268.0,2010,tt1135084,107.0,"Action,Crime,Thriller",6.2,53377,SGem,11300000.0,1.205852125,38.587268,0.16366204396223202
96,2011-04-01,Source Code,32000000.0,54712227.0,140428499.0,2011,tt0945513,93.0,"Action,Drama,Sci-Fi",7.5,452036,Sum.,92600000.0,3.38839059375,108.428499,0.6285968373826838
99,2018-04-20,I Feel Pretty,32000000.0,48795601.0,91553797.0,2018,tt6791096,110.0,"Comedy,Romance",5.4,39936,STX,45700000.0,1.86105615625,59.553797,0.4836203962552712
1,2011-02-18,"Big Mommas: Like Father, Like Son",32000000.0,37915414.0,82332450.0,2011,tt1464174,107.0,"Action,Comedy,Crime",4.4,23520,Fox,44800000.0,1.5728890625,50.33245,0.5416161007185433
7,2013-03-15,The Incredible Burt Wonderstone,32000000.0,22537881.0,27392609.0,2013,tt0790628,100.0,"Adventure,Comedy,Fantasy",5.9,67549,WB (NL),4900000.0,-0.14398096875,-4.607391,0.17858521946355843
11,2010-09-03,Going the Distance,32000000.0,17804299.0,43603990.0,2010,tt1322312,102.0,"Comedy,Romance",6.3,54421,WB (NL),24200000.0,0.3626246875,11.60399,0.5761315050157128
13,2010-03-19,Repo Men,32000000.0,13942007.0,18195238.0,2010,tt1053424,111.0,"Action,Crime,Sci-Fi",6.3,96144,Uni.,4600000.0,-0.4313988125,-13.804762,0.2480853340202061
23,2012-11-02,Flight,31000000.0,93772375.0,160558438.0,2012,tt1907668,138.0,"Drama,Thriller",7.3,303009,Par.,68000000.0,4.179304451612904,129.558438,0.42034370825055883
27,2014-03-07,The Grand Budapest Hotel,31000000.0,59076019.0,163981261.0,2014,tt2278388,99.0,"Adventure,Comedy,Crime",8.1,633604,FoxS,115500000.0,4.289718096774194,132.981261,0.6616028974747099
28,2015-07-29,Vacation,31000000.0,58884188.0,102306500.0,2015,tt1524930,99.0,"Adventure,Comedy",6.1,87582,WB (NL),46000000.0,2.300209677419355,71.3065,0.43857897817733976
33,2010-01-22,Extraordinary Measures,31000000.0,12482741.0,15826984.0,2010,tt1244659,106.0,Drama,6.5,15673,CBS,3100000.0,-0.48945212903225804,-15.173016,0.19893804305673823
38,2018-08-15,Crazy Rich Asians,30000000.0,174532921.0,238099711.0,2018,tt3104988,120.0,"Comedy,Romance",7.0,96617,WB,64000000.0,6.936657033333334,208.099711,0.2683067801781541
42,2012-02-10,The Vow,30000000.0,125014030.0,197618160.0,2012,tt1606389,104.0,"Drama,Romance",6.8,173629,SGem,71100000.0,5.587272,167.61816,0.36254417901666697
45,2013-08-16,Lee Daniels' The Butler,30000000.0,116632095.0,177025498.0,2013,tt1327773,132.0,"Biography,Drama",7.2,102468,Wein.,60000000.0,4.900849933333333,147.025498,0.3396891148236678
57,2015-12-18,Sisters,30000000.0,87044645.0,106030660.0,2015,tt1850457,118.0,Comedy,6.0,58994,Uni.,18000000.0,2.5343553333333335,76.03066,0.17135571261152818
69,2012-09-28,Looper,30000000.0,66486205.0,170466405.0,2012,tt1276104,113.0,"Action,Crime,Drama",7.4,500595,TriS,110000000.0,4.6822135,140.466405,0.6232781763311189
70,2013-02-01,Warm Bodies,30000000.0,66380662.0,115121608.0,2013,tt1588173,98.0,"Comedy,Horror,Romance",6.9,208709,LG/S,50600000.0,2.8373869333333332,85.121608,0.4325501252506162
72,2014-01-17,The Nut Job,30000000.0,64251538.0,122529966.0,2014,tt1821658,85.0,"Adventure,Animation,Comedy",5.7,24587,ORF,56600000.0,3.0843322,92.529966,0.4683432328349847
75,2012-08-08,Hope Springs,30000000.0,63536011.0,133085295.0,2012,tt1535438,100.0,"Comedy,Drama,Romance",6.3,38667,Sony,50700000.0,3.4361765,103.085295,0.4438180181203981
83,2011-05-20,Midnight in Paris,30000000.0,56816662.0,162502774.0,2011,tt1605783,94.0,"Comedy,Fantasy,Romance",7.7,356500,SPC,94300000.0,4.416759133333334,132.502774,0.6240211949626044
84,2017-11-22,Darkest Hour,30000000.0,56443120.0,150807172.0,2017,tt4555426,125.0,"Biography,Drama,History",7.4,136546,Focus,94400000.0,4.026905733333333,120.807172,0.6258157481759857
88,2018-05-11,Life of the Party,30000000.0,53059911.0,65759911.0,2018,tt5619332,105.0,Comedy,5.5,25756,WB (NL),12800000.0,1.1919970333333334,35.759911,0.1943519176635389
89,2010-05-14,Letters to Juliet,30000000.0,53032453.0,82148538.0,2010,tt0892318,105.0,"Adventure,Comedy,Drama",6.6,86137,Sum.,26100000.0,1.7382846,52.148538,0.32982675262196154
92,2015-07-24,Southpaw,30000000.0,52421953.0,94156456.0,2015,tt1798684,124.0,"Drama,Sport",7.4,199783,Wein.,39500000.0,2.138548533333333,64.156456,0.4297123669685304
94,2017-07-28,Atomic Blonde,30000000.0,51573925.0,98345423.0,2017,tt2406566,115.0,"Action,Mystery,Thriller",6.7,150407,Focus,48300000.0,2.2781807666666665,68.345423,0.4836097109430715
100,2015-09-18,Sicario,30000000.0,46889293.0,84393749.0,2015,tt3397884,121.0,"Action,Crime,Drama",7.6,328548,LGF,38000000.0,1.8131249666666667,54.393749,0.44764184807146407
3,2018-01-19,Den of Thieves,30000000.0,44947622.0,80131391.0,2018,tt1259528,140.0,"Action,Crime,Drama",7.0,69648,STX,35600000.0,1.6710463666666666,50.131391,0.44197456257616147
4,2012-04-13,The Three Stooges,30000000.0,44338224.0,54052249.0,2012,tt0383010,92.0,"Comedy,Family",5.1,28570,Fox,10500000.0,0.8017416333333334,24.052249,0.19147228400394586
6,2014-10-24,John Wick,30000000.0,43037835.0,76235001.0,2014,tt2911666,101.0,"Action,Crime,Thriller",7.4,449942,LG/S,45700000.0,1.5411667,46.235001,0.5150001687555258
8,2015-04-24,The Age of Adaline,30000000.0,42629776.0,68984536.0,2015,tt1655441,112.0,"Drama,Fantasy,Romance",7.2,138924,LGF,23000000.0,1.2994845333333334,38.984536,0.3504506856765746
14,2011-04-08,Hanna,30000000.0,40259119.0,65343694.0,2011,tt0993842,111.0,"Action,Drama,Thriller",6.8,179178,Focus,23500000.0,1.1781231333333333,35.343694,0.36857472889485815
23,2018-02-09,The 15:17 to Paris,30000000.0,36276286.0,56096200.0,2018,tt6802308,94.0,"Biography,Drama,Thriller",5.2,21880,WB,20800000.0,0.8698733333333334,26.0962,0.36442455278186814
25,2011-07-01,Larry Crowne,30000000.0,35608245.0,61449135.0,2011,tt1583420,98.0,"Comedy,Drama,Romance",6.1,58927,Uni.,36400000.0,1.0483045,31.449135,0.5054976690516482
30,2015-06-03,Entourage,30000000.0,32363404.0,46438538.0,2015,tt1674771,104.0,Comedy,6.6,71519,WB,16900000.0,0.5479512666666667,16.438538,0.34305384175238884
37,2012-04-27,The Five-Year Engagement,30000000.0,28700285.0,61623819.0,2012,tt1195478,124.0,"Comedy,Romance",6.2,88469,Uni.,25100000.0,1.0541273,31.623819,0.4665402794799321
39,2011-07-15,Winnie the Pooh,30000000.0,26692846.0,50145607.0,2011,tt1449283,63.0,"Adventure,Animation,Comedy",7.2,19605,BV,23200000.0,0.6715202333333333,20.145607,0.4649965247522661
42,2018-09-14,White Boy Rick,30000000.0,24004833.0,25947983.0,2018,tt4537896,111.0,"Crime,Drama",6.4,16255,Studio 8,1900000.0,-0.13506723333333334,-4.052017,0.07334538693995828
45,2011-02-04,Sanctum,30000000.0,23209310.0,108957098.0,2011,tt0881320,108.0,"Adventure,Drama,Thriller",5.9,51318,Uni.,85400000.0,2.631903266666667,78.957098,0.7863045994859925
49,2010-11-19,The Next Three Days,30000000.0,21148651.0,67255916.0,2010,tt1458175,133.0,"Action,Crime,Drama",7.4,168066,LGF,46300000.0,1.2418638666666666,37.255916,0.6864481248112732
50,2018-01-12,Proud Mary,30000000.0,20868638.0,21709539.0,2018,tt6421110,89.0,"Action,Crime,Drama",4.9,6805,SGem,876000.0,-0.2763487,-8.290461,0.040285793674744094
53,2013-10-04,Runner Runner,30000000.0,19316646.0,60512680.0,2013,tt2364841,88.0,"Crime,Thriller",5.6,58235,Fox,43400000.0,1.0170893333333333,30.51268,0.6920012910129154
55,2017-04-28,Baahubali 2: The Conclusion,30000000.0,18985794.0,263502914.0,2017,tt4849438,167.0,"Action,Drama",8.3,65656,GrtIndia,234000000.0,7.783430466666666,233.502914,0.9249531220713524
60,2015-10-09,Steve Jobs,30000000.0,17766658.0,35579007.0,2015,tt2080374,122.0,"Biography,Drama",7.2,138668,Uni.,16700000.0,0.1859669,5.579007,0.4845262340201362
74,2013-01-18,The Last Stand,30000000.0,12050299.0,48330757.0,2013,tt1549920,107.0,"Action,Thriller",6.4,126623,LGF,36300000.0,0.6110252333333334,18.330757,0.7507709517990778
78,2013-03-08,Dead Man Down,30000000.0,10895295.0,19599974.0,2013,tt2101341,118.0,"Action,Crime,Drama",6.5,61238,FD,7200000.0,-0.34666753333333333,-10.400026,0.39789348557180193
84,2017-02-03,The Space Between Us,30000000.0,7885294.0,16481405.0,2017,tt3922818,120.0,"Adventure,Drama,Romance",6.4,41031,STX,6900000.0,-0.45061983333333333,-13.518595,0.46667993210009895
88,2018-08-31,Kin,30000000.0,5718096.0,10096821.0,2018,tt6017942,102.0,"Action,Drama,Sci-Fi",5.7,9048,LGF,4300000.0,-0.6634393,-19.903179,0.42922327755693296
90,2017-09-22,Stronger,30000000.0,4211129.0,8786752.0,2017,tt3881784,119.0,"Biography,Drama",7.0,33464,RAtt.,4200000.0,-0.7071082666666667,-21.213248,0.49933843601732897
90,2017-09-22,Stronger,30000000.0,4211129.0,8786752.0,2017,tt5738152,125.0,Drama,6.8,22,RAtt.,4200000.0,-0.7071082666666667,-21.213248,0.49933843601732897
99,2011-09-23,Machine Gun Preacher,30000000.0,538690.0,3721988.0,2011,tt1586752,129.0,"Action,Biography,Crime",6.8,60074,Rela.,2800000.0,-0.8759337333333334,-26.278012,0.8386522857767568
14,2015-05-15,Pitch Perfect 2,29000000.0,184296230.0,287625468.0,2015,tt2848292,115.0,"Comedy,Music",6.4,130692,Uni.,103200000.0,8.918119586206897,258.625468,0.35896122881333087
17,2016-04-08,The Boss,29000000.0,63077560.0,78652207.0,2016,tt2702724,99.0,Comedy,5.4,39096,Uni.,15600000.0,1.7121450689655173,49.652207,0.19827762833519494
21,2017-08-18,Logan Lucky,29000000.0,27778642.0,44264271.0,2017,tt5439796,118.0,"Comedy,Crime,Drama",7.0,105966,BST,20700000.0,0.5263541724137931,15.264271,0.4269921587324991
22,2016-08-12,Florence Foster Jenkins,29000000.0,27383770.0,56000339.0,2016,tt4136084,111.0,"Biography,Comedy,Drama",6.8,44970,Par.,21500000.0,0.9310461724137931,27.000339,0.4398187782979913
35,2015-08-14,Straight Outta Compton,28000000.0,161197785.0,202182981.0,2015,tt1398426,147.0,"Biography,Drama,History",7.9,165307,Uni.,40400000.0,6.22082075,174.182981,0.20039902720161334
36,2017-07-21,Girls Trip,28000000.0,115108515.0,140886353.0,2017,tt3564472,122.0,"Comedy,Drama",6.2,29321,Uni.,25400000.0,4.0316554642857145,112.886353,0.1807719624678974
40,2017-11-01,A Bad Moms Christmas,28000000.0,72110659.0,127710550.0,2017,tt6359956,104.0,"Adventure,Comedy",5.5,33056,STX,58400000.0,3.5610910714285713,99.71055,0.4474730297699286
41,2013-02-14,Safe Haven,28000000.0,71399120.0,94050951.0,2013,tt1702439,115.0,"Drama,Romance,Thriller",6.7,97055,Rela.,26200000.0,2.358962535714286,66.050951,0.2684450433569483
42,2015-12-11,The Big Short,28000000.0,70259870.0,133162752.0,2015,tt1596363,130.0,"Biography,Comedy,Drama",7.8,309227,Par.,63200000.0,3.7558125714285713,105.162752,0.47355058865260397
44,2014-10-10,"Alexander and the Terrible, Horrible, No Good, Very Bad Day",28000000.0,66954149.0,101379287.0,2014,tt1698641,81.0,"Comedy,Family",6.2,37325,BV,34400000.0,2.6206888214285713,73.379287,0.33940396460730976
46,2013-01-28,Last Vegas,28000000.0,63914167.0,112914167.0,2013,tt1204975,105.0,"Comedy,Drama",6.6,121409,CBS,70500000.0,3.0326488214285714,84.914167,0.5244982844702671
50,2018-06-15,Tag,28000000.0,54730625.0,77026186.0,2018,tt2854926,100.0,Comedy,6.5,85186,WB (NL),23400000.0,1.7509352142857142,49.026186,0.2994984361125999
54,2010-04-16,Kick-Ass,28000000.0,48071303.0,97531134.0,2010,tt1250777,117.0,"Action,Comedy",7.6,497363,LGF,48100000.0,2.4832547857142857,69.531134,0.5001491973130487
60,2011-08-12,30 Minutes or Less,28000000.0,37053924.0,40966716.0,2011,tt1622547,83.0,"Action,Comedy,Crime",6.1,87254,Sony,3500000.0,0.463097,12.966716,0.08630484191862667
64,2014-02-21,3 Days to Kill,28000000.0,30697999.0,38959900.0,2014,tt2172934,117.0,"Action,Drama,Thriller",6.2,81681,Rela.,21900000.0,0.391425,10.9599,0.4163656491951338
65,2013-08-16,Kick-Ass 2,28000000.0,28795985.0,63129909.0,2013,tt1650554,103.0,"Action,Comedy,Crime",6.6,238832,Uni.,32000000.0,1.2546396071428572,35.129909,0.5263505476554085
67,2014-09-19,A Walk Among the Tombstones,28000000.0,26017685.0,62108587.0,2014,tt0365907,114.0,"Action,Crime,Drama",6.5,105116,Uni.,26900000.0,1.2181638214285715,34.108587,0.508336674213923
68,2010-01-15,The Spy Next Door,28000000.0,24307106.0,46752858.0,2010,tt1273678,94.0,"Action,Comedy,Family",5.5,36767,LGF,20900000.0,0.6697449285714285,18.752858,0.4623166986181332
69,2014-04-25,Brick Mansions,28000000.0,20396829.0,73421224.0,2014,tt1430612,90.0,"Action,Crime",5.7,37528,Rela.,48500000.0,1.6221865714285715,45.421224,0.7039511208854039
72,2015-08-21,American Ultra,28000000.0,14439985.0,30295028.0,2015,tt3316948,96.0,"Action,Comedy,Sci-Fi",6.1,76769,LGF,12700000.0,0.08196528571428571,2.295028,0.46794425273263784
74,2016-02-05,Pride and Prejudice and Zombies,28000000.0,10907291.0,16638300.0,2016,tt1374989,108.0,"Action,Comedy,Horror",5.8,46187,SGem,5500000.0,-0.405775,-11.3617,0.33521682525165186
86,2012-01-13,Joyful Noise,27500000.0,30932113.0,31157914.0,2012,tt1710396,118.0,"Comedy,Drama,Music",5.8,7575,WB,226000.0,0.13301505454545454,3.657914,0.007253327568328673
90,2011-10-28,Anonymous,27500000.0,4463292.0,15815509.0,2011,tt1521197,130.0,"Drama,Thriller",6.9,37932,Sony,10900000.0,-0.42489058181818185,-11.684491,0.7094833581240271
91,2011-03-18,Limitless,27000000.0,79249455.0,155564919.0,2011,tt1219289,105.0,"Mystery,Sci-Fi,Thriller",7.4,492490,Rela.,82600000.0,4.761663666666666,128.564919,0.510350807174482
98,2016-05-13,Money Monster,27000000.0,41012075.0,93466095.0,2016,tt2241351,98.0,"Crime,Drama,Thriller",6.5,86607,TriS,52300000.0,2.461707222222222,66.466095,0.560484803279747
38,2012-08-29,Lawless,26000000.0,37397291.0,54393687.0,2012,tt1212450,116.0,"Crime,Drama",7.3,214055,Wein.,16300000.0,1.0920648846153846,28.393687,0.3035534883873378
42,2014-10-17,The Best of Me,26000000.0,26766213.0,41059418.0,2014,tt1972779,118.0,"Drama,Romance",6.7,59750,Rela.,9200000.0,0.5792083846153846,15.059418,0.25579562685679474
45,2012-04-27,The Raven,26000000.0,16008272.0,30601801.0,2012,tt1486192,110.0,"Crime,Mystery,Thriller",6.4,79578,Rela.,13600000.0,0.17699234615384615,4.601801,0.4593310950399267
50,2013-10-18,The Fifth Estate,26000000.0,3254172.0,6154172.0,2013,tt1837703,128.0,"Biography,Drama,Thriller",6.2,36392,BV,5300000.0,-0.7633010769230769,-19.845828,0.6195807145332126
63,2011-08-10,The Help,25000000.0,169705587.0,213120004.0,2011,tt1454029,146.0,Drama,8.1,392699,BV,46900000.0,7.52480016,188.120004,0.21652257750858475
64,2016-12-25,Hidden Figures,25000000.0,169607287.0,231771716.0,2016,tt4846340,127.0,"Biography,Drama,History",7.8,171131,Fox,66300000.0,8.27086864,206.771716,0.28104261145608445
67,2014-01-17,Ride Along,25000000.0,134202565.0,153733800.0,2014,tt1408253,99.0,"Action,Comedy,Crime",6.2,94529,Uni.,19500000.0,5.149352,128.7338,0.12686840977572494
77,2010-02-05,Dear John,25000000.0,80014842.0,142033509.0,2010,tt0989757,108.0,"Drama,Romance,War",6.3,128657,SGem,35000000.0,4.68134036,117.033509,0.30430855176065014
79,2012-12-25,Parental Guidance,25000000.0,77267296.0,120832383.0,2012,tt1047540,105.0,"Comedy,Family",6.1,23711,Fox,42500000.0,3.83329532,95.832383,0.3548548010969539
84,2011-01-21,No Strings Attached,25000000.0,70662220.0,149228078.0,2011,tt1411238,108.0,"Comedy,Romance",6.2,197663,Par.,78600000.0,4.96912312,124.228078,0.5265900507174555
85,2012-01-13,Contraband,25000000.0,66528000.0,98406855.0,2012,tt1524137,109.0,"Action,Crime,Drama",6.5,111709,Uni.,29700000.0,2.9362742,73.406855,0.30864197530864196
87,2012-04-20,The Lucky One,25000000.0,60457138.0,96633833.0,2012,tt1327194,101.0,"Drama,Romance",6.5,94359,WB,38900000.0,2.86535332,71.633833,0.39151691346020856
2,2014-08-15,The Giver,25000000.0,45090374.0,66540205.0,2014,tt0435651,97.0,"Drama,Romance,Sci-Fi",6.5,104999,Wein.,21900000.0,1.6616082,41.540205,0.3269126397174615
6,2015-11-20,The Night Before,25000000.0,43035725.0,52427346.0,2015,tt3530002,101.0,"Adventure,Comedy,Fantasy",6.4,58455,Sony,9300000.0,1.09709384,27.427346,0.17769888541717918
15,2013-12-25,August: Osage County,25000000.0,37738810.0,50738810.0,2013,tt1322269,121.0,"Comedy,Drama",7.2,79383,Wein.,36500000.0,1.0295524,25.73881,0.4916565877066187
17,2014-05-16,Million Dollar Arm,25000000.0,36447959.0,39217912.0,2014,tt1647668,124.0,"Biography,Drama,Sport",7.0,41008,BV,2800000.0,0.56871648,14.217912,0.07134128936488136
21,2018-09-07,Peppermint,25000000.0,35418723.0,51800758.0,2018,tt6850820,101.0,"Action,Crime,Drama",6.5,35854,STX,18400000.0,1.07203032,26.800758,0.34188845394938117
25,2014-12-10,The Gambler,25000000.0,33680992.0,38718031.0,2014,tt2039393,111.0,"Crime,Drama,Thriller",6.0,59995,Par.,5600000.0,0.54872124,13.718031,0.14256259108731267
29,2017-02-17,Fist Fight,25000000.0,32187017.0,40286416.0,2017,tt3401882,91.0,Comedy,5.6,35136,WB (NL),8900000.0,0.61145664,15.286416,0.21661343776794503
32,2011-12-09,The Sitter,25000000.0,30542576.0,38749404.0,2011,tt1366344,81.0,Comedy,5.7,65575,Fox,4500000.0,0.54997616,13.749404,0.12841521696350178
36,2014-04-11,Draft Day,25000000.0,28842237.0,29847480.0,2014,tt2223990,110.0,"Drama,Sport",6.8,48812,LG/S,620000.0,0.1938992,4.84748,0.02104388746855848
38,2017-02-03,Rings,25000000.0,27793018.0,82917283.0,2017,tt0498381,102.0,"Drama,Horror,Mystery",4.5,34151,Par.,55300000.0,2.31669132,57.917283,0.6655192136600454
44,2010-04-23,The Losers,25000000.0,23591432.0,29863840.0,2010,tt0480255,97.0,"Action,Adventure,Crime",6.4,83876,WB,5800000.0,0.1945536,4.86384,0.19733642103589916
50,2011-02-11,The Eagle,25000000.0,19490041.0,38993548.0,2011,tt1034389,114.0,"Action,Adventure,Drama",6.2,61475,Focus,7600000.0,0.55974192,13.993548,0.2805459024591362
52,2011-09-02,Shark Night 3D,25000000.0,18877153.0,18877153.0,2011,tt1633356,90.0,"Horror,Thriller",4.0,23190,Rela.,21300000.0,-0.24491388,-6.122847,0.5301520493500373
56,2017-12-22,Father Figures,25000000.0,17501244.0,21038441.0,2017,tt1966359,113.0,"Adventure,Comedy,Drama",5.5,14373,WB,8100000.0,-0.15846236,-3.961559,0.31639087538089944
58,2013-10-25,The Counselor,25000000.0,16973715.0,71009334.0,2013,tt2193215,117.0,"Crime,Drama,Thriller",5.3,92096,Fox,54000000.0,1.84037336,46.009334,0.7608450536934694
60,2018-12-07,Mary Queen of Scots,25000000.0,16468499.0,46734733.0,2018,tt2328900,124.0,"Biography,Drama,History",6.3,23866,Focus,29900000.0,0.86938932,21.734733,0.644834330306875
68,2010-10-08,My Soul to Take,25000000.0,14744435.0,16727470.0,2010,tt0872230,107.0,"Horror,Mystery,Thriller",4.8,18381,Uni.,6200000.0,-0.3309012,-8.27253,0.29602135364358123
74,2011-09-09,Warrior,25000000.0,13657115.0,24215385.0,2011,tt1291584,140.0,"Drama,Sport",8.2,403755,LGF,9400000.0,-0.0313846,-0.784615,0.40768326826665
76,2017-09-22,Battle of the Sexes,25000000.0,12638526.0,18445379.0,2017,tt4622512,121.0,"Biography,Comedy,Drama",6.7,43245,FoxS,,-0.26218484,-6.554621,
78,2015-11-13,The 33,25000000.0,12227722.0,28400715.0,2015,tt2006295,127.0,"Biography,Drama,History",6.9,32263,WB,12700000.0,0.1360286,3.400715,0.5094729474277674
8,2017-09-01,Tulip Fever,25000000.0,2455635.0,6792768.0,2017,tt0491203,105.0,"Drama,History,Romance",6.2,15037,Wein.,5900000.0,-0.72828928,-18.207232,0.7061103075948147
10,2015-11-20,Legend,25000000.0,1872994.0,42425450.0,2015,tt3569230,132.0,"Biography,Crime,Drama",7.0,138947,Uni.,41100000.0,0.697018,17.42545,0.9564146263581262
36,2014-06-20,Think Like a Man Too,24000000.0,65028687.0,70027933.0,2014,tt2239832,106.0,"Comedy,Romance",5.8,18533,SGem,5000000.0,1.9178305416666668,46.027933,0.07139931097094537
37,2016-12-16,Fences,24000000.0,57682904.0,64282881.0,2016,tt2671706,139.0,Drama,7.2,86749,Par.,6700000.0,1.678453375,40.282881,0.10406489275475987
52,2010-08-20,Piranha 3D,24000000.0,25003155.0,83660160.0,2010,tt0464154,88.0,"Comedy,Horror",5.4,81327,W/Dim.,58200000.0,2.48584,59.66016,0.6994927055350245
53,2010-11-24,Faster,24000000.0,23240020.0,35792945.0,2010,tt1433108,98.0,"Action,Crime,Drama",6.5,93618,CBS,12400000.0,0.49137270833333335,11.792945,0.34792348601375644
58,2011-09-16,I Don't Know How She Does It,24000000.0,9659074.0,24474463.0,2011,tt1742650,89.0,"Comedy,Romance",4.9,18552,Wein.,20900000.0,0.019769291666666668,0.474463,0.6839212470901441
60,2013-12-20,Dhoom 3,24000000.0,8031955.0,11723620.0,2013,tt1833673,172.0,"Action,Thriller",5.4,40466,Yash,80000000.0,-0.5115158333333333,-12.27638,0.9087609152835467
71,2018-11-16,Green Book,23000000.0,85080171.0,322034439.0,2018,tt6966692,130.0,"Biography,Comedy,Drama",8.3,204972,Uni.,234700000.0,13.001497347826087,299.034439,0.7339416927136486
73,2015-01-16,The Wedding Ringer,23000000.0,64460211.0,80171596.0,2015,tt0884732,101.0,Comedy,6.7,66893,SGem,15300000.0,2.4857215652173914,57.171596,0.19182496896855
76,2011-10-07,The Ides of March,23000000.0,40962534.0,77735925.0,2011,tt1124035,101.0,"Drama,Thriller",7.1,207417,Sony,35000000.0,2.3798228260869565,54.735925,0.46075345511775584
78,2018-10-05,The Hate U Give,23000000.0,29719483.0,35067665.0,2018,tt5580266,133.0,"Crime,Drama",7.3,17583,Fox,5200000.0,0.5246810869565217,12.067665,0.14891400310823616
3,2016-11-18,Nocturnal Animals,22500000.0,10663357.0,32398681.0,2016,tt4550098,116.0,"Drama,Thriller",7.5,205240,Focus,19600000.0,0.43994137777777775,9.898681,0.6476479129529483
11,2014-02-28,Son of God,22000000.0,59700064.0,70949793.0,2014,tt3210686,138.0,"Biography,Drama,History",5.8,17606,Fox,8100000.0,2.224990590909091,48.949793,0.11946891377565662
13,2014-08-08,The Hundred-Foot Journey,22000000.0,54235441.0,94270488.0,2014,tt2980648,122.0,"Comedy,Drama",7.3,69562,BV,34600000.0,3.285022181818182,72.270488,0.38948419246323096
17,2012-08-03,Diary of a Wimpy Kid: Dog Days,22000000.0,49008662.0,77229695.0,2012,tt2023453,94.0,"Comedy,Family",6.3,19571,Fox,28100000.0,2.510440681818182,55.229695,0.3644207962005617
21,2013-11-22,Delivery Man,22000000.0,30659817.0,70536870.0,2013,tt2387559,105.0,"Comedy,Drama",6.4,70706,BV,19300000.0,2.2062213636363635,48.53687,0.38631046226610477
22,2016-02-05,"Hail, Caesar!",22000000.0,30080225.0,64160680.0,2016,tt0475290,106.0,"Comedy,Drama,Music",6.3,111422,Uni.,33100000.0,1.9163945454545455,42.16068,0.5238981026104291
27,2017-05-19,Diary of a Wimpy Kid: The Long Haul,22000000.0,20738724.0,35609577.0,2017,tt6003368,91.0,"Comedy,Family",4.4,5635,Fox,19400000.0,0.6186171363636364,13.609577,0.48332378478199756
29,2013-11-27,Homefront,22000000.0,20158492.0,51695362.0,2013,tt2312718,100.0,"Action,Thriller",6.5,98549,ORF,22900000.0,1.3497891818181817,29.695362,0.5318346959294348
29,2013-11-27,Homefront,22000000.0,20158492.0,51695362.0,2013,tt2558484,111.0,Drama,7.7,17,ORF,22900000.0,1.3497891818181817,29.695362,0.5318346959294348
34,2015-09-04,The Transporter Refueled,22000000.0,16029670.0,69698495.0,2015,tt2938956,96.0,"Action,Adventure,Crime",5.2,36201,EC,56600000.0,2.168113409090909,47.698495,0.779295844246573
40,2017-11-17,"Roman J. Israel, Esq.",22000000.0,11962712.0,12967012.0,2017,tt6000478,122.0,"Crime,Drama,Thriller",6.4,23632,Sony,1100000.0,-0.41059036363636364,-9.032988,0.08420915962933272
41,2013-12-04,Out of the Furnace,22000000.0,11330849.0,15434375.0,2013,tt1206543,116.0,"Crime,Drama,Thriller",6.8,99037,Rela.,4300000.0,-0.2984375,-6.565625,0.2750970212814416
44,2017-12-08,Just Getting Started,22000000.0,6069605.0,6756412.0,2017,tt5721088,91.0,"Action,Comedy",4.4,4829,BG,1600000.0,-0.6928903636363636,-15.243588,0.20861569794011556
50,2010-10-08,Stone,22000000.0,1810078.0,4065020.0,2010,tt1423995,105.0,"Drama,Thriller",5.4,38667,Over.,7700000.0,-0.8152263636363636,-17.93498,0.8096673865345794
58,2012-06-22,To Rome with Love,21500000.0,16684352.0,74326015.0,2012,tt1859650,112.0,"Comedy,Music,Romance",6.3,79381,SPC,56600000.0,2.457023953488372,52.826015,0.7723340447903531
59,2012-11-16,Silver Linings Playbook,21000000.0,132092958.0,236412453.0,2012,tt1045658,122.0,"Comedy,Drama,Romance",7.7,621018,Wein.,104300000.0,10.257735857142857,215.412453,0.44121449675332547
60,2018-04-06,Blockers,21000000.0,60311495.0,94045328.0,2018,tt2531344,102.0,Comedy,6.2,57142,Uni.,33700000.0,3.4783489523809523,73.045328,0.3584668023841127
67,2010-11-05,For Colored Girls,21000000.0,37729698.0,38017873.0,2010,tt1405500,133.0,Drama,6.1,6728,LGF,17300.0,0.8103749047619048,17.017873,0.00045831459232864027
79,2011-05-06,The Beaver,21000000.0,970816.0,5046038.0,2011,tt1321860,91.0,Drama,6.7,45173,Sum.,6300000.0,-0.7597124761904762,-15.953962,0.8664777103422779
92,2016-12-09,La La Land,20000000.0,151101803.0,426351163.0,2016,tt3783958,128.0,"Comedy,Drama,Music",8.0,436070,LG/S,295000000.0,20.31755815,406.351163,0.6612840343081958
93,2013-07-19,The Conjuring,20000000.0,137400141.0,318000141.0,2013,tt1457767,112.0,"Horror,Mystery,Thriller",7.5,397233,WB (NL),182100000.0,14.90000705,298.000141,0.5699528001147267
95,2017-11-17,Wonder,20000000.0,132422809.0,304604712.0,2017,tt2543472,113.0,"Drama,Family",8.0,111632,LGF,173500000.0,14.2302356,284.604712,0.5671365288751647
99,2016-07-29,Bad Moms,20000000.0,113257297.0,180998716.0,2016,tt4651520,100.0,Comedy,6.2,100952,STX,70700000.0,8.0499358,160.998716,0.38432832593751365
3,2014-07-02,Tammy,20000000.0,84525432.0,96407655.0,2014,tt2103254,97.0,"Comedy,Romance",4.9,44345,WB (NL),16000000.0,3.82038275,76.407655,0.15916370297219912
5,2011-11-16,The Descendants,20000000.0,82624961.0,175507800.0,2011,tt1033575,115.0,"Comedy,Drama",7.3,223464,FoxS,94700000.0,7.77539,155.5078,0.5340477700711295
15,2010-03-31,The Last Song,20000000.0,62950384.0,92678948.0,2010,tt1294226,107.0,"Drama,Music,Romance",6.0,74914,BV,26100000.0,3.6339474,72.678948,0.2930925036774687
18,2013-10-18,12 Years a Slave,20000000.0,56671993.0,181025343.0,2013,tt2024544,134.0,"Biography,Drama,History",8.1,577301,FoxS,131100000.0,8.05126715,161.025343,0.6981871891832133
20,2016-06-03,Me Before You,20000000.0,56245075.0,208265198.0,2016,tt2674426,106.0,"Drama,Romance",7.4,174567,WB (NL),152100000.0,9.4132599,188.265198,0.7300388550101317
22,2016-04-15,Barbershop: The Next Cut,20000000.0,54030051.0,54404202.0,2016,tt3628584,111.0,"Comedy,Drama",5.9,13306,WB (NL),1000000.0,1.7202101,34.404202,0.018171889391852464
24,2018-09-14,A Simple Favor,20000000.0,53548586.0,97628717.0,2018,tt7040874,117.0,"Comedy,Crime,Drama",6.9,83338,LGF,44100000.0,3.88143585,77.628717,0.4516194428048349
34,2015-11-06,Spotlight,20000000.0,45055776.0,92088460.0,2015,tt1895587,129.0,"Crime,Drama",8.1,365110,ORF,53200000.0,3.604423,72.08846,0.5414439961270063
34,2015-11-06,Spotlight,20000000.0,45055776.0,92088460.0,2015,tt7785302,99.0,Drama,8.0,12,ORF,53200000.0,3.604423,72.08846,0.5414439961270063
39,2017-11-17,The Star,20000000.0,40847995.0,62758010.0,2017,tt4587656,86.0,"Adventure,Animation,Comedy",6.1,5159,Sony,22000000.0,2.1379005,42.75801,0.35005094434595724
43,2016-07-27,Nerve,20000000.0,38583626.0,70652284.0,2016,tt3531824,96.0,"Action,Adventure,Crime",6.5,102782,LGF,46700000.0,2.5326142,50.652284,0.5475845973059353
48,2016-02-19,Risen,20000000.0,36880033.0,46255763.0,2016,tt3231054,107.0,"Action,Adventure,Drama",6.3,22813,Sony,9200000.0,1.31278815,26.255763,0.19965263479737524
49,2010-08-18,Vampires Suck,20000000.0,36661504.0,81424988.0,2010,tt1666186,82.0,Comedy,3.4,43984,Fox,43900000.0,3.0712494,61.424988,0.544925278455576
51,2010-09-01,The American,20000000.0,35606376.0,67950723.0,2010,tt1440728,105.0,"Crime,Drama,Thriller",6.3,86863,Focus,32299999.0,2.39753615,47.950723,0.4756548851267646
53,2011-11-04,A Very Harold & Kumar 3D Christmas,20000000.0,35061031.0,36265745.0,2011,tt1268799,90.0,"Adventure,Comedy",6.3,62151,WB,326000.0,0.81328725,16.265745,0.00921241457075051
55,2013-01-04,Texas Chainsaw 3D,20000000.0,34341945.0,47666013.0,2013,tt1572315,92.0,"Horror,Thriller",4.8,41784,LGF,12900000.0,1.38330065,27.666013,0.27306242365762035
62,2010-03-12,She's Out of My League,20000000.0,32010860.0,48680977.0,2010,tt0815236,104.0,"Comedy,Romance",6.4,117245,Par.,17800000.0,1.43404885,28.680977,0.3573517903525456
76,2013-08-23,The World's End,20000000.0,26004851.0,47508505.0,2013,tt1213663,109.0,"Action,Comedy,Sci-Fi",7.0,235308,Focus,20100000.0,1.37542525,27.508505,0.43596280139805677
78,2010-09-24,You Again,20000000.0,25702053.0,32838945.0,2010,tt1414382,105.0,"Comedy,Family,Romance",5.8,46690,BV,6300000.0,0.64194725,12.838945,0.19686237004857157
81,2018-12-25,On the Basis of Sex,20000000.0,24622687.0,38073377.0,2018,tt4669788,120.0,"Biography,Drama",6.9,12083,Focus,13600000.0,0.90366885,18.073377,0.3558096268846824
84,2011-07-01,Monte Carlo,20000000.0,23186769.0,39686769.0,2011,tt1067774,109.0,"Adventure,Comedy,Family",5.8,38731,Fox,16500000.0,0.98433845,19.686769,0.41575568925754575
87,2017-06-16,Rough Night,20000000.0,22105643.0,46844357.0,2017,tt4799050,101.0,"Comedy,Crime,Thriller",5.2,39447,Sony,25200000.0,1.34221785,26.844357,0.5327060029603656
22,2012-04-13,Lockout,20000000.0,14326865.0,33943049.0,2012,tt1592525,95.0,"Action,Sci-Fi,Thriller",6.1,89554,FD,17900000.0,0.69715245,13.943049,0.5554372105384746
24,2011-09-30,What's Your Number?,20000000.0,14011084.0,30163785.0,2011,tt0770703,106.0,"Comedy,Romance",6.1,67922,Fox,16399999.0,0.50818925,10.163785,0.5392770458059649
27,2015-10-30,Burnt,20000000.0,13651946.0,36773510.0,2015,tt2503944,101.0,"Comedy,Drama",6.6,95988,Wein.,23000000.0,0.8386755,16.77351,0.6275246613099342
33,2016-02-26,Triple 9,20000000.0,12639297.0,25943792.0,2016,tt1712261,115.0,"Crime,Thriller",6.3,60369,ORF,10500000.0,0.2971896,5.943792,0.45377350919520154
34,2016-09-02,The Light Between Oceans,20000000.0,12545979.0,22281732.0,2016,tt2547584,133.0,"Drama,Romance",7.2,46247,BV,13400000.0,0.1140866,2.281732,0.516457675387774
38,2010-10-01,Let Me In,20000000.0,12134935.0,28270399.0,2010,tt1228987,116.0,"Drama,Fantasy,Horror",7.1,107012,Over.,12000000.0,0.41351995,8.270399,0.49720457088448755
51,2013-09-20,Battle of the Year,20000000.0,8888355.0,16723377.0,2013,tt1532958,110.0,"Drama,Music",5.1,8769,SGem,7700000.0,-0.16383115,-3.276623,0.46418104748783107
56,2014-12-12,Inherent Vice,20000000.0,8110975.0,14772346.0,2014,tt1791528,148.0,"Comedy,Crime,Drama",6.7,83346,WB,6600000.0,-0.2613827,-5.227654,0.4486446343631201
58,2013-10-11,Machete Kills,20000000.0,8008161.0,18273009.0,2013,tt2002718,107.0,"Action,Crime,Sci-Fi",5.6,69968,ORF,7000000.0,-0.08634955,-1.726991,0.4664129069510915
65,2015-04-24,Little Boy,20000000.0,6485961.0,17769299.0,2015,tt1810683,106.0,"Drama,History,War",7.4,20945,ORF,,-0.11153505,-2.230701,
67,2012-10-26,Chasing Mavericks,20000000.0,6002756.0,8300821.0,2012,tt1629757,116.0,"Biography,Drama,Sport",7.2,28994,Fox,600.0,-0.58495895,-11.699179,9.994409793455527e-05
68,2014-12-31,A Most Violent Year,20000000.0,5749134.0,8846875.0,2014,tt2937898,125.0,"Crime,Drama,Thriller",7.0,60165,A24,6300000.0,-0.55765625,-11.153125,0.522859153197234
69,2011-11-23,A Dangerous Method,20000000.0,5702083.0,14807531.0,2011,tt1571222,99.0,"Biography,Drama,Romance",6.4,93259,SPC,21800000.0,-0.25962345,-5.192469,0.7926672317874977
74,2016-08-26,Hands of Stone,20000000.0,4712792.0,5031975.0,2016,tt1781827,111.0,"Action,Biography,Drama",6.6,12851,Wein.,,-0.74840125,-14.968025,
78,2012-09-07,The Cold Light of Day,20000000.0,3763583.0,25361206.0,2012,tt1366365,93.0,"Action,Thriller",4.9,33039,LG/S,13100000.0,0.2680603,5.361206,0.7768218651991098
81,2018-10-26,Suspiria,20000000.0,2483472.0,7034615.0,2018,tt1034415,152.0,"Fantasy,Horror,Mystery",6.8,37360,Amazon,5400000.0,-0.64826925,-12.965385,0.6849773805247231
96,2010-12-03,All Good Things,20000000.0,582024.0,873617.0,2010,tt1175709,101.0,"Crime,Drama,Mystery",6.3,49684,Magn.,62500.0,-0.95631915,-19.126383,0.09697078774413366
97,2015-11-13,By the Sea,20000000.0,538460.0,3727746.0,2015,tt3707106,122.0,"Drama,Romance",5.3,16206,Uni.,2800000.0,-0.8136127,-16.272254,0.8387100639216885
1,2010-12-10,The Tempest,20000000.0,277943.0,277943.0,2010,tt1274300,110.0,"Comedy,Drama,Fantasy",5.4,7073,Mira.,68700.0,-0.98610285,-19.722057,0.19818660697028354
1,2010-12-10,The Tempest,20000000.0,277943.0,277943.0,2010,tt1683003,131.0,Drama,7.8,94,Mira.,68700.0,-0.98610285,-19.722057,0.19818660697028354
19,2017-12-01,The Shape of Water,19500000.0,63859435.0,195790794.0,2017,tt5580390,123.0,"Adventure,Drama,Fantasy",7.3,308112,FoxS,131400000.0,9.040553538461538,176.290794,0.6729508358968671
23,2011-07-29,The Devil's Double,19100000.0,1361512.0,5965646.0,2011,tt1270262,109.0,"Biography,Drama,Thriller",7.1,58342,LGF,,-0.6876625130890053,-13.134354,
27,2011-06-24,Bad Teacher,19000000.0,100292856.0,215448997.0,2011,tt1284575,92.0,"Comedy,Romance",5.7,181189,Sony,115900000.0,10.339420894736842,196.448997,0.536095420285303
28,2016-08-12,Sausage Party,19000000.0,97670358.0,141344255.0,2016,tt1700841,89.0,"Adventure,Animation,Comedy",6.2,159111,Sony,43000000.0,6.439171315789474,122.344255,0.3056791822481891
36,2010-02-26,The Crazies,19000000.0,39123589.0,56445534.0,2010,tt0455407,101.0,"Horror,Thriller",6.5,104465,Over.,15700000.0,1.9708175789473685,37.445534,0.2863730792962132
39,2010-08-20,The Switch,19000000.0,27758465.0,49858465.0,2010,tt0889573,101.0,"Comedy,Drama,Romance",6.1,90661,Mira.,22100000.0,1.6241297368421053,30.858465,0.4432547211391285
40,2010-01-08,Leap Year,19000000.0,25918920.0,32618920.0,2010,tt1216492,100.0,"Comedy,Romance",6.5,86125,Uni.,6700000.0,0.7167852631578947,13.61892,0.20540226347162935
40,2010-01-08,Leap Year,19000000.0,25918920.0,32618920.0,2010,tt1537401,94.0,"Drama,Romance",5.9,2211,Uni.,6700000.0,0.7167852631578947,13.61892,0.20540226347162935
41,2013-11-08,The Book Thief,19000000.0,21488481.0,76086711.0,2013,tt0816442,131.0,"Drama,War",7.6,119023,Fox,55100000.0,3.004563736842105,57.086711,0.719429335594213
48,2011-03-04,Take Me Home Tonight,19000000.0,6928068.0,7576604.0,2011,tt0810922,97.0,"Comedy,Drama,Romance",6.3,48393,Rela.,,-0.6012313684210526,-11.423396,
49,2012-09-28,Won't Back Down,19000000.0,5310554.0,5745503.0,2012,tt1870529,121.0,Drama,6.4,5915,Fox,,-0.6976051052631579,-13.254497,
64,2014-05-09,Neighbors,18000000.0,150086800.0,270944428.0,2014,tt2004420,97.0,Comedy,6.3,266020,Uni.,120500000.0,14.052468222222222,252.944428,0.44532844913351277
77,2016-03-25,My Big Fat Greek Wedding 2,18000000.0,59689605.0,92096558.0,2016,tt3760922,94.0,"Comedy,Romance",6.0,25933,Uni.,29200000.0,4.116475444444444,74.096558,0.32849735354319554
78,2015-09-11,The Perfect Guy,18000000.0,57027435.0,60278166.0,2015,tt3862750,100.0,"Crime,Drama,Horror",5.6,8998,SGem,3200000.0,2.348787,42.278166,0.05313193231622765
80,2011-03-25,Diary of a Wimpy Kid: Rodrick Rules,18000000.0,52698535.0,73695194.0,2011,tt1650043,99.0,"Comedy,Family",6.6,23135,Fox,19700000.0,3.0941774444444445,55.695194,0.27210495350492936
83,2011-04-08,Soul Surfer,18000000.0,43853424.0,47158652.0,2011,tt1596346,112.0,"Biography,Drama,Family",7.1,41659,TriS,3200000.0,1.619925111111111,29.158652,0.06800780321534093
85,2018-06-29,Uncle Drew,18000000.0,42469946.0,46527161.0,2018,tt7334528,103.0,"Comedy,Sport",5.7,9739,LG/S,4200000.0,1.5848422777777778,28.527161,0.08999367601582398
90,2013-07-26,Blue Jasmine,18000000.0,33404871.0,102912961.0,2013,tt2334873,98.0,Drama,7.3,179453,SPC,64099999.0,4.717386722222222,84.912961,0.6574030507399271
95,2015-08-07,Ricki and the Flash,18000000.0,26839498.0,41166033.0,2015,tt3623726,101.0,"Comedy,Drama,Music",5.9,20932,TriS,14500000.0,1.2870018333333333,23.166033,0.35075413833036867
98,2015-11-13,Love the Coopers,18000000.0,26302731.0,42227490.0,2015,tt2279339,107.0,"Comedy,Fantasy,Romance",5.8,18018,LGF,16100000.0,1.3459716666666666,24.22749,0.37969252499326045
6,2010-11-05,127 Hours,18000000.0,18335230.0,60217171.0,2010,tt1542344,94.0,"Adventure,Biography,Drama",7.6,323949,FoxS,42400000.0,2.345398388888889,42.217171,0.6981121171353101
9,2016-01-15,Norm of the North,18000000.0,17062499.0,30535660.0,2016,tt1594972,90.0,"Adventure,Animation,Comedy",3.6,7951,LGF,,0.6964255555555555,12.53566,
11,2013-08-16,Jobs,18000000.0,16131410.0,43402515.0,2013,tt2357129,128.0,"Biography,Drama",5.9,88788,ORF,19800000.0,1.4112508333333333,25.402515,0.5510499031348896
14,2014-07-25,And So It Goes,18000000.0,15160801.0,17920013.0,2014,tt2465146,94.0,"Comedy,Drama,Romance",5.8,11597,CE,10200000.0,-0.004443722222222222,-0.079987,0.4021954984781435
35,2016-03-18,Midnight Special,18000000.0,3712282.0,7680250.0,2016,tt2649554,112.0,"Action,Drama,Mystery",6.6,67921,WB,2500000.0,-0.5733194444444445,-10.31975,0.4024286083600197
36,2016-11-25,Miss Sloane,18000000.0,3500605.0,7719630.0,2016,tt4540710,132.0,"Drama,Thriller",7.5,52788,EC,5600000.0,-0.5711316666666667,-10.28037,0.6153437051712496
37,2013-09-27,Metallica Through the Never,18000000.0,3419967.0,9082906.0,2013,tt2172935,93.0,Music,7.2,15592,PH,4600000.0,-0.4953941111111111,-8.917094,0.5735684448576908
51,2014-11-14,Wolves,18000000.0,0.0,94953.0,2014,tt1403241,91.0,"Action,Fantasy,Horror",5.3,7312,KE,,-0.9947248333333333,-17.905047,
63,2013-11-27,Black Nativity,17500000.0,7018188.0,7285135.0,2013,tt1425922,93.0,"Drama,Family,Music",4.6,1901,FoxS,436000.0,-0.5837065714285714,-10.214865,0.05849060957410787
66,2018-04-06,A Quiet Place,17000000.0,188024361.0,334522294.0,2018,tt6644200,90.0,"Drama,Horror,Sci-Fi",7.6,305031,Par.,152900000.0,18.677782,317.522294,0.44848657793627134
73,2013-11-15,The Best Man Holiday,17000000.0,70525195.0,72835710.0,2013,tt2083355,123.0,"Comedy,Drama",6.7,13967,Uni.,2300000.0,3.2844535294117647,55.83571,0.031582476366867264
75,2012-09-28,Pitch Perfect,17000000.0,65001093.0,116044347.0,2012,tt1981677,112.0,"Comedy,Music,Romance",7.2,256565,Uni.,50300000.0,5.826138058823529,99.044347,0.4362491169099325
80,2015-02-20,"McFarland, USA",17000000.0,44480275.0,45707924.0,2015,tt2097298,129.0,"Biography,Drama,Sport",7.4,31735,BV,1200000.0,1.688701411764706,28.707924,0.02626954413037137
81,2016-11-11,Almost Christmas,17000000.0,42065185.0,42493506.0,2016,tt4649416,111.0,"Comedy,Drama",6.1,5212,Uni.,422000.0,1.499618,25.493506,0.00993240667744874
87,2011-03-04,Beastly,17000000.0,27865571.0,38028230.0,2011,tt1152398,86.0,"Drama,Fantasy,Romance",5.6,72599,CBS,15300000.0,1.236954705882353,21.02823,0.35444915115335784
4,2012-08-24,The Apparition,17000000.0,4936819.0,10637281.0,2012,tt1433822,83.0,"Horror,Thriller",4.1,18112,WB,4700000.0,-0.3742775882352941,-6.362719,0.48771280232616177
10,2016-06-10,Genius,17000000.0,1361045.0,7265283.0,2016,tt1703957,104.0,"Biography,Drama",6.6,15611,RAtt.,4300000.0,-0.5726304117647059,-9.734717,0.7595770745507234
17,2016-03-11,The Young Messiah,16800000.0,6469813.0,7313697.0,2016,tt1002563,111.0,"Drama,Fantasy",5.6,2882,Focus,,-0.5646608928571428,-9.486303,
33,2012-05-25,Moonrise Kingdom,16000000.0,45512466.0,68848446.0,2012,tt1748122,94.0,"Adventure,Comedy,Drama",7.8,291750,Focus,22800000.0,3.303027875,52.848446,0.33376045888901157
34,2011-11-25,The Artist,16000000.0,44667095.0,128256712.0,2011,tt1655442,100.0,"Comedy,Drama,Romance",7.9,217184,Wein.,88800000.0,7.0160445,112.256712,0.6653325300891579
34,2011-11-25,The Artist,16000000.0,44667095.0,128256712.0,2011,tt1825978,100.0,Thriller,6.8,6,Wein.,88800000.0,7.0160445,112.256712,0.6653325300891579
39,2011-02-04,The Roommate,16000000.0,37300107.0,52545707.0,2011,tt1265990,91.0,"Drama,Thriller",4.9,33062,SGem,3200000.0,2.2841066875,36.545707,0.0790121369308975
51,2010-03-12,Remember Me,16000000.0,19068240.0,56506120.0,2010,tt1403981,113.0,"Drama,Romance",7.1,129443,Sum.,37000000.0,2.5316325,40.50612,0.6599101380746034
60,2012-06-29,People Like Us,16000000.0,12431792.0,12617472.0,2012,tt1716777,114.0,"Comedy,Drama",7.1,39618,BV,,-0.211408,-3.382528,
65,2016-11-18,Bleed for This,16000000.0,5083906.0,6603926.0,2016,tt1620935,117.0,"Biography,Drama,Sport",6.8,21946,ORF,,-0.587254625,-9.396074,
70,2014-11-14,The Homesman,16000000.0,2429989.0,8217571.0,2014,tt2398231,122.0,"Drama,Western",6.6,27724,Saban,,-0.4864018125,-7.782429,
71,2013-04-05,Trance,16000000.0,2322593.0,22594052.0,2013,tt1924429,101.0,"Crime,Drama,Mystery",6.9,104951,FoxS,21900000.0,0.41212825,6.594052,0.9041146007778771
83,2018-12-21,Second Act,15700000.0,39282227.0,63288854.0,2018,tt2126357,103.0,"Comedy,Drama,Romance",5.8,13109,STX,33000000.0,3.0311371974522294,47.588854,0.45654376420914644
2,2017-08-11,Annabelle: Creation,15000000.0,102092201.0,305384865.0,2017,tt5140878,109.0,"Horror,Mystery,Thriller",6.5,90402,WB (NL),204400000.0,19.358991,290.384865,0.6669011457162657
6,2014-11-28,The Imitation Game,15000000.0,91125143.0,227740463.0,2014,tt2084970,114.0,"Biography,Drama,Thriller",8.0,620834,Wein.,142400000.0,14.182697533333334,212.740463,0.6097844462084324
9,2013-01-18,Mama,15000000.0,71628180.0,148095566.0,2013,tt2023587,100.0,"Horror,Thriller",6.2,158487,Uni.,74800000.0,8.873037733333334,133.095566,0.5108306338301821
13,2010-03-19,Diary of a Wimpy Kid,15000000.0,64003625.0,76954311.0,2010,tt1196141,94.0,"Comedy,Drama,Family",6.2,38640,Fox,11700000.0,4.1302874,61.954311,0.15455006282724243
18,2012-02-03,The Woman in Black,15000000.0,54333290.0,128955898.0,2012,tt1596365,95.0,"Drama,Fantasy,Horror",6.4,165357,CBS,73400000.0,7.597059866666667,113.955898,0.5746348504763323
21,2018-08-10,BlacKkKlansman,15000000.0,49275340.0,93017335.0,2018,tt7349662,135.0,"Biography,Crime,Drama",7.5,149005,Focus,44000000.0,5.201155666666667,78.017335,0.471721679063298
26,2013-02-22,Snitch,15000000.0,42930462.0,57907734.0,2013,tt0882977,112.0,"Action,Drama,Thriller",6.5,78142,LG/S,,2.8605156,42.907734,
28,2015-12-04,Krampus,15000000.0,42725475.0,61788393.0,2015,tt3850590,98.0,"Comedy,Fantasy,Horror",6.2,55400,Uni.,18800000.0,3.1192262,46.788393,0.3055644836549413
29,2012-09-21,End of Watch,15000000.0,41003371.0,57586606.0,2012,tt1855199,109.0,"Action,Crime,Drama",7.6,211308,ORF,7100000.0,2.8391070666666667,42.586606,0.14759880341857953
35,2014-11-07,The Theory of Everything,15000000.0,35893537.0,123327692.0,2014,tt2980516,123.0,"Biography,Drama,Romance",7.7,361534,Focus,87800000.0,7.221846133333333,108.327692,0.7098188161601362
39,2018-11-23,The Favourite,15000000.0,34366783.0,94113929.0,2018,tt5083738,119.0,"Biography,Drama,History",7.6,116011,FoxS,61600000.0,5.274261933333333,79.113929,0.6418887668663438
50,2014-08-22,When the Game Stands Tall,15000000.0,30127963.0,30138912.0,2014,tt2247476,115.0,"Drama,Family,Sport",6.7,14498,TriS,,1.0092608,15.138912,
57,2017-09-08,Home Again,15000000.0,27020284.0,37336874.0,2017,tt5719700,97.0,"Comedy,Drama,Romance",5.8,22614,ORF,,1.4891249333333334,22.336874,
60,2010-07-23,Ramona and Beezus,15000000.0,26167002.0,27469621.0,2010,tt0493949,103.0,"Adventure,Comedy,Family",6.6,16086,Fox,1100000.0,0.8313080666666667,12.469621,0.04034180215338672
61,2014-08-27,The November Man,15000000.0,25018119.0,34820335.0,2014,tt2402157,108.0,"Action,Crime,Thriller",6.3,59293,Rela.,7500000.0,1.3213556666666666,19.820335,0.23064064683446173
70,2016-04-29,Keanu,15000000.0,20591853.0,20688141.0,2016,tt4139124,100.0,"Action,Comedy,Crime",6.3,41560,WB (NL),,0.3792094,5.688141,
71,2010-12-22,Country Strong,15000000.0,20218921.0,20601987.0,2010,tt1555064,117.0,"Drama,Music",6.3,16296,SGem,310000.0,0.3734658,5.601987,0.015100647520636862
76,2014-07-25,A Most Wanted Man,15000000.0,17237855.0,36068890.0,2014,tt1972571,122.0,"Crime,Drama,Thriller",6.8,67914,RAtt.,19000000.0,1.4045926666666666,21.06889,0.5243135941683083
79,2012-11-02,The Man with the Iron Fists,15000000.0,15634090.0,22018988.0,2012,tt1258972,95.0,Action,5.4,58185,Uni.,4099999.0,0.46793253333333334,7.018988,0.20776226356331928
82,2012-11-30,Killing Them Softly,15000000.0,14945541.0,39238443.0,2012,tt1764234,97.0,"Crime,Thriller",6.2,124086,Wein.,22900000.0,1.6158962,24.238443,0.6050910991072899
84,2011-08-19,One Day,15000000.0,13843771.0,59168692.0,2011,tt1563738,107.0,"Drama,Romance",7.0,128094,Focus,45500000.0,2.9445794666666667,44.168692,0.766719054641809
6,2016-09-23,Queen of Katwe,15000000.0,8874389.0,10055481.0,2016,tt4341582,124.0,"Biography,Drama,Sport",7.4,13039,BV,1500000.0,-0.3296346,-4.944519,0.1445868281977859
15,2018-06-08,Hotel Artemis,15000000.0,6708137.0,12758799.0,2018,tt5834262,94.0,"Action,Drama,Sci-Fi",6.1,30586,Global Road,6000000.0,-0.1494134,-2.241201,0.472138441692909
25,2015-10-30,Scouts Guide to the Zombie Apocalypse,15000000.0,3703046.0,15554855.0,2015,tt1727776,93.0,"Action,Comedy,Horror",6.3,40479,Par.,12400000.0,0.03699033333333333,0.554855,0.7700406494522838
27,2010-09-22,You Will Meet a Tall Dark Stranger,15000000.0,3247816.0,34247816.0,2010,tt1182350,98.0,"Comedy,Drama,Romance",6.3,41608,SPC,31000000.0,1.2831877333333332,19.247816,0.9051672083265105
29,2010-09-15,Never Let Me Go,15000000.0,2434652.0,11173718.0,2010,tt1334260,103.0,"Drama,Romance,Sci-Fi",7.1,130084,FoxS,7000000.0,-0.25508546666666665,-3.826282,0.7419457548619706
30,2016-09-09,The Disappointments Room,15000000.0,2423467.0,3503761.0,2016,tt2364897,85.0,"Drama,Horror,Thriller",3.9,8167,Rela.,,-0.7664159333333334,-11.496239,
46,2010-08-27,Centurion,15000000.0,123570.0,7885048.0,2010,tt1020558,97.0,"Action,Adventure,Drama",6.4,74085,Magn.,6700000.0,-0.47433013333333335,-7.114952,0.9818907111673215
51,2011-11-04,The Son of No One,15000000.0,30680.0,1148578.0,2011,tt1535612,90.0,"Action,Crime,Drama",5.1,15743,Anch.,,-0.9234281333333333,-13.851422,
54,2013-12-06,Khumba,15000000.0,0.0,20898221.0,2013,tt1487931,85.0,"Adventure,Animation,Family",5.7,4984,MNE,27200000.0,0.39321473333333334,5.898221,1.0
66,2015-07-01,Magic Mike XXL,14500000.0,66013057.0,123660597.0,2015,tt2268016,115.0,"Comedy,Drama,Music",5.6,48497,WB,56500000.0,7.528317034482758,109.160597,0.46117533415234263
81,2012-08-31,The Possession,14000000.0,49130588.0,82925064.0,2012,tt0431021,92.0,"Horror,Mystery,Thriller",5.9,53649,LGF,36300000.0,4.9232188571428575,68.925064,0.42490635789607345
95,2010-03-12,Our Family Wedding,14000000.0,20255281.0,21410546.0,2010,tt1305583,103.0,"Comedy,Romance",4.9,6417,FoxS,1200000.0,0.5293247142857143,7.410546,0.055930285881597167
7,2015-02-20,Hot Tub Time Machine 2,14000000.0,12314651.0,12826644.0,2015,tt2637294,93.0,"Comedy,Mystery,Sci-Fi",5.1,34444,Par.,767000.0,-0.08381114285714286,-1.173356,0.05863174304221998
10,2012-10-26,Fun Size,14000000.0,9409538.0,11166615.0,2012,tt1663143,86.0,"Adventure,Comedy",5.4,12926,Par.,2000000.0,-0.20238464285714286,-2.833385,0.17529193557179967
16,2015-10-23,Suffragette,14000000.0,4702420.0,34044909.0,2015,tt3077214,106.0,"Biography,Drama,History",6.9,34306,Focus,11300000.0,1.4317792142857142,20.044909,0.706143195841629
18,2014-12-19,Mr. Turner,14000000.0,3958546.0,25187026.0,2014,tt2473794,150.0,"Biography,Drama,History",6.8,22661,SPC,18200000.0,0.7990732857142857,11.187026,0.8213535310484722
22,2010-08-06,Flipped,14000000.0,1755212.0,4289993.0,2010,tt0817177,90.0,"Comedy,Drama,Romance",7.7,74937,WB,,-0.6935719285714286,-9.710007,
27,2011-09-30,Margaret,14000000.0,47185.0,623292.0,2011,tt0466893,150.0,Drama,6.5,14708,FoxS,,-0.9554791428571429,-13.376708,
36,2012-10-12,Seven Psychopaths,13500000.0,15024049.0,33035736.0,2012,tt1931533,110.0,"Comedy,Crime",7.2,223493,CBS,4400000.0,1.4470915555555555,19.535736,0.22652331653405527
46,2010-12-03,Black Swan,13000000.0,106954678.0,331266710.0,2010,tt0947798,108.0,"Drama,Thriller",8.0,648854,FoxS,222400000.0,24.482054615384616,318.26671,0.6752598789563875
48,2011-02-11,Justin Bieber: Never Say Never,13000000.0,73013910.0,99034125.0,2011,tt1702443,105.0,"Documentary,Music",1.6,74978,Par.,26000000.0,6.618009615384615,86.034125,0.2625893674939208
49,2018-07-04,The First Purge,13000000.0,69488745.0,136617305.0,2018,tt6133466,98.0,"Action,Horror,Sci-Fi",5.1,41741,Uni.,67500000.0,9.509023461538462,123.617305,0.4927412102359212
50,2016-03-16,Miracles from Heaven,13000000.0,61705123.0,73798736.0,2016,tt4257926,109.0,"Biography,Drama,Family",7.1,17734,TriS,12200000.0,4.6768258461538466,60.798736,0.16507651303144438
54,2016-06-24,The Shallows,13000000.0,55121623.0,118763442.0,2016,tt4052882,86.0,"Drama,Horror,Thriller",6.3,106927,Sony,64000000.0,8.135649384615384,105.763442,0.5372660176062242
61,2014-10-10,St. Vincent,13000000.0,44137712.0,54837234.0,2014,tt2170593,102.0,"Comedy,Drama",7.3,89372,Wein.,10700000.0,3.2182487692307693,41.837234,0.19512119688728077
62,2014-07-02,Earth to Echo,13000000.0,38934842.0,42174545.0,2014,tt2183034,91.0,"Adventure,Family,Sci-Fi",5.8,17627,Rela.,6400000.0,2.2441957692307692,29.174545,0.14117177247468957
76,2013-03-22,Admission,13000000.0,18007317.0,18733666.0,2013,tt1814621,107.0,"Comedy,Drama,Romance",5.7,31849,Focus,,0.44105123076923075,5.733666,
77,2012-09-21,The Perks of Being a Wallflower,13000000.0,17742948.0,33069303.0,2012,tt1659337,103.0,Drama,8.0,422671,LG/S,15600000.0,1.5437925384615385,20.069303,0.46786504900526493
80,2015-10-16,Room,13000000.0,14677674.0,36262783.0,2015,tt3170832,118.0,"Drama,Thriller",8.2,316791,A24,20700000.0,1.7894448461538461,23.262783,0.5851147817123308
81,2015-10-16,Woodlawn,13000000.0,14394097.0,14403703.0,2015,tt4183692,123.0,"Drama,Sport",6.5,6070,PFR,,0.10797715384615385,1.403703,
86,2015-07-17,Bajrangi Bhaijaan,13000000.0,8178001.0,121778347.0,2015,tt3863552,163.0,"Action,Comedy,Drama",8.0,63747,Eros,,8.367565153846154,108.778347,
99,2015-12-04,Youth,13000000.0,2703296.0,24001573.0,2015,tt3312830,124.0,"Comedy,Drama,Music",7.3,64418,FoxS,,0.8462748461538462,11.001573,
3,2015-07-24,The Vatican Tapes,13000000.0,1784763.0,14929184.0,2015,tt1524575,91.0,"Horror,Thriller",5.0,14822,LGF,,0.14839876923076922,1.929184,
7,2011-07-29,Attack the Block,13000000.0,1024175.0,6459183.0,2011,tt1478964,88.0,"Action,Comedy,Sci-Fi",6.7,93868,SGem,4800000.0,-0.5031397692307692,-6.540817,0.8241510600213764
11,2010-06-18,The Killer Inside Me,13000000.0,217277.0,3617277.0,2010,tt0954947,109.0,"Crime,Drama,Horror",6.1,31727,IFC,3800000.0,-0.721747923076923,-9.382723,0.9459143594031479
14,2013-03-15,The Call,12800000.0,51872378.0,69821476.0,2013,tt1911644,94.0,"Crime,Drama,Horror",6.7,103780,TriS,16700000.0,4.4548028125,57.021476,0.2435382946760283
14,2013-03-15,The Call,12800000.0,51872378.0,69821476.0,2013,tt2926868,25.0,Documentary,7.9,12,TriS,16700000.0,4.4548028125,57.021476,0.2435382946760283
16,2014-09-12,The Drop,12600000.0,10724389.0,19054534.0,2014,tt1600196,106.0,"Crime,Drama",7.1,132161,FoxS,7900000.0,0.5122646031746032,6.454534,0.42417498904259354
18,2010-09-03,Machete,12500000.0,26593646.0,46370970.0,2010,tt0985694,105.0,"Action,Crime,Thriller",6.6,182320,Fox,17500000.0,2.7096776,33.87097,0.39688258031554025
28,2010-10-15,Conviction,12500000.0,6797696.0,11826980.0,2010,tt1244754,107.0,"Biography,Crime,Drama",7.2,39771,FoxS,2900000.0,-0.0538416,-0.67302,0.299040101896368
32,2010-12-17,Casino Jack,12500000.0,2039869.0,2272186.0,2010,tt1194417,108.0,"Biography,Comedy,Crime",6.2,16191,ATO,40700.0,-0.81822512,-10.227814,0.019561956368666457
37,2012-10-05,The Paperboy,12500000.0,677200.0,4027663.0,2012,tt1496422,107.0,"Crime,Drama,Mystery",5.8,33940,MNE,661000.0,-0.67778696,-8.472337,0.49394709311014795
45,2012-04-20,Think Like a Man,12000000.0,91547205.0,113373764.0,2012,tt1621045,122.0,"Comedy,Romance",6.6,41043,SGem,4500000.0,8.447813666666667,101.373764,0.046851962011804506
52,2012-02-24,Act of Valor,12000000.0,70012847.0,82497035.0,2012,tt1591479,110.0,"Action,Adventure,Drama",6.5,63787,Rela.,11300000.0,5.874752916666667,70.497035,0.138969430009012
58,2012-03-02,Project X,12000000.0,54731865.0,103028188.0,2012,tt1636826,88.0,Comedy,6.7,177782,WB,48000000.0,7.585682333333334,91.028188,0.46723575007618134
59,2017-11-10,"Three Billboards Outside Ebbing, Missouri",12000000.0,54513740.0,160191915.0,2017,tt5027774,115.0,"Crime,Drama",8.2,344047,FoxS,104700000.0,12.34932625,148.191915,0.6576065608407917
60,2016-11-25,Lion,12000000.0,51739495.0,149570720.0,2016,tt3741834,118.0,"Biography,Drama",8.1,181601,Wein.,88600000.0,11.464226666666667,137.57072,0.6313261993710324
65,2013-11-22,Philomena,12000000.0,37709979.0,98963392.0,2013,tt2431286,98.0,"Biography,Comedy,Drama",7.6,88704,Wein.,62400000.0,7.246949333333333,86.963392,0.623314484962583
68,2015-07-24,Paper Towns,12000000.0,32000304.0,85450484.0,2015,tt3622592,109.0,"Comedy,Drama,Mystery",6.3,87742,Fox,53500000.0,6.120873666666666,73.450484,0.6257287693386447
77,2016-08-12,Hell or High Water,12000000.0,27007844.0,37584304.0,2016,tt2582782,102.0,"Action,Crime,Drama",7.6,176469,LGF,10900000.0,2.1320253333333334,25.584304,0.28753943379106445
79,2012-07-05,Katy Perry: Part of Me,12000000.0,25326071.0,32700439.0,2012,tt2215719,93.0,"Documentary,Music",5.9,13034,Par.,7400000.0,1.7250365833333334,20.700439,0.22611941409037462
80,2014-12-12,Top Five,12000000.0,25317379.0,26001741.0,2014,tt2784678,102.0,"Comedy,Romance",6.4,24744,Par.,800000.0,1.16681175,14.001741,0.030630945011748692
84,2015-01-30,Project Almanac,12000000.0,22348241.0,32909437.0,2015,tt2436386,106.0,"Drama,Mystery,Sci-Fi",6.4,71500,Par.,10900000.0,1.7424530833333334,20.909437,0.3278368921832587
85,2010-05-14,Just Wright,12000000.0,21540363.0,21867665.0,2010,tt1407061,100.0,"Comedy,Romance,Sport",5.9,12466,FoxS,29900.0,0.8223054166666667,9.867665,0.0013861676141825438
91,2013-11-15,Nebraska,12000000.0,17654912.0,24761360.0,2013,tt1821549,115.0,"Adventure,Comedy,Drama",7.7,105304,Par.,10000000.0,1.0634466666666667,12.76136,0.36159941496107456
94,2011-12-09,Young Adult,12000000.0,16311571.0,22750356.0,2011,tt1625346,94.0,"Comedy,Drama",6.3,74071,Par.,6600000.0,0.895863,10.750356,0.2880640528752917
95,2013-11-01,About Time,12000000.0,15323921.0,89309178.0,2013,tt2194499,123.0,"Comedy,Drama,Fantasy",7.8,263136,Uni.,71800000.0,6.4424315,77.309178,0.8241135060943825
96,2018-12-14,If Beale Street Could Talk,12000000.0,14915773.0,19859167.0,2018,tt7125860,119.0,"Drama,Romance",7.2,25512,Annapurna,5700000.0,0.6549305833333333,7.859167,0.2764873284159658
97,2017-07-14,Wish Upon,12000000.0,14301505.0,23477345.0,2017,tt5322012,90.0,"Drama,Fantasy,Horror",5.0,14962,BG,,0.9564454166666667,11.477345,
9,2012-09-14,Arbitrage,12000000.0,7919574.0,35830713.0,2012,tt1764183,107.0,"Drama,Thriller",6.6,46774,RAtt.,27600000.0,1.98589275,23.830713,0.777036346212936
29,2013-03-01,Stoker,12000000.0,1703125.0,12034913.0,2013,tt1682180,99.0,"Drama,Thriller",6.8,97393,FoxS,10400000.0,0.0029094166666666665,0.034913,0.8592822101729926
34,2012-04-20,Darling Companion,12000000.0,793352.0,1200346.0,2012,tt1730687,103.0,"Comedy,Drama,Romance",5.1,3085,SPC,,-0.8999711666666667,-10.799654,
47,2011-08-19,5 Days of War,12000000.0,17479.0,87793.0,2011,tt1486193,113.0,"Action,Drama,War",5.6,13089,Anch.,,-0.9926839166666667,-11.912207,
60,2015-11-20,Carol,11800000.0,12711491.0,42843521.0,2015,tt2402927,118.0,"Drama,Romance",7.2,100680,Wein.,27600000.0,2.6308068644067797,31.043521,0.6846682996667129
62,2016-01-22,Dirty Grandpa,11500000.0,35593113.0,105078449.0,2016,tt1860213,102.0,Comedy,5.9,101393,LGF,58500000.0,8.137256434782609,93.578449,0.6217245676630977
68,2010-12-10,The Fighter,11000000.0,93617009.0,129262388.0,2010,tt0964517,116.0,"Biography,Drama,Sport",7.8,316539,Par.,35600000.0,10.751126181818181,118.262388,0.2755055257470013
73,2014-08-22,If I Stay,11000000.0,50474843.0,78356170.0,2014,tt1355630,107.0,"Drama,Fantasy,Music",6.8,107625,WB (NL),28400000.0,6.1232881818181815,67.35617,0.36006410814662415
79,2015-11-04,Brooklyn,11000000.0,38322743.0,62076141.0,2015,tt2381111,117.0,"Drama,Romance",7.5,117021,FoxS,23800000.0,4.643285545454545,51.076141,0.38311251001907626
81,2015-04-01,Woman in Gold,11000000.0,33307793.0,58586407.0,2015,tt2404425,109.0,"Biography,Drama,History",7.3,48501,Wein.,28300000.0,4.326037,47.586407,0.45935747122121384
83,2017-12-08,"I, Tonya",11000000.0,30014534.0,53797409.0,2017,tt5580036,120.0,"Biography,Comedy,Drama",7.5,141668,Neon,23900000.0,3.8906735454545456,42.797409,0.4432941959583663
94,2013-12-06,Inside Llewyn Davis,11000000.0,13248209.0,32943247.0,2013,tt2042568,104.0,"Drama,Music",7.5,123759,CBS,19700000.0,1.9948406363636364,21.943247,0.5979080683869645
100,2016-07-06,Sultan,11000000.0,5599781.0,72989781.0,2016,tt4832640,170.0,"Action,Drama,Sport",7.1,33371,Yash,81100000.0,5.6354346363636365,61.989781,0.9354118207057525
34,2010-04-30,Housefull,10100000.0,1183658.0,18726300.0,2010,tt1573072,144.0,Comedy,5.5,11089,Eros,1200000.0,0.8540891089108911,8.6263,0.503427924643552
42,2016-07-01,The Purge: Election Year,10000000.0,79042440.0,118514727.0,2016,tt4094724,108.0,"Action,Horror,Sci-Fi",6.0,80254,Uni.,39400000.0,10.8514727,108.514727,0.33265103285612824
43,2018-05-18,Book Club,10000000.0,68566296.0,91113683.0,2018,tt6857166,104.0,"Comedy,Drama,Romance",6.1,18728,Par.,,8.1113683,81.113683,
45,2018-01-05,Insidious: The Last Key,10000000.0,67745330.0,167885588.0,2018,tt5726086,103.0,"Horror,Mystery,Thriller",5.7,42154,Uni.,100100000.0,15.7885588,157.885588,0.5963823956257823
53,2017-11-03,Lady Bird,10000000.0,48958273.0,78610769.0,2017,tt4925292,94.0,"Comedy,Drama",7.4,177677,A24,30000000.0,6.8610769,68.610769,0.3799475198754664
56,2018-06-08,Hereditary,10000000.0,44069456.0,70133905.0,2018,tt7784604,127.0,"Drama,Horror,Mystery",7.3,151571,A24,35300000.0,6.0133905,60.133905,0.4447554736925499
57,2018-03-16,"Love, Simon",10000000.0,40826341.0,65520633.0,2018,tt5164432,110.0,"Comedy,Drama,Romance",7.6,81575,Fox,25500000.0,5.5520633,55.520633,0.38446263755149707
61,2017-10-27,Jigsaw,10000000.0,38052832.0,102445196.0,2017,tt3348730,92.0,"Crime,Horror,Mystery",5.8,57184,LGF,64900000.0,9.2445196,92.445196,0.6303857673385809
70,2017-05-19,"Everything, Everything",10000000.0,34121140.0,61603136.0,2017,tt5001718,96.0,"Drama,Romance",6.4,26811,WB,27500000.0,5.1603136,51.603136,0.4462754178192744
71,2010-09-17,Devil,10000000.0,33679655.0,63354114.0,2010,tt1314655,80.0,"Horror,Mystery,Thriller",6.2,122080,Uni.,29100000.0,5.3354114,53.354114,0.46352596235197535
73,2015-03-06,The Second Best Exotic Marigold Hotel,10000000.0,33078266.0,90384306.0,2015,tt2555736,122.0,"Comedy,Drama",6.6,28931,FoxS,52900000.0,8.0384306,80.384306,0.6152717711241118
80,2018-08-10,Slender Man,10000000.0,30564825.0,51723644.0,2018,tt5690360,93.0,"Horror,Mystery,Thriller",3.2,19650,SGem,21200000.0,4.1723644,41.723644,0.40954451212768517
85,2016-09-09,When the Bough Breaks,10000000.0,29747603.0,30768449.0,2016,tt1389139,107.0,"Crime,Drama,Horror",5.1,4729,SGem,911000.0,2.0768449,20.768449,0.02971433499432443
91,2015-08-21,Sinister 2,10000000.0,27740955.0,54104225.0,2015,tt2752772,97.0,"Horror,Mystery,Thriller",5.3,41782,Focus,25100000.0,4.4104225,44.104225,0.47501033999101644
92,2016-01-08,The Forest,10000000.0,26594261.0,40749230.0,2016,tt3387542,93.0,"Horror,Mystery,Thriller",4.8,36423,Focus,11000000.0,3.074923,30.74923,0.29259785157101503
92,2016-01-08,The Forest,10000000.0,26594261.0,40749230.0,2016,tt4982356,109.0,"Drama,Fantasy,Horror",6.5,222,Focus,11000000.0,3.074923,30.74923,0.29259785157101503
99,2010-11-12,Skyline,10000000.0,21416355.0,68264973.0,2010,tt1564585,92.0,"Action,Sci-Fi,Thriller",4.4,83710,Uni.,45400000.0,5.8264973,58.264973,0.6794743592343522
100,2017-12-01,The Disaster Artist,10000000.0,21120616.0,28717667.0,2017,tt3521126,104.0,"Biography,Comedy,Drama",7.4,111737,A24,8700000.0,1.8717667,18.717667,0.2917444763716484
1,2016-09-16,Blair Witch,10000000.0,20777061.0,38985577.0,2016,tt1540011,89.0,"Horror,Mystery,Thriller",5.0,36867,LGF,24400000.0,2.8985577,28.985577,0.5400971081319345
7,2015-10-23,Paranormal Activity: The Ghost Dimension,10000000.0,18297124.0,77959374.0,2015,tt2473510,88.0,"Horror,Mystery,Thriller",4.6,22361,Par.,60600000.0,6.7959374,67.959374,0.7680888342647318
22,2011-11-23,My Week with Marilyn,10000000.0,14597405.0,34240572.0,2011,tt1655420,99.0,"Biography,Drama",7.0,79337,Wein.,20500000.0,2.4240572,24.240572,0.5840887666766247
23,2014-12-25,Big Eyes,10000000.0,14482031.0,27317872.0,2014,tt1126590,106.0,"Biography,Crime,Drama",7.0,77447,Wein.,14800000.0,1.7317872,17.317872,0.5054294218867537
23,2014-12-25,Big Eyes,10000000.0,14482031.0,27317872.0,2014,tt4317898,,Documentary,7.2,43,Wein.,14800000.0,1.7317872,17.317872,0.5054294218867537
39,2013-01-25,Movie 43,10000000.0,8840453.0,31164747.0,2013,tt1333125,94.0,Comedy,4.3,92980,Rela.,23600000.0,2.1164747,21.164747,0.7274867585850296
40,2018-10-19,Can You Ever Forgive Me?,10000000.0,8803865.0,11752387.0,2018,tt4595882,106.0,"Biography,Comedy,Crime",7.2,29473,FoxS,,0.1752387,1.752387,
42,2010-05-21,MacGruber,10000000.0,8525600.0,8629895.0,2010,tt1470023,90.0,"Action,Comedy,Romance",5.5,39782,Uni.,797000.0,-0.1370105,-1.370105,0.08549117199064639
48,2012-06-22,Seeking a Friend for the End of the World,10000000.0,7078738.0,11766959.0,2012,tt1307068,101.0,"Adventure,Comedy,Drama",6.7,102047,Focus,2600000.0,0.1766959,1.766959,0.268630063134264
50,2016-11-11,Shut In,10000000.0,6900335.0,11360665.0,2016,tt2582500,91.0,"Drama,Mystery,Thriller",4.7,11030,EC,6200000.0,0.1360665,1.360665,0.4732703400332892
51,2011-02-11,Cedar Rapids,10000000.0,6861102.0,7862131.0,2011,tt1477837,87.0,Comedy,6.3,34759,FoxS,,-0.2137869,-2.137869,
52,2012-11-30,The Collection,10000000.0,6810754.0,8890094.0,2012,tt1748227,82.0,"Action,Horror,Thriller",6.1,42256,LD,,-0.1109906,-1.109906,
59,2015-03-20,Danny Collins,10000000.0,5637066.0,8465845.0,2015,tt1772288,106.0,"Biography,Comedy,Drama",7.0,27435,BST,5200000.0,-0.1534155,-1.534155,0.47983467111854816
64,2018-06-15,Gotti,10000000.0,4286367.0,6089100.0,2018,tt1801552,112.0,"Biography,Crime,Drama",4.8,10358,VE,,-0.39109,-3.9109,
66,2016-09-30,Denial,10000000.0,4073448.0,9263940.0,2016,tt4645330,109.0,"Biography,Drama",6.7,16593,BST,,-0.073606,-0.73606,
66,2016-09-30,Denial,10000000.0,4073448.0,9263940.0,2016,tt5897002,93.0,Documentary,7.4,25,BST,,-0.073606,-0.73606,
68,2016-10-14,Max Steel,10000000.0,3818664.0,4563080.0,2016,tt1472584,92.0,"Action,Adventure,Family",4.6,16788,ORF,2500000.0,-0.543692,-5.43692,0.39565325834701764
74,2014-11-14,Rosewater,10000000.0,3128941.0,3185717.0,2014,tt2752688,103.0,"Biography,Drama",6.6,9836,ORF,,-0.6814283,-6.814283,
84,2011-06-24,A Better Life,10000000.0,1759252.0,1884251.0,2011,tt1554091,98.0,"Drama,Romance",7.2,14602,Sum.,,-0.8115749,-8.115749,
84,2011-06-24,A Better Life,10000000.0,1759252.0,1884251.0,2011,tt2027265,110.0,Drama,6.6,1519,Sum.,,-0.8115749,-8.115749,
91,2017-06-02,Churchill,10000000.0,1279681.0,7582196.0,2017,tt2674454,105.0,"Biography,Drama,History",6.3,12047,Cohen,,-0.2417804,-2.417804,
12,2010-10-29,Welcome to the Rileys,10000000.0,152857.0,355919.0,2010,tt1183923,110.0,Drama,7.0,22210,Gold.,158000.0,-0.9644081,-9.644081,0.5082722924045462
27,2015-07-10,Strangerland,10000000.0,17472.0,161097.0,2015,tt2325977,112.0,"Drama,Mystery,Thriller",5.2,7999,Alc,,-0.9838903,-9.838903,
36,2010-10-08,It's a Wonderful Afterlife,10000000.0,0.0,1642939.0,2010,tt1319716,100.0,"Comedy,Drama,Fantasy",5.4,1361,UTV,1300000.0,-0.8357061,-8.357061,1.0
51,2012-12-19,Amour,9700000.0,6738954.0,36787044.0,2012,tt1602620,127.0,"Drama,Romance",7.9,84960,SPC,13100000.0,2.792478762886598,27.087044,0.6603170711520375
56,2016-12-21,Dangal,9500000.0,12391761.0,294654618.0,2016,tt5074352,161.0,"Action,Biography,Drama",8.5,123638,UTV,290500000.0,30.01627557894737,285.154618,0.9590884844173757
57,2010-03-19,The Runaways,9500000.0,3573673.0,5278632.0,2010,tt1017451,106.0,"Biography,Drama,Music",6.6,43792,App.,1100000.0,-0.4443545263157895,-4.221368,0.23536092490852484
62,2011-11-11,Melancholia,9400000.0,3030848.0,21817298.0,2011,tt1527186,135.0,"Drama,Sci-Fi",7.2,153434,Magn.,12900000.0,1.3209891489361703,12.417298,0.8097497383692318
64,2012-11-13,Jab Tak Hai Jaan,9200000.0,3047539.0,5806666.0,2012,tt2176013,176.0,"Drama,Romance",6.8,48364,Yash,,-0.36884065217391304,-3.393334,
66,2010-05-21,Kites,9200000.0,1685269.0,17155193.0,2010,tt1198101,123.0,"Action,Drama,Romance",6.1,11353,Relbig.,1300000.0,0.8646948913043478,7.955193,0.43547164426388374
71,2014-07-18,The Purge: Anarchy,9000000.0,71562550.0,111534881.0,2014,tt2975578,103.0,"Action,Horror,Sci-Fi",6.5,126203,Uni.,40000000.0,11.392764555555555,102.534881,0.35854325667529113
75,2016-10-21,Ouija: Origin of Evil,9000000.0,35144505.0,81831866.0,2016,tt4361050,99.0,"Drama,Horror,Mystery",6.1,47099,Uni.,46600000.0,8.092429555555556,72.831866,0.570068899432445
86,2016-11-18,The Edge of Seventeen,9000000.0,14431633.0,19096003.0,2016,tt1878870,104.0,"Comedy,Drama",7.3,87602,STX,4400000.0,1.1217781111111111,10.096003,0.23364941319746407
87,2016-12-02,Jackie,9000000.0,13960394.0,36588512.0,2016,tt1619029,100.0,"Biography,Drama,History",6.7,66008,FoxS,,3.0653902222222222,27.588512,
92,2016-11-04,Loving,9000000.0,7710234.0,12898064.0,2016,tt4669986,123.0,"Biography,Drama,Romance",7.0,28079,Focus,5200000.0,0.43311822222222224,3.898064,0.4027812354137036
5,2018-12-25,Destroyer,9000000.0,1533324.0,3681096.0,2018,tt7137380,121.0,"Action,Crime,Drama",6.2,13683,Annapurna,4000000.0,-0.5909893333333334,-5.318904,0.722892785602289
30,2016-11-18,Manchester by the Sea,8500000.0,47695371.0,77733867.0,2016,tt4034228,137.0,Drama,7.8,214557,RAtt.,31300000.0,8.145160823529412,69.233867,0.39622574846822356
34,2014-10-31,Nightcrawler,8500000.0,32381218.0,50334418.0,2014,tt2872718,117.0,"Crime,Drama,Thriller",7.9,404476,ORF,6300000.0,4.921696235294117,41.834418,0.1628697421058458
38,2013-09-27,Baggage Claim,8500000.0,21569509.0,22885836.0,2013,tt1171222,96.0,Comedy,5.1,8296,FoxS,887000.0,1.692451294117647,14.385836,0.03949857032542324
39,2016-10-07,Middle School: The Worst Years of My Life,8500000.0,20007149.0,23311293.0,2016,tt4981636,92.0,"Comedy,Family",6.1,6413,LGF,3300000.0,1.7425050588235294,14.811293,0.1415874588522174
47,2014-06-13,The Rover,8500000.0,1109199.0,3180252.0,2014,tt2345737,103.0,"Action,Crime,Drama",6.4,40576,A24,2100000.0,-0.625852705882353,-5.319748,0.6543688939202587
54,2013-05-31,Yeh Jawaani Hai Deewani,8300000.0,3827466.0,50827466.0,2013,tt2178470,160.0,"Comedy,Drama,Musical",7.1,33971,Eros,,5.123791084337349,42.527466,
67,2010-09-17,Easy A,8000000.0,58401464.0,76200721.0,2010,tt1282140,92.0,"Comedy,Drama,Romance",7.1,330125,SGem,16600000.0,8.525090125,68.200721,0.22132901299099975
73,2011-09-30,50/50,8000000.0,35016118.0,41334735.0,2011,tt1306980,100.0,"Comedy,Drama,Romance",7.7,300475,Sum.,4200000.0,4.166841875,33.334735,0.10709882094908017
75,2015-09-02,A Walk in the Woods,8000000.0,29499394.0,37119358.0,2015,tt1178665,104.0,"Adventure,Biography,Comedy",6.3,22033,BG,8000000.0,3.63991975,29.119358,0.21333678085571195
78,2014-01-31,That Awkward Moment,8000000.0,26068955.0,53068955.0,2014,tt1800246,94.0,"Comedy,Romance",6.2,92148,Focus,14400000.0,5.633619375,45.068955,0.3558283133330228
88,2013-09-18,Enough Said,8000000.0,17550872.0,25621449.0,2013,tt2390361,93.0,"Comedy,Drama,Romance",7.0,55698,FoxS,7700000.0,2.202681125,17.621449,0.30493996405351864
97,2011-04-29,Prom,8000000.0,10130219.0,10763183.0,2011,tt1604171,104.0,"Comedy,Drama,Family",5.4,14279,BV,,0.345397875,2.763183,
100,2015-06-12,Me and Earl and the Dying Girl,8000000.0,6758416.0,9266180.0,2015,tt2582496,105.0,"Comedy,Drama,Romance",7.8,112627,FoxS,2300000.0,0.1582725,1.26618,0.25390752643729325
1,2010-10-08,It's Kind of a Funny Story,8000000.0,6363628.0,6632950.0,2010,tt0804497,101.0,"Comedy,Drama,Romance",7.1,125583,Focus,128000.0,-0.17088125,-1.36705,0.019717704095182288
5,2016-09-02,Morgan,8000000.0,3915251.0,7298786.0,2016,tt4520364,92.0,"Action,Horror,Sci-Fi",5.8,35487,Fox,4900000.0,-0.08765175,-0.701214,0.555854847468325
6,2015-12-30,Anomalisa,8000000.0,3759286.0,5706168.0,2015,tt2401878,90.0,"Animation,Comedy,Drama",7.3,58010,Par.,1900000.0,-0.286729,-2.293832,0.3357313979183946
8,2010-12-29,Another Year,8000000.0,3205706.0,20005613.0,2010,tt1431181,129.0,"Comedy,Drama",7.3,26273,SPC,16500000.0,1.500701625,12.005613,0.8373209262332443
14,2010-11-19,Made in Dagenham,8000000.0,1095369.0,15644196.0,2010,tt1371155,113.0,"Biography,Comedy,Drama",7.2,13121,SPC,11300000.0,0.9555245,7.644196,0.9116307872722466
28,2010-10-29,Wild Target,8000000.0,109338.0,5314194.0,2010,tt1235189,98.0,"Action,Comedy,Crime",6.8,33915,Free,3300000.0,-0.33572575,-2.685806,0.9679298444448746
31,2016-11-18,A Street Cat Named Bob,8000000.0,82703.0,17382693.0,2016,tt3606888,103.0,"Biography,Comedy,Drama",7.4,23204,Cleopatra,,1.172836625,9.382693,
68,2016-06-24,The Neon Demon,7500000.0,1333124.0,3559803.0,2016,tt1974419,117.0,"Horror,Thriller",6.2,72359,BG,,-0.5253596,-3.940197,
77,2017-01-13,The Bye Bye Man,7400000.0,22395806.0,31187727.0,2017,tt4030600,96.0,"Drama,Fantasy,Horror",4.3,17743,STX,4300000.0,3.214557702702703,23.787727,0.16107399042381415
88,2012-06-29,Magic Mike,7000000.0,113721571.0,170549753.0,2012,tt1915581,110.0,"Comedy,Drama",6.1,123955,WB,53500000.0,23.364250428571427,163.549753,0.31993480075605796
93,2011-05-06,Jumping the Broom,7000000.0,37295394.0,38158601.0,2011,tt1640484,112.0,"Comedy,Drama",5.7,9089,TriS,415000.0,4.4512287142857145,31.158601,0.011004923470171115
4,2017-04-07,Gifted,7000000.0,24801212.0,36964656.0,2017,tt4481414,101.0,Drama,7.6,82426,FoxS,18200000.0,4.280665142857143,29.964656,0.4232438843816774
11,2015-06-19,Dope,7000000.0,17506470.0,18190831.0,2015,tt3850214,103.0,"Comedy,Crime,Drama",7.2,76557,ORF,480000.0,1.598690142857143,11.190831,0.026686726189185536
14,2014-01-17,Devil's Due,7000000.0,15821461.0,36146087.0,2014,tt2752758,89.0,"Horror,Mystery,Thriller",4.1,15502,Fox,21100000.0,4.163726714285715,29.146087,0.5714833440637682
27,2010-06-18,Cyrus,7000000.0,7468936.0,10062896.0,2010,tt1327709,87.0,"Crime,Horror,Mystery",4.7,944,FoxS,2500000.0,0.4375565714285714,3.062896,0.25077901994756513
27,2010-06-18,Cyrus,7000000.0,7468936.0,10062896.0,2010,tt1336617,91.0,"Comedy,Drama,Romance",6.3,32457,FoxS,2500000.0,0.4375565714285714,3.062896,0.25077901994756513
42,2010-12-22,Somewhere,7000000.0,1785645.0,17023121.0,2010,tt1421051,97.0,"Comedy,Drama",6.3,40250,Focus,12200000.0,1.4318744285714287,10.023121,0.8723230140619185
45,2013-11-15,The Christmas Candle,7000000.0,1632000.0,1933829.0,2013,tt2739338,100.0,"Drama,Family",6.2,1538,ELS,,-0.7237387142857142,-5.066171,
51,2015-10-02,Freeheld,7000000.0,546201.0,1732228.0,2015,tt1658801,103.0,"Biography,Drama,Romance",6.5,10534,LGF,,-0.7525388571428572,-5.267772,
53,2010-07-30,The Extra Man,7000000.0,453377.0,492108.0,2010,tt1361313,108.0,Comedy,5.9,4580,Magn.,4500.0,-0.9296988571428572,-6.507892,0.009827966899407483
84,2014-10-03,Annabelle,6500000.0,84273813.0,256862920.0,2014,tt3322940,99.0,"Horror,Mystery,Thriller",5.4,122039,WB (NL),172800000.0,38.517372307692305,250.36292,0.6721804838208083
97,2011-12-02,Shame,6500000.0,4002293.0,20412841.0,2011,tt1723811,101.0,Drama,7.2,171353,FoxS,13800000.0,2.1404370769230767,13.912841,0.7751810398806491
99,2013-05-31,The East,6500000.0,2274649.0,3027956.0,2013,tt1869716,116.0,"Adventure,Drama,Thriller",6.8,46804,FoxS,99700.0,-0.5341606153846153,-3.472044,0.04199045717373478
37,2018-11-30,The Possession of Hannah Grace,6000000.0,14836174.0,42785387.0,2018,tt5734576,86.0,"Horror,Mystery,Thriller",5.2,11629,SGem,28200000.0,6.130897833333333,36.785387,0.6552627099239816
46,2012-09-07,The Words,6000000.0,11494838.0,16369708.0,2012,tt1840417,102.0,"Drama,Mystery,Romance",7.1,70308,CBS,1700000.0,1.7282846666666667,10.369708,0.12883826235683984
54,2011-07-29,The Guard,6000000.0,5359774.0,21197454.0,2011,tt1540133,96.0,"Comedy,Crime,Thriller",7.3,75183,SPC,14200000.0,2.532909,15.197454,0.7259797582528306
61,2014-07-18,Wish I Was Here,6000000.0,3591299.0,6591365.0,2014,tt2870708,106.0,"Comedy,Drama",6.7,34907,Focus,1900000.0,0.09856083333333333,0.591365,0.346001920492765
63,2014-03-14,Veronica Mars,6000000.0,3322127.0,3485383.0,2014,tt2771372,107.0,"Crime,Drama,Mystery",6.8,46751,WB,195000.0,-0.4191028333333333,-2.514617,0.05544297945453775
70,2011-07-15,Snow Flower and the Secret Fan,6000000.0,1348205.0,11348205.0,2011,tt1541995,104.0,"Drama,History",6.1,3429,FoxS,10000000.0,0.8913675,5.348205,0.8811966297753697
71,2018-09-14,Mandy,6000000.0,1214525.0,1427656.0,2018,tt6998518,121.0,"Action,Fantasy,Horror",6.6,44378,RLJ,,-0.7620573333333334,-4.572344,
12,2012-12-07,Khiladi 786,5600000.0,385422.0,14683763.0,2012,tt2166214,141.0,"Action,Comedy",4.4,5648,Eros,,1.6221005357142857,9.083763,
18,2013-09-27,Don Jon,5500000.0,24477704.0,41268579.0,2013,tt2229499,90.0,"Comedy,Drama,Romance",6.6,216350,Rela.,6000000.0,6.503378,35.768579,0.19686522318085378
20,2018-09-28,Hell Fest,5500000.0,11107431.0,18119231.0,2018,tt1999890,89.0,Horror,5.5,8662,LGF,7100000.0,2.2944056363636363,12.619231,0.38995067453502913
29,2011-10-21,Le Havre,5500000.0,611709.0,13480196.0,2011,tt1508675,93.0,"Comedy,Drama",7.2,18490,Jan.,9900000.0,1.4509447272727272,7.980196,0.941806893626907
46,2011-04-22,Dum Maaro Dum,5200000.0,564489.0,11633427.0,2011,tt1618430,128.0,"Action,Crime,Drama",6.2,3616,FoxS,,1.2371975,6.433427,
49,2017-02-24,Get Out,5000000.0,176040665.0,255367951.0,2017,tt5052448,104.0,"Horror,Mystery,Thriller",7.7,400474,Uni.,79400000.0,50.0735902,250.367951,0.3108353949830189
51,2011-10-21,Paranormal Activity 3,5000000.0,104028807.0,207039844.0,2011,tt1778304,83.0,"Horror,Mystery,Thriller",5.8,85689,Par.,103000000.0,40.4079688,202.039844,0.49751530471795646
54,2016-03-11,10 Cloverfield Lane,5000000.0,72082999.0,108286422.0,2016,tt1179933,103.0,"Drama,Horror,Mystery",7.2,260383,Par.,38100000.0,20.6572844,103.286422,0.34578837339506435
55,2016-07-22,Lights Out,5000000.0,67268835.0,148806510.0,2016,tt4786282,81.0,"Drama,Horror,Mystery",6.3,100650,WB (NL),81600000.0,28.761302,143.80651,0.5481335297612828
56,2015-09-11,The Visit,5000000.0,65206105.0,98677816.0,2015,tt3567288,94.0,"Horror,Mystery,Thriller",6.2,102459,Uni.,33200000.0,18.7355632,93.677816,0.3373774421820679
58,2017-10-13,Happy Death Day,5000000.0,55683845.0,125010260.0,2017,tt5308322,96.0,"Horror,Mystery,Thriller",6.5,87132,Uni.,69800000.0,24.002052,120.01026,0.5562469017426108
59,2012-10-19,Paranormal Activity 4,5000000.0,53900335.0,142817992.0,2012,tt2109184,88.0,"Horror,Mystery,Thriller",4.6,58408,Par.,88900000.0,27.5635984,137.817992,0.6225475591496337
60,2014-10-24,Ouija,5000000.0,50856010.0,103300632.0,2014,tt1204977,89.0,"Horror,Mystery,Thriller",4.5,44054,Uni.,52700000.0,19.6601264,98.300632,0.508903346121582
64,2017-06-23,The Big Sick,5000000.0,42872467.0,53972860.0,2017,tt5462602,120.0,"Comedy,Drama,Romance",7.6,104008,LGF,13500000.0,9.794572,48.97286,0.23947860930052964
70,2014-01-03,Paranormal Activity: The Marked Ones,5000000.0,32462372.0,90904854.0,2014,tt2473682,84.0,"Horror,Mystery,Thriller",5.0,37147,Par.,58400000.0,17.1809708,85.904854,0.6427303042451941
73,2013-11-01,Dallas Buyers Club,5000000.0,27298285.0,60611845.0,2013,tt0790636,117.0,"Biography,Drama",8.0,402462,Focus,27900000.0,11.122369,55.611845,0.5054504863692776
74,2015-08-26,No Escape,5000000.0,27288872.0,42844516.0,2015,tt1781922,103.0,"Action,Thriller",6.8,70222,Wein.,27100000.0,7.5689032,37.844516,0.4982636889398993
76,2015-02-27,The Lazarus Effect,5000000.0,25801570.0,38359310.0,2015,tt2918436,83.0,"Horror,Mystery,Sci-Fi",5.2,37675,Rela.,12600000.0,6.671862,33.35931,0.32811158502113325
78,2011-08-26,Our Idiot Brother,5000000.0,24814830.0,25861249.0,2011,tt1637706,90.0,"Comedy,Drama",6.4,80738,Wein.,,4.1722498,20.861249,
94,2011-09-02,Apollo 18,5000000.0,17686929.0,26517819.0,2011,tt1772240,86.0,"Horror,Mystery,Sci-Fi",5.2,51427,W/Dim.,7900000.0,4.3035638,21.517819,0.3087513941200212
95,2018-03-23,"Paul, Apostle of Christ",5000000.0,17547999.0,25529498.0,2018,tt7388562,108.0,"Adventure,Biography,Drama",6.7,5662,Affirm,5500000.0,4.1058996,20.529498,0.23863242965256984
96,2014-10-10,Addicted,5000000.0,17390770.0,17499242.0,2014,tt2205401,106.0,"Drama,Thriller",5.2,7640,LGF,,2.4998484,12.499242,
12,2017-03-03,Before I Fall,5000000.0,12241072.0,18945682.0,2017,tt1691916,98.0,"Drama,Fantasy,Mystery",6.4,39282,ORF,,2.7891364,13.945682,
15,2016-01-29,Fifty Shades of Black,5000000.0,11686940.0,22113075.0,2016,tt4667094,92.0,Comedy,3.5,17189,ORF,10500000.0,3.422615,17.113075,0.47325138121795973
22,2016-03-11,The Perfect Match,5000000.0,9669521.0,10182050.0,2016,tt4871980,96.0,"Comedy,Romance",4.9,3052,LGF,745000.0,1.03641,5.18205,0.07153473501085647
31,2010-05-28,Sea Rex 3D: Journey to a Prehistoric World,5000000.0,6096582.0,16515203.0,2010,tt1529567,41.0,Documentary,6.9,364,3D,9900000.0,2.3030406,11.515203,0.6188822087118361
39,2016-12-02,Incarnate,5000000.0,4799774.0,9371036.0,2016,tt3216348,91.0,"Horror,Thriller",5.3,10217,BH Tilt,1500000.0,0.8742072,4.371036,0.23810377959590295
45,2017-03-03,Table 19,5000000.0,3614896.0,4620399.0,2017,tt1412528,87.0,"Comedy,Drama,Romance",5.8,22751,FoxS,1400000.0,-0.0759202,-0.379601,0.27916830179529145
49,2016-03-04,The Other Side of the Door,5000000.0,3000342.0,12905107.0,2016,tt3702652,96.0,Horror,5.3,15813,Fox,11300000.0,1.5810214,7.905107,0.7901908919381089
51,2014-10-10,Kill the Messenger,5000000.0,2450846.0,6656705.0,2014,tt1216491,112.0,"Biography,Crime,Drama",7.0,41231,Focus,,0.331341,1.656705,
52,2010-12-17,Rabbit Hole,5000000.0,2229058.0,6205034.0,2010,tt0935075,91.0,Drama,7.0,45357,LGF,2900000.0,0.2410068,1.205034,0.5654059673335727
53,2015-10-23,Jem and the Holograms,5000000.0,2184640.0,2368937.0,2015,tt3614530,118.0,"Adventure,Drama,Family",4.1,6683,Uni.,149000.0,-0.5262126,-2.631063,0.06384875130697108
54,2016-12-28,Paterson,5000000.0,2141423.0,10727536.0,2016,tt5247022,118.0,"Comedy,Drama,Romance",7.4,55285,BST,,1.1455072,5.727536,
64,2013-08-16,Ain't Them Bodies Saints,5000000.0,391611.0,1075009.0,2013,tt2388637,96.0,"Crime,Drama,Romance",6.4,19464,IFC,635000.0,-0.7849982,-3.924991,0.618540031228966
78,2014-10-17,Rudderless,5000000.0,56001.0,567219.0,2014,tt1798243,105.0,"Comedy,Drama,Music",7.5,16303,Gold.,,-0.8865562,-4.432781,
8,2013-07-19,Only God Forgives,4800000.0,775849.0,4494560.0,2013,tt1602613,90.0,"Crime,Drama",5.7,100318,RTWC,9900000.0,-0.06363333333333333,-0.30544,0.9273267165918139
9,2011-09-30,Take Shelter,4750000.0,1728953.0,4972016.0,2011,tt1675192,121.0,"Drama,Horror,Thriller",7.4,83200,SPC,1400000.0,0.04674021052631579,0.222016,0.44743401386981524
46,2011-10-07,Blackthorn,4500000.0,200558.0,1217307.0,2011,tt1629705,102.0,"Action,Adventure,Western",6.6,8553,Magn.,423000.0,-0.7294873333333334,-3.282693,0.6783651240141254
47,2015-05-08,Maggie,4500000.0,187112.0,1027760.0,2015,tt1881002,95.0,"Drama,Horror",5.6,38671,RAtt.,,-0.7716088888888889,-3.47224,
54,2014-09-04,Falcon Rising,4500000.0,11774.0,11774.0,2014,tt2295722,103.0,"Action,Adventure",5.8,6955,Free,,-0.9973835555555556,-4.488226,
71,2010-08-13,Animal Kingdom,4200000.0,1044039.0,8078683.0,2010,tt1313092,113.0,"Crime,Drama",7.3,51576,SPC,5700000.0,0.9234959523809524,3.878683,0.8451908418679074
81,2015-01-23,The Boy Next Door,4000000.0,36006065.0,53401938.0,2015,tt3181822,91.0,"Horror,Thriller",4.7,34816,Uni.,17000000.0,12.3504845,49.401938,0.3207180159477977
85,2014-07-11,Boyhood,4000000.0,25379975.0,57273049.0,2014,tt1065073,165.0,Drama,7.9,315584,IFC,19100000.0,13.31826225,53.273049,0.4294067161683432
87,2010-07-09,The Kids Are All Right,4000000.0,20811365.0,36275469.0,2010,tt0842926,106.0,"Comedy,Drama,Romance",7.0,120656,Focus,13900000.0,8.06886725,32.275469,0.4004452144132044
89,2014-04-18,A Haunted House 2,4000000.0,17329487.0,21206861.0,2014,tt2828996,86.0,"Comedy,Fantasy",4.7,18085,ORF,6600000.0,4.30171525,17.206861,0.2758103422777095
90,2013-03-01,The Last Exorcism Part II,4000000.0,15179303.0,25448707.0,2013,tt2034139,88.0,"Drama,Horror,Thriller",4.0,15124,CBS,,5.36217675,21.448707,
98,2016-05-13,The Darkness,4000000.0,10753574.0,10898293.0,2016,tt1878841,92.0,"Horror,Thriller",4.4,12435,BH Tilt,,1.72457325,6.898293,
98,2016-05-13,The Darkness,4000000.0,10753574.0,10898293.0,2016,tt4935746,92.0,Thriller,5.7,196,BH Tilt,,1.72457325,6.898293,
20,2011-06-17,The Art of Getting By,4000000.0,1430241.0,1989035.0,2011,tt1645080,83.0,"Drama,Romance",6.6,53682,FoxS,,-0.50274125,-2.010965,
22,2011-09-23,Red State,4000000.0,1065429.0,1983596.0,2011,tt0873886,88.0,"Action,Crime,Horror",6.2,59266,SMod,,-0.504101,-2.016404,
25,2012-10-17,Holy Motors,4000000.0,641054.0,4230426.0,2012,tt2076220,115.0,"Drama,Fantasy",7.1,36874,IM,,0.0576065,0.230426,
51,2014-04-18,13 Sins,4000000.0,9134.0,47552.0,2014,tt2059171,93.0,"Horror,Thriller",6.3,29550,RTWC,,-0.988112,-3.952448,
52,2011-11-18,Another Happy Day,4000000.0,9120.0,978527.0,2011,tt1719071,119.0,"Comedy,Drama",6.0,3793,P4,347000.0,-0.75536825,-3.021473,0.9743906548354487
79,2010-11-05,Four Lions,3750000.0,310007.0,2436111.0,2010,tt1341167,97.0,"Comedy,Crime,Drama",7.3,66209,Drft.,4400000.0,-0.3503704,-1.313889,0.9341812018538401
91,2018-04-13,Truth or Dare,3500000.0,41411015.0,95127344.0,2018,tt6772950,100.0,"Horror,Thriller",5.2,33621,Uni.,53900000.0,26.179241142857144,91.627344,0.5655170076617062
95,2018-02-02,Winchester,3500000.0,25091816.0,44378040.0,2018,tt1072748,99.0,"Biography,Drama,Fantasy",5.4,24351,LGF,,11.67944,40.87804,
97,2013-02-22,Dark Skies,3500000.0,17418667.0,27704111.0,2013,tt2387433,97.0,"Horror,Sci-Fi,Thriller",6.3,65754,W/Dim.,9000000.0,6.9154602857142855,24.204111,0.3406682100955359
15,2016-09-30,American Honey,3500000.0,663247.0,2611750.0,2016,tt3721936,163.0,"Adventure,Drama,Romance",7.0,31663,A24,1200000.0,-0.2537857142857143,-0.88825,0.644036995631819
37,2011-10-21,Margin Call,3400000.0,5353586.0,20433227.0,2011,tt1615147,107.0,"Drama,Thriller",7.1,107264,RAtt.,14200000.0,5.009772647058823,17.033227,0.7262095044867984
43,2014-10-10,Whiplash,3300000.0,13092006.0,38969037.0,2014,tt2582802,106.0,"Drama,Music",8.5,616916,SPC,35900000.0,10.80879909090909,35.669037,0.7327726078413691
65,2010-10-20,Paranormal Activity 2,3000000.0,84752907.0,177512032.0,2010,tt1536044,91.0,Horror,5.7,93122,Par.,92800000.0,58.17067733333333,174.512032,0.5226611130619224
66,2015-08-28,War Room,3000000.0,67790117.0,73975239.0,2015,tt3832914,120.0,Drama,6.5,11716,TriS,,23.658413,70.975239,
67,2013-06-07,The Purge,3000000.0,64473115.0,91266581.0,2013,tt2184339,85.0,"Horror,Thriller",5.7,183549,Uni.,24900000.0,29.422193666666665,88.266581,0.278607274682101
69,2012-10-12,Sinister,3000000.0,48086903.0,87727807.0,2012,tt1922777,110.0,"Horror,Mystery,Thriller",6.8,198345,LG/S,29600000.0,28.242602333333334,84.727807,0.3810166045620328
89,2018-06-01,Upgrade,3000000.0,11977130.0,16553285.0,2018,tt6499752,100.0,"Action,Sci-Fi,Thriller",7.6,104978,BH Tilt,2400000.0,4.517761666666667,13.553285,0.16693178680306847
99,2013-05-24,Before Midnight,3000000.0,8110621.0,23251930.0,2013,tt2209418,109.0,"Drama,Romance",7.9,123107,SPC,3100000.0,6.7506433333333336,20.25193,0.27652348607628424
10,2016-06-24,Swiss Army Man,3000000.0,4210454.0,5837111.0,2016,tt4034354,97.0,"Adventure,Comedy,Drama",7.0,91736,A24,,0.9457036666666667,2.837111,
15,2010-04-30,Please Give,3000000.0,4033574.0,4570178.0,2010,tt0878835,87.0,"Comedy,Drama",6.6,10652,SPC,280000.0,0.5233926666666666,1.570178,0.06491137047840144
21,2016-04-22,Compadres,3000000.0,3127773.0,7445044.0,2016,tt3367294,101.0,"Action,Comedy,Crime",4.7,876,PNT,,1.4816813333333334,4.445044,
25,2010-04-09,Letters to God,3000000.0,2848587.0,3237452.0,2010,tt1462054,110.0,"Drama,Family",6.3,4443,Viv.,60300.0,0.07915066666666666,0.237452,0.02072957801385891
28,2014-09-19,Tusk,3000000.0,1821983.0,1887554.0,2014,tt3099498,102.0,"Comedy,Drama,Horror",5.3,40827,A24,,-0.37081533333333333,-1.112446,
29,2017-05-12,The Wall,3000000.0,1803064.0,4495262.0,2017,tt4218696,88.0,"Action,Drama,Thriller",6.2,20391,RAtt.,2700000.0,0.4984206666666667,1.495262,0.599591744643203
34,2015-05-08,The D Train,3000000.0,669688.0,772366.0,2015,tt2690138,101.0,"Comedy,Drama",5.0,10066,IFC,102000.0,-0.7425446666666666,-2.227634,0.13217777132727215
35,2012-09-07,Bachelorette,3000000.0,446770.0,12577401.0,2012,tt1920849,87.0,"Comedy,Romance",5.3,43131,RTWC,11500000.0,3.192467,9.577401,0.9626032810542097
80,2010-10-01,Freakonomics,2900000.0,101270.0,172867.0,2010,tt1152822,93.0,Documentary,6.4,6466,Magn.,16400.0,-0.9403906896551724,-2.727133,0.13937282229965156
12,2013-01-11,A Haunted House,2500000.0,40041683.0,59922558.0,2013,tt2243537,86.0,"Comedy,Fantasy",5.1,40308,ORF,20100000.0,22.9690232,57.422558,0.3342108001866193
14,2013-07-03,Kevin Hart: Let Me Explain,2500000.0,32244051.0,32327255.0,2013,tt2609912,75.0,"Comedy,Documentary",6.8,7880,LG/S,74000.0,11.930902,29.827255,0.002289742039208986
22,2013-08-02,The Spectacular Now,2500000.0,6852971.0,6916951.0,2013,tt1714206,95.0,"Comedy,Drama,Romance",7.1,133887,A24,,1.7667804,4.416951,
25,2016-06-24,Hunt for the Wilderpeople,2500000.0,5205471.0,23845533.0,2016,tt4698684,101.0,"Adventure,Comedy,Drama",7.9,87532,Orch.,,8.5382132,21.345533,
26,2012-08-17,Robot & Frank,2500000.0,3317468.0,4934356.0,2012,tt1990314,89.0,"Comedy,Crime,Drama",7.1,59229,Gold.,,0.9737424,2.434356,
60,2015-03-20,Do You Believe?,2300000.0,12985600.0,14304931.0,2015,tt4056738,120.0,Drama,6.1,6462,PFR,1400000.0,5.2195352173913045,12.004931,0.0973195417639862
87,2011-09-30,Courageous,2000000.0,34522221.0,35185884.0,2011,tt1630036,129.0,Drama,7.0,17586,TriS,,16.592942,33.185884,
8,2010-06-11,Winter's Bone,2000000.0,6531503.0,16131551.0,2010,tt1399683,100.0,"Drama,Mystery",7.2,127751,RAtt.,7300000.0,7.0657755,14.131551,0.5277806757515796
11,2017-10-06,The Florida Project,2000000.0,5904366.0,11295324.0,2017,tt5649144,111.0,Drama,7.6,72193,A24,,4.647662,9.295324,
12,2017-08-25,All Saints,2000000.0,5802208.0,5941994.0,2017,tt4663548,108.0,Drama,6.0,1220,Affirm,140000.0,1.970997,3.941994,0.023560265813650415
17,2010-10-08,Inside Job,2000000.0,4311834.0,7799257.0,2010,tt1645089,109.0,"Crime,Documentary",8.3,65304,SPC,3600000.0,2.8996285,5.799257,0.4550146021769415
20,2015-08-28,We Are Your Friends,2000000.0,3591417.0,10153415.0,2015,tt3787590,96.0,"Drama,Music,Romance",6.2,32327,WB,7500000.0,4.0767075,8.153415,0.6761985416290813
35,2015-08-07,The Diary of a Teenage Girl,2000000.0,1477002.0,2279959.0,2015,tt3172532,102.0,"Comedy,Drama,Romance",6.9,27003,SPC,,0.1399795,0.279959,
41,2014-11-28,The Babadook,2000000.0,950792.0,7482387.0,2014,tt2321549,94.0,"Drama,Horror",6.8,171411,IFC,9300000.0,2.7411935,5.482387,0.9072469717461831
62,2015-10-09,Knock Knock,2000000.0,36336.0,6328516.0,2015,tt3605418,99.0,"Drama,Thriller",4.9,68328,LGP,,2.164258,4.328516,
67,2012-10-19,The First Time,2000000.0,17061.0,17061.0,2012,tt1763303,95.0,"Comedy,Drama,Romance",6.9,62589,Gold.,,-0.9914695,-1.982939,
2,2010-09-24,Buried,1987650.0,1044143.0,21270290.0,2010,tt1462758,95.0,"Drama,Mystery,Thriller",7.0,139426,LGF,18100000.0,9.701225064774986,19.28264,0.9454588800344836
11,2013-02-08,ABCD (Any Body Can Dance),1900000.0,222098.0,10137234.0,2013,tt2321163,160.0,"Drama,Music",6.4,5695,UTV,,4.335386315789473,8.237234,
15,2010-08-27,The Last Exorcism,1800000.0,41034350.0,70165900.0,2010,tt1320244,87.0,"Drama,Horror,Thriller",5.6,45815,LGF,26700000.0,37.98105555555556,68.3659,0.394186996701083
18,2012-06-27,Beasts of the Southern Wild,1800000.0,12795746.0,23265132.0,2012,tt2125435,93.0,"Adventure,Drama,Fantasy",7.3,77440,FoxS,8300000.0,11.925073333333334,21.465132,0.39344425174629993
25,2011-08-23,Higher Ground,1800000.0,841056.0,842693.0,2011,tt1562568,109.0,Drama,6.3,2869,SPC,,-0.5318372222222222,-0.957307,
37,2010-10-08,I Spit on Your Grave,1750000.0,93051.0,1278471.0,2010,tt1242432,108.0,"Horror,Thriller",6.3,68592,Anch.,480000.0,-0.2694451428571429,-0.471529,0.8376217823544502
60,2014-09-26,Two Night Stand,1600000.0,15600.0,868081.0,2014,tt2140619,86.0,"Comedy,Romance",6.4,60510,EOne,,-0.457449375,-0.731919,
70,2018-03-23,Unsane,1500000.0,7690044.0,14244931.0,2018,tt7153766,98.0,"Drama,Horror,Mystery",6.4,32049,BST,6600000.0,8.496620666666667,12.744931,0.4618600194653005
21,2015-11-20,Mustang,1400000.0,845464.0,5552584.0,2015,tt3966404,97.0,Drama,7.6,30899,Cohen,,2.9661314285714284,4.152584,
51,2014-10-17,Dear White People,1250000.0,4404154.0,5403771.0,2014,tt2235108,108.0,"Comedy,Drama,Romance",6.1,23321,RAtt.,,3.3230168,4.153771,
12,2012-01-06,The Devil Inside,1000000.0,53262945.0,101759490.0,2012,tt1560985,83.0,Horror,4.2,33522,Par.,48500000.0,100.75949,100.75949,0.4765978421713326
18,2012-05-25,Chernobyl Diaries,1000000.0,18119640.0,42411721.0,2012,tt1991245,86.0,"Horror,Mystery,Thriller",5.0,60304,WB,19000000.0,41.411721,41.411721,0.511858412419948
25,2010-12-29,Blue Valentine,1000000.0,9737892.0,16566240.0,2010,tt1120985,112.0,"Drama,Romance",7.4,170089,Wein.,2600000.0,15.56624,15.56624,0.21073291936742516
29,2018-07-20,Unfriended: Dark Web,1000000.0,8866745.0,16434588.0,2018,tt4761916,92.0,"Crime,Horror,Mystery",5.9,13822,BH Tilt,6300000.0,15.434588,15.434588,0.41538247000262746
33,2012-10-19,The Sessions,1000000.0,6002451.0,11495204.0,2012,tt1866249,95.0,"Biography,Comedy,Drama",7.2,39731,FoxS,3100000.0,10.495204,10.495204,0.34056761195418683
36,2014-09-12,The Skeleton Twins,1000000.0,5284309.0,5797192.0,2014,tt1571249,93.0,"Comedy,Drama,Romance",6.8,36793,RAtt.,,4.797192,4.797192,
41,2014-06-06,Obvious Child,1000000.0,3122616.0,3324070.0,2014,tt2910274,84.0,"Comedy,Drama,Romance",6.8,21536,A24,,2.32407,2.32407,
42,2011-10-21,Martha Marcy May Marlene,1000000.0,2981038.0,5438911.0,2011,tt1441326,102.0,"Drama,Mystery,Thriller",6.9,45873,FoxS,548000.0,4.438911,4.438911,0.15528311114813725
56,2017-08-18,Patti Cake$,1000000.0,800148.0,1471090.0,2017,tt6288250,109.0,"Drama,Music",6.7,8581,FoxS,682000.0,0.47109,0.47109,0.4601429816725455
62,2011-07-29,The Future,1000000.0,568662.0,1239174.0,2011,tt1235170,91.0,"Drama,Fantasy,Romance",6.2,7648,RAtt.,,0.239174,0.239174,
70,2014-07-18,I Origins,1000000.0,336472.0,852399.0,2014,tt2884206,106.0,"Drama,Romance,Sci-Fi",7.4,104718,FoxS,,-0.147601,-0.147601,
92,2014-10-17,Camp X-Ray,1000000.0,9837.0,101053.0,2014,tt2994190,117.0,"Drama,War",6.9,36700,IFC,,-0.898947,-0.898947,
38,2013-07-12,Fruitvale Station,900000.0,16098998.0,17549645.0,2013,tt2334649,85.0,"Biography,Drama,Romance",7.5,68187,Wein.,1300000.0,18.499605555555554,16.649645,0.07471694634369175
41,2011-08-26,Circumstance,900000.0,454121.0,958978.0,2011,tt1684628,107.0,Drama,5.9,7055,RAtt.,,0.06553111111111111,0.058978,
77,2012-06-08,Safety Not Guaranteed,750000.0,4010957.0,4422318.0,2012,tt1862079,86.0,"Comedy,Drama,Romance",7.0,111907,FD,,4.896424,3.672318,
50,2010-10-29,Monsters,500000.0,237301.0,5639730.0,2010,tt1470827,94.0,"Drama,Sci-Fi,Thriller",6.4,84332,Magn.,4000000.0,10.27946,5.13973,0.9439971340247011
68,2012-08-17,Compliance,270000.0,319285.0,830700.0,2012,tt1971352,90.0,"Biography,Crime,Drama",6.4,28703,Magn.,,2.0766666666666667,0.5607,
74,2011-10-28,Like Crazy,250000.0,3395391.0,3728400.0,2011,tt1758692,86.0,"Drama,Romance",6.7,55841,ParV,336000.0,13.9136,3.4784,0.09004684848090162
84,2013-08-02,The Canyons,250000.0,59671.0,62375.0,2013,tt2292959,99.0,"Drama,Thriller",3.8,9838,IFC,,-0.7505,-0.187625,
48,2011-07-22,Another Earth,175000.0,1321194.0,2102779.0,2011,tt1549572,92.0,"Drama,Romance,Sci-Fi",7.0,85839,FoxS,456000.0,11.01588,1.927779,0.2565842558550164
80,2015-07-10,The Gallows,100000.0,22764410.0,41656474.0,2015,tt2309260,81.0,"Horror,Mystery,Thriller",4.2,17763,WB (NL),20200000.0,415.56474,41.556474,0.47015657843317293
86,2017-07-07,A Ghost Story,100000.0,1594798.0,2769782.0,2017,tt6265828,92.0,"Drama,Fantasy,Romance",6.8,46280,A24,,26.69782,2.669782,
18,2010-11-12,Tiny Furniture,50000.0,391674.0,424149.0,2010,tt1570989,98.0,"Comedy,Drama,Romance",6.2,13397,IFC,,7.48298,0.374149,
