Movie,Year,Studio,Production_Budget,Domestic_Gross,Foreign_Gross,Worldwide_Gross,ROI,Profit_USD_Millions,International_Share,Genres,Runtime_Minutes,IMDb_Rating,IMDb_Num_Votes
Pirates of the Caribbean: On Stranger Tides,2011,BV,410600000.0,241063875.0,804600000.0,1045663875.0,1.5466728567949342,635.063875,0.7694633230013803,"Action,Adventure,Fantasy",136.0,6.6,447624
Avengers: Age of Ultron,2015,BV,330600000.0,459005868.0,946400000.0,1403013963.0,3.2438413883847548,1072.413963,0.673399778347873,"Action,Adventure,Sci-Fi",141.0,7.3,665594
Avengers: Infinity War,2018,BV,300000000.0,678815482.0,1369.5,2048134200.0,5.827114,1748.1342,2.017480852123483e-06,"Action,Adventure,Sci-Fi",149.0,8.5,670926
Justice League,2017,WB,300000000.0,229024295.0,428900000.0,655945209.0,1.18648403,355.945209,0.6518987112339422,"Action,Adventure,Fantasy",120.0,6.5,329135
Spectre,2015,Sony,300000000.0,200074175.0,680600000.0,879620923.0,1.9320697433333331,579.620923,0.7728170296352791,"Action,Adventure,Thriller",148.0,6.8,352504
The Dark Knight Rises,2012,WB,275000000.0,448139099.0,636800000.0,1084439099.0,2.9434149054545453,809.439099,0.5869453876138719,"Action,Thriller",164.0,8.4,1387769
Solo: A Star Wars Story,2018,BV,275000000.0,213767512.0,179200000.0,393151347.0,0.4296412618181818,118.151347,0.4560173411994425,"Action,Adventure,Fantasy",135.0,7.0,226243
The Lone Ranger,2013,BV,275000000.0,89302115.0,171200000.0,260002115.0,-0.0545377636363636,-14.997885,0.6571923609910039,"Action,Adventure,Western",150.0,6.4,208827
John Carter,2012,BV,275000000.0,73058679.0,211100000.0,282778100.0,0.028284,7.7781,0.7428947823902292,"Action,Adventure,Sci-Fi",132.0,6.6,241792
Tangled,2010,BV,260000000.0,200821936.0,391000000.0,586477240.0,1.2556816923076923,326.47724,0.6606716923044231,"Adventure,Animation,Comedy",100.0,7.8,366366
Captain America: Civil War,2016,BV,250000000.0,408084349.0,745200000.0,1140069413.0,3.560277652,890.069413,0.6461546110862899,"Action,Adventure,Sci-Fi",147.0,7.8,583507
Batman v Superman: Dawn of Justice,2016,WB,250000000.0,330360194.0,543300000.0,867500281.0,2.470001124,617.500281,0.6218664919509884,"Action,Adventure,Fantasy",151.0,6.5,576909
The Hobbit: An Unexpected Journey,2012,WB (NL),250000000.0,303003568.0,718100000.0,1017003568.0,3.068014272,767.003568,0.7032587315374066,"Adventure,Family,Fantasy",169.0,7.9,719629
The Hobbit: The Desolation of Smaug,2013,WB (NL),250000000.0,258366855.0,700000000.0,960366855.0,2.84146742,710.366855,0.7304092335288452,"Adventure,Fantasy",161.0,7.8,565563
The Hobbit: The Battle of the Five Armies,2014,WB (NL),250000000.0,255119788.0,700900000.0,945577621.0,2.782310484,695.577621,0.7331438206590761,"Adventure,Fantasy",144.0,7.4,438621
The Fate of the Furious,2017,Uni.,250000000.0,225764765.0,1010.0,1234846267.0,3.939385068,984.846267,4.47366302531905e-06,"Action,Crime,Thriller",136.0,6.7,179774
Pirates of the Caribbean: Dead Men Tell No Tales,2017,BV,230000000.0,172558876.0,622300000.0,788241137.0,2.4271353782608696,558.241137,0.782906272785963,"Action,Adventure,Fantasy",129.0,6.6,228592
Man of Steel,2013,WB,225000000.0,291045518.0,377000000.0,667999518.0,1.9688867466666664,442.999518,0.5643328034422948,"Action,Adventure,Sci-Fi",143.0,7.1,647288
The Amazing Spider-Man,2012,Sony,220000000.0,262030663.0,495900000.0,757890267.0,2.444955759090909,537.890267,0.6542814853764533,"Action,Adventure,Sci-Fi",136.0,7.0,525632
Battleship,2012,Uni.,220000000.0,65233400.0,237600000.0,313477717.0,0.4248987136363636,93.477717,0.7845898107672403,"Action,Adventure,Sci-Fi",131.0,5.8,225342
Transformers: The Last Knight,2017,Par.,217000000.0,130168683.0,475300000.0,602893340.0,1.7783103225806451,385.89334,0.7850116997711011,"Action,Adventure,Sci-Fi",154.0,5.2,119007
Jurassic World,2015,Uni.,215000000.0,652270625.0,1019.4,1648854864.0,6.669092390697674,1433.854864,1.5628458001385411e-06,"Action,Adventure,Sci-Fi",124.0,7.0,539338
Transformers: Age of Extinction,2014,Par.,210000000.0,245439076.0,858600000.0,1104039076.0,4.2573289333333335,894.039076,0.7776898650279295,"Action,Adventure,Sci-Fi",165.0,5.7,283486
Robin Hood,2010,Uni.,210000000.0,105487148.0,216400000.0,322459006.0,0.5355190761904762,112.459006,0.6722853066503917,"Action,Adventure,Drama",140.0,6.6,239480
Black Panther,2018,BV,200000000.0,700059566.0,646900000.0,1348258224.0,5.74129112,1148.258224,0.4802668293310892,"Action,Adventure,Sci-Fi",134.0,7.3,516148
Incredibles 2,2018,BV,200000000.0,608581744.0,634200000.0,1242520711.0,5.212603555,1042.520711,0.5103068202134775,"Action,Adventure,Animation",118.0,7.7,203510
Rogue One: A Star Wars Story,2016,BV,200000000.0,532177324.0,523900000.0,1049102856.0,4.24551428,849.102856,0.4960810994555546,"Action,Adventure,Sci-Fi",133.0,7.8,478592
Finding Dory,2016,BV,200000000.0,486295561.0,542300000.0,1021215193.0,4.106075965,821.215193,0.5272237413437564,"Adventure,Animation,Comedy",97.0,7.3,213542
Toy Story 3,2010,BV,200000000.0,415004880.0,652000000.0,1068879522.0,4.34439761,868.879522,0.6110562493397406,"Adventure,Animation,Comedy",103.0,8.3,682218
Iron Man 3,2013,BV,200000000.0,408992272.0,805800000.0,1215392272.0,5.07696136,1015.392272,0.6633232846249124,"Action,Adventure,Sci-Fi",130.0,7.2,692794
Skyfall,2012,Sony,200000000.0,304360277.0,804200000.0,1110526981.0,4.552634905,910.526981,0.7254454418810101,"Action,Adventure,Thriller",143.0,7.8,592221
Monsters University,2013,BV,200000000.0,268488329.0,475700000.0,743588329.0,2.717941645,543.588329,0.6392199144525955,"Adventure,Animation,Comedy",104.0,7.3,291887
X-Men: Days of Future Past,2014,Fox,200000000.0,233921534.0,513900000.0,747862775.0,2.739313875,547.862775,0.6871960442904282,"Action,Adventure,Sci-Fi",132.0,8.0,620079
The Amazing Spider-Man 2,2014,Sony,200000000.0,202853933.0,506100000.0,708996336.0,2.54498168,508.996336,0.7138686682481525,"Action,Adventure,Sci-Fi",142.0,6.6,388363
Cars 2,2011,BV,200000000.0,191450875.0,370700000.0,560155383.0,1.800776915,360.155383,0.6594315093790435,"Adventure,Animation,Comedy",106.0,6.2,138914
Fantastic Beasts: The Crimes of Grindelwald,2018,WB,200000000.0,159555901.0,494100000.0,652220086.0,2.26110043,452.220086,0.7559023015689107,"Adventure,Family,Fantasy",134.0,6.6,163151
Green Lantern,2011,WB,200000000.0,116601172.0,103300000.0,219535492.0,0.09767746,19.535492,0.4697564776962625,"Action,Adventure,Sci-Fi",114.0,5.5,252281
Transformers: Dark of the Moon,2011,P/DW,195000000.0,352390543.0,771400000.0,1123790543.0,4.763028425641026,928.790543,0.686426847783146,"Action,Adventure,Sci-Fi",154.0,6.2,366409
Jack the Giant Slayer,2013,WB (NL),195000000.0,65187603.0,132500000.0,197687603.0,0.0137825794871794,2.687603,0.6702494136670776,"Adventure,Fantasy",114.0,6.3,123127
Furious 7,2015,Uni.,190000000.0,353007020.0,1163.0,1518722794.0,6.993277863157895,1328.722794,3.294541191981377e-06,"Action,Crime,Thriller",137.0,7.2,335074
Star Trek Into Darkness,2013,Par.,190000000.0,228778661.0,238600000.0,467381584.0,1.4599030736842105,277.381584,0.5105068329167899,"Action,Adventure,Sci-Fi",132.0,7.7,445535
World War Z,2013,Par.,190000000.0,202359711.0,337600000.0,531514650.0,1.7974455263157896,341.51465,0.6252318332691307,"Action,Adventure,Horror",116.0,7.0,553751
Pacific Rim,2013,WB,190000000.0,101802906.0,309200000.0,411002906.0,1.1631731894736843,221.002906,0.7523061162978736,"Action,Adventure,Sci-Fi",131.0,6.9,443667
The Good Dinosaur,2015,BV,187500000.0,123087120.0,209100000.0,333771037.0,0.7801121973333334,146.271037,0.6294645018145195,"Adventure,Animation,Comedy",93.0,6.7,91465
Brave,2012,BV,185000000.0,237282182.0,303200000.0,554606532.0,1.997873145945946,369.606532,0.5609805653130671,"Adventure,Animation,Comedy",93.0,7.1,338728
Kong: Skull Island,2017,WB,185000000.0,168052812.0,398600000.0,561072059.0,2.0328219405405403,376.072059,0.7034289631302492,"Action,Adventure,Fantasy",118.0,6.6,237720
Star Trek Beyond,2016,Par.,185000000.0,158848340.0,184600000.0,335802233.0,0.8151472054054054,150.802233,0.5374898594647451,"Action,Adventure,Sci-Fi",122.0,7.1,209844
Blade Runner 2049,2017,WB,185000000.0,92054159.0,167200000.0,259357408.0,0.4019319351351351,74.357408,0.6449269729940957,"Drama,Mystery,Sci-Fi",164.0,8.0,376241
Thor: Ragnarok,2017,BV,180000000.0,315058289.0,538900000.0,846980024.0,3.7054445777777776,666.980024,0.6310612672090358,"Action,Adventure,Comedy",130.0,7.9,482995
Maleficent,2014,BV,180000000.0,241407328.0,517100000.0,758536735.0,3.2140929722222222,578.536735,0.6817336905148529,"Action,Adventure,Family",97.0,7.0,305832
The Legend of Tarzan,2016,WB,180000000.0,126643061.0,230100000.0,348902025.0,0.9383445833333334,168.902025,0.6450020341110433,"Action,Adventure,Drama",110.0,6.3,150154
Hugo,2011,Par.,180000000.0,73864507.0,111900000.0,180047784.0,0.0002654666666666,0.047784,0.6023755657478745,"Adventure,Drama,Family",126.0,7.5,284869
Valerian and the City of a Thousand Planets,2017,STX,180000000.0,40479370.0,184700000.0,215098356.0,0.1949908666666666,35.098356,0.820234997548843,"Action,Adventure,Fantasy",137.0,6.5,139792
Jupiter Ascending,2015,WB,179000000.0,47482519.0,136600000.0,181982519.0,0.0166621173184357,2.982519,0.7420585112701549,"Action,Adventure,Sci-Fi",127.0,5.3,166327
X-Men: Apocalypse,2016,Fox,178000000.0,155442489.0,388500000.0,542537546.0,2.047963741573034,364.537546,0.7142299192589825,"Action,Adventure,Sci-Fi",144.0,7.0,356556
The Meg,2018,WB,178000000.0,145443742.0,384800000.0,529530715.0,1.9748916573033708,351.530715,0.7257039914296621,"Action,Horror,Sci-Fi",113.0,5.7,114042
Edge of Tomorrow,2014,WB,178000000.0,100206256.0,270300000.0,370541256.0,1.0816924494382023,192.541256,0.7295423373364038,"Action,Sci-Fi",113.0,7.9,546284
Inside Out,2015,BV,175000000.0,356461711.0,501100000.0,854235992.0,3.881348525714286,679.235992,0.5843311257631464,"Adventure,Animation,Comedy",95.0,8.2,536181
Spider-Man: Homecoming,2017,Sony,175000000.0,334201140.0,546000000.0,880166350.0,4.029522,705.16635,0.6203127616944464,"Action,Adventure,Sci-Fi",133.0,7.5,426302
Suicide Squad,2016,WB,175000000.0,325100054.0,421700000.0,746059887.0,3.2631993542857143,571.059887,0.564675909892208,"Action,Adventure,Fantasy",123.0,6.0,533039
Coco,2017,BV,175000000.0,209726015.0,597400000.0,798008101.0,3.5600462914285718,623.008101,0.7401570373121972,"Adventure,Animation,Comedy",105.0,8.4,277194
Coco,2017,BV,175000000.0,209726015.0,597400000.0,798008101.0,3.5600462914285718,623.008101,0.7401570373121972,Horror,98.0,7.4,35
Cars 3,2017,BV,175000000.0,152901115.0,231000000.0,383541369.0,1.1916649657142857,208.541369,0.6017174500782578,"Adventure,Animation,Comedy",102.0,6.8,59408
King Arthur: Legend of the Sword,2017,WB,175000000.0,39175066.0,109500000.0,139630336.0,-0.2021123657142857,-35.369664,0.7365054742938537,"Action,Adventure,Drama",126.0,6.8,169054
47 Ronin,2013,Uni.,175000000.0,38362475.0,113400000.0,151716815.0,-0.1330467714285714,-23.283185,0.7472202861741679,"Action,Adventure,Drama",128.0,6.3,135754
Jurassic World: Fallen Kingdom,2018,Uni.,170000000.0,417719760.0,891800000.0,1305772799.0,6.681016464705882,1135.772799,0.6810130150307927,"Action,Adventure,Sci-Fi",128.0,6.2,219125
Guardians of the Galaxy,2014,BV,170000000.0,333172112.0,440200000.0,770867516.0,3.5345148,600.867516,0.5691955957160245,"Action,Adventure,Comedy",121.0,8.1,948394
Iron Man 2,2010,Par.,170000000.0,312433331.0,311500000.0,621156389.0,2.653861111764706,451.156389,0.4992520587107407,"Action,Adventure,Sci-Fi",124.0,7.0,657690
Captain America: The Winter Soldier,2014,BV,170000000.0,259746958.0,454500000.0,714401889.0,3.2023640529411765,544.401889,0.6363345267478199,"Action,Adventure,Sci-Fi",136.0,7.8,666252
Dawn of the Planet of the Apes,2014,Fox,170000000.0,208545589.0,502100000.0,710644566.0,3.1802621529411765,540.644566,0.7065406551056493,"Action,Adventure,Drama",130.0,7.6,390199
Snow White and the Huntsman,2012,Uni.,170000000.0,155136755.0,241300000.0,401021746.0,1.3589514470588235,231.021746,0.608672119718062,"Action,Adventure,Drama",127.0,6.1,258938
Tomorrowland,2015,BV,170000000.0,93436322.0,115700000.0,206627518.0,0.2154559882352941,36.627518,0.5532276693667779,"Action,Adventure,Family",130.0,6.4,161343
Alice Through the Looking Glass,2016,BV,170000000.0,77042381.0,222400000.0,276928112.0,0.628988894117647,106.928112,0.742713837825114,"Adventure,Family,Fantasy",113.0,6.2,79951
Shrek Forever After,2010,P/DW,165000000.0,238736787.0,513900000.0,756244673.0,3.5833010484848486,591.244673,0.6827994709751013,"Adventure,Animation,Comedy",93.0,6.3,167532
Doctor Strange,2016,BV,165000000.0,232641920.0,445100000.0,676404566.0,3.099421612121212,511.404566,0.6567396627908157,"Action,Adventure,Fantasy",115.0,7.5,514510
Big Hero 6,2014,BV,165000000.0,222527828.0,435300000.0,652127828.0,2.952289866666667,487.127828,0.6617232982123098,"Action,Adventure,Animation",102.0,7.8,371204
How to Train Your Dragon,2010,P/DW,165000000.0,217581232.0,277300000.0,494870992.0,1.9992181333333332,329.870992,0.5603364647297839,"Action,Adventure,Animation",98.0,8.1,611299
Wreck-It Ralph,2012,BV,165000000.0,189412677.0,281800000.0,496511521.0,2.009160733333333,331.511521,0.5980314489713952,"Adventure,Animation,Comedy",101.0,7.7,344496
Interstellar,2014,Par.,165000000.0,188017894.0,489400000.0,666379375.0,3.038662878787879,501.379375,0.722449176992068,"Adventure,Drama,Sci-Fi",169.0,8.6,1299334
Independence Day: Resurgence,2016,Fox,165000000.0,103144286.0,286500000.0,384169424.0,1.3282995393939394,219.169424,0.7352860295762171,"Action,Adventure,Sci-Fi",120.0,5.2,155344
Aquaman,2018,WB,160000000.0,335061807.0,812700000.0,1146894640.0,6.1680915,986.89464,0.7080737440847776,"Action,Adventure,Fantasy",143.0,7.1,263328
Inception,2010,WB,160000000.0,292576195.0,535700000.0,835524642.0,4.2220290125,675.524642,0.6467649356987738,"Action,Adventure,Sci-Fi",148.0,8.8,1841066
The Hunger Games: Mockingjay - Part 2,2015,LGF,160000000.0,281723902.0,371700000.0,648986787.0,3.05616741875,488.986787,0.5688497143466906,"Action,Adventure,Sci-Fi",137.0,6.6,252384
X-Men: First Class,2011,Fox,160000000.0,146408305.0,207200000.0,355408305.0,1.22130190625,195.408305,0.5859590882629298,"Action,Adventure,Sci-Fi",131.0,7.7,608930
The Sorcerer's Apprentice,2010,BV,160000000.0,63150991.0,152100000.0,217986320.0,0.3624145,57.98632,0.7066169558308794,"Action,Adventure,Family",109.0,6.1,143862
Warcraft,2016,Uni.,160000000.0,47225655.0,386300000.0,425522281.0,1.65951425625,265.522281,0.8910660662054706,"Action,Adventure,Fantasy",123.0,6.9,225557
Deepwater Horizon,2016,LG/S,156000000.0,61433527.0,60400000.0,122603824.0,-0.2140780512820513,-33.396176,0.4957584458668754,"Action,Drama,History",107.0,7.1,133303
The Chronicles of Narnia: The Voyage of the Dawn Treader,2010,Fox,155000000.0,104386950.0,311300000.0,418186950.0,1.6979803225806451,263.18695,0.748880858540303,"Adventure,Family,Fantasy",113.0,6.3,129663
War for the Planet of the Apes,2017,Fox,152000000.0,146880162.0,343800000.0,489592267.0,2.2210017565789477,337.592267,0.7006600768180231,"Action,Adventure,Drama",140.0,7.5,201943
Wonder Woman,2017,WB,150000000.0,412563408.0,409300000.0,821133378.0,4.47422252,671.133378,0.4980146287276973,"Action,Adventure,Fantasy",141.0,7.5,487527
Frozen,2013,BV,150000000.0,400738009.0,875700000.0,1272469910.0,7.483132733333333,1122.46991,0.6860497680463541,"Adventure,Animation,Comedy",102.0,7.5,516998
Zootopia,2016,BV,150000000.0,341268248.0,682500000.0,1019429616.0,5.79619744,869.429616,0.6666547837689922,"Adventure,Animation,Comedy",108.0,8.0,383446
Moana,2016,BV,150000000.0,248757044.0,394600000.0,637517365.0,3.2501157666666667,487.517365,0.6133452702198128,"Adventure,Animation,Comedy",107.0,7.6,224253
Thor: The Dark World,2013,BV,150000000.0,206362140.0,438200000.0,644602516.0,3.297350106666667,494.602516,0.679841357111046,"Action,Adventure,Fantasy",112.0,6.9,540996
Dunkirk,2017,WB,150000000.0,190068280.0,337200000.0,499837368.0,2.33224912,349.837368,0.6395226354219525,"Action,Drama,History",106.0,7.9,466580
Thor,2011,Par.,150000000.0,181030624.0,268300000.0,449326618.0,1.9955107866666664,299.326618,0.5971104253067782,"Action,Adventure,Fantasy",115.0,7.0,683264
Kung Fu Panda 2,2011,P/DW,150000000.0,165249063.0,500400000.0,664837547.0,3.4322503133333333,514.837547,0.7517474714750706,"Action,Adventure,Animation",90.0,7.2,228465
Mad Max: Fury Road,2015,WB,150000000.0,153636354.0,224800000.0,370098020.0,1.4673201333333334,220.09802,0.5940232687053105,"Action,Adventure,Sci-Fi",120.0,8.1,780910
Ready Player One,2018,WB,150000000.0,137690172.0,445200000.0,579290136.0,2.86193424,429.290136,0.7637802477822528,"Action,Adventure,Sci-Fi",140.0,7.5,301660
The Last Airbender,2010,Par.,150000000.0,131772187.0,187900000.0,319713881.0,1.131425873333333,169.713881,0.5877896408923432,"Action,Adventure,Family",103.0,4.1,137734
Wrath of the Titans,2012,WB,150000000.0,83670083.0,221600000.0,305270083.0,1.0351338866666666,155.270083,0.7259145666101844,"Action,Adventure,Fantasy",99.0,5.7,172330
Dark Shadows,2012,WB,150000000.0,79727149.0,165800000.0,238202668.0,0.5880177866666667,88.202668,0.6752817383954554,"Comedy,Fantasy,Horror",113.0,6.2,229818
White House Down,2013,Sony,150000000.0,73103784.0,132300000.0,205440387.0,0.36960258,55.440387,0.6440971895629732,"Action,Drama,Thriller",131.0,6.4,191791
The Wolfman,2010,Uni.,150000000.0,62189884.0,77800000.0,142634358.0,-0.04910428,-7.365642,0.5557544429424629,"Drama,Fantasy,Horror",103.0,5.8,97873
The Great Wall,2017,Uni.,150000000.0,45157105.0,289400000.0,334486852.0,1.2299123466666666,184.486852,0.8650242235925613,Documentary,72.0,6.5,24
Pan,2015,WB,150000000.0,35088320.0,93300000.0,151525973.0,0.0101731533333333,1.525973,0.7267016189634695,"Adventure,Comedy,Family",111.0,5.8,55867
Mars Needs Moms,2011,BV,150000000.0,21392758.0,17600000.0,39549758.0,-0.7363349466666667,-110.450242,0.4513658664514062,"Adventure,Animation,Family",88.0,5.4,19823
Madagascar 3: Europe's Most Wanted,2012,P/DW,145000000.0,216391482.0,530500000.0,746921271.0,4.151181179310345,601.921271,0.710277212667422,"Adventure,Animation,Comedy",93.0,6.8,146858
How to Train Your Dragon 2,2014,Fox,145000000.0,177002924.0,444500000.0,614586270.0,3.238526,469.58627,0.7152017839903195,"Action,Adventure,Animation",102.0,7.8,278205
Mr. Peabody & Sherman,2014,Fox,145000000.0,111506430.0,164200000.0,269806430.0,0.860734,124.80643,0.5955610103108585,"Adventure,Animation,Comedy",92.0,6.8,57277
Rise of the Guardians,2012,P/DW,145000000.0,103412758.0,203500000.0,306900902.0,1.1165579448275862,161.900902,0.6630548737240829,"Action,Adventure,Animation",97.0,7.3,145281
Captain America: The First Avenger,2011,Par.,140000000.0,176654505.0,193900000.0,370569776.0,1.6469269714285717,230.569776,0.5232698493302625,"Action,Adventure,Sci-Fi",124.0,6.9,668137
Kung Fu Panda 3,2016,Fox,140000000.0,143528619.0,377600000.0,517599142.0,2.6971367285714285,377.599142,0.7245811997901423,"Action,Adventure,Animation",95.0,7.1,116166
G.I. Joe: Retaliation,2013,Par.,140000000.0,122523060.0,253200000.0,375740705.0,1.6838621785714285,235.740705,0.6739006117963587,"Action,Adventure,Sci-Fi",110.0,5.8,165536
Exodus: Gods and Kings,2014,Fox,140000000.0,65014513.0,203200000.0,268314513.0,0.9165322357142855,128.314513,0.7576025537439878,"Action,Adventure,Drama",150.0,6.0,150858
The BFG,2016,BV,140000000.0,55483770.0,127900000.0,199646680.0,0.4260477142857143,59.64668,0.6974444903166731,"Adventure,Family,Fantasy",117.0,6.4,69340
Gods of Egypt,2016,LG/S,140000000.0,31153464.0,119500000.0,138836756.0,-0.0083088857142857,-1.163244,0.7932111006753884,"Action,Adventure,Fantasy",127.0,5.4,95111
The Croods,2013,Fox,135000000.0,187168425.0,400000000.0,573068425.0,3.2449512962962963,438.068425,0.6812355415739529,"Action,Adventure,Animation",98.0,7.2,176699
The Revenant,2015,Fox,135000000.0,183637894.0,349300000.0,532938302.0,2.947691125925926,397.938302,0.6554234629072933,"Action,Adventure,Biography",156.0,8.0,621193
Rango,2011,Par.,135000000.0,123477607.0,122200000.0,245724600.0,0.8201822222222223,110.7246,0.4973998301766265,"Adventure,Animation,Comedy",107.0,7.2,215761
Turbo,2013,Fox,135000000.0,83028130.0,199500000.0,286896578.0,1.125159837037037,151.896578,0.7061243777743477,"Adventure,Animation,Comedy",96.0,6.4,74639
Teenage Mutant Ninja Turtles: Out of the Shadows,2016,Par.,135000000.0,82051601.0,163600000.0,245328374.0,0.8172472148148148,110.328374,0.6659838541007514,"Action,Adventure,Comedy",112.0,6.0,77234
Happy Feet Two,2011,WB,135000000.0,64006466.0,86400000.0,157956466.0,0.1700478962962963,22.956466,0.574443388623997,"Adventure,Animation,Comedy",100.0,5.9,38396
The Nutcracker and the Four Realms,2018,BV,132900000.0,54858851.0,119100000.0,170293899.0,0.281368690744921,37.393899,0.6846446692154802,"Adventure,Family,Fantasy",99.0,5.5,18734
Penguins of Madagascar,2014,Fox,132000000.0,83350911.0,289700000.0,366942531.0,1.779867659090909,234.942531,0.7765696087524097,"Adventure,Animation,Comedy",92.0,6.7,72551
The Hunger Games: Catching Fire,2013,LGF,130000000.0,424668047.0,440300000.0,864868047.0,5.652831130769231,734.868047,0.5090361447768024,"Action,Adventure,Sci-Fi",146.0,7.5,575455
Ant-Man and the Wasp,2018,BV,130000000.0,216648740.0,406000000.0,623144660.0,3.7934204615384615,493.14466,0.6520530339465554,"Action,Adventure,Comedy",118.0,7.1,244024
Ant-Man,2015,BV,130000000.0,180202163.0,339100000.0,518858449.0,2.9912188384615384,388.858449,0.6529916957037593,"Action,Adventure,Comedy",117.0,7.3,501213
Mary Poppins Returns,2018,BV,130000000.0,171958438.0,177600000.0,341528518.0,1.6271424461538462,211.528518,0.5080695548822655,"Comedy,Family,Fantasy",130.0,6.9,52103
Puss in Boots,2011,P/DW,130000000.0,149260504.0,405700000.0,554987477.0,3.2691344384615384,424.987477,0.7310430149097601,"Action,Adventure,Animation",90.0,6.6,133355
Megamind,2010,P/DW,130000000.0,148415853.0,173500000.0,321887208.0,1.4760554461538462,191.887208,0.5389607202724496,"Action,Animation,Comedy",95.0,7.3,207488
Rio 2,2014,Fox,130000000.0,131538435.0,368600000.0,492846291.0,2.7911253153846154,362.846291,0.736995947931896,"Adventure,Animation,Comedy",101.0,6.3,72209
Salt,2010,Sony,130000000.0,118311368.0,175200000.0,290650494.0,1.2357730307692307,160.650494,0.5969104406204805,"Action,Mystery,Thriller",100.0,6.4,277204
Noah,2014,Par.,130000000.0,101200044.0,261399999.0,352831065.0,1.7140851153846153,222.831065,0.7209044897989711,"Action,Adventure,Drama",138.0,5.8,229326
The Adventures of Tintin,2011,Par.,130000000.0,77591831.0,296400000.0,373993951.0,1.876876546153846,243.993951,0.7925306796340159,"Action,Adventure,Animation",107.0,7.3,202430
After Earth,2013,Sony,130000000.0,60522097.0,183300000.0,251499665.0,0.9346128076923076,121.499665,0.7517776372828096,"Action,Adventure,Drama",100.0,4.8,181687
R.I.P.D.,2013,Uni.,130000000.0,33618855.0,44700000.0,79076678.0,-0.3917178615384615,-50.923322,0.5707437883253017,"Action,Adventure,Comedy",96.0,5.6,109078
Night at the Museum: Secret of the Tomb,2014,Fox,127000000.0,113746621.0,249500000.0,353756621.0,1.7854852047244094,226.756621,0.6868611724814916,"Adventure,Comedy,Family",98.0,6.2,93103
The Hunger Games: Mockingjay - Part 1,2014,LGF,125000000.0,337135885.0,418200000.0,766575131.0,5.132601048,641.575131,0.5536609716351554,"Action,Adventure,Sci-Fi",123.0,6.6,379050
Fast Five,2011,Uni.,125000000.0,210031325.0,416300000.0,630163454.0,4.041307632,505.163454,0.6646641855251292,"Action,Crime,Thriller",130.0,7.3,329892
Sherlock Holmes: A Game of Shadows,2011,WB,125000000.0,186848418.0,358600000.0,535663443.0,3.285307544,410.663443,0.6574407188032214,"Action,Adventure,Crime",129.0,7.5,394189
The Boss Baby,2017,Fox,125000000.0,175003033.0,353000000.0,510878762.0,3.087030096,385.878762,0.6685567656578215,"Adventure,Animation,Comedy",97.0,6.3,93730
Trolls,2016,Fox,125000000.0,153707064.0,193200000.0,344150134.0,1.753201072,219.150134,0.5569214929563959,"Adventure,Animation,Comedy",92.0,6.5,63295
Prometheus,2012,Fox,125000000.0,126477084.0,276900000.0,402448265.0,2.21958612,277.448265,0.6864544640319726,"Adventure,Mystery,Sci-Fi",124.0,7.0,538720
The Bourne Legacy,2012,Uni.,125000000.0,113203870.0,162900000.0,280355920.0,1.24284736,155.35592,0.5899953521115079,"Action,Adventure,Thriller",135.0,6.7,268678
Skyscraper,2018,Uni.,125000000.0,68420120.0,236400000.0,304115534.0,1.432924272,179.115534,0.7755393574413657,"Action,Adventure,Thriller",102.0,5.8,81193
Jason Bourne,2016,Uni.,120000000.0,162192920.0,253100000.0,416168316.0,2.4680693,296.168316,0.6094493496301358,"Action,Thriller",123.0,6.6,190596
Life of Pi,2012,Fox,120000000.0,124987022.0,484000000.0,620912003.0,4.174266691666666,500.912003,0.7947624210619056,"Adventure,Drama,Fantasy",127.0,7.9,535836
Elysium,2013,TriS,120000000.0,93050117.0,193100000.0,286192091.0,1.3849340916666666,166.192091,0.6748206222120818,"Action,Drama,Sci-Fi",109.0,6.6,395572
Oblivion,2013,Uni.,120000000.0,89107235.0,197100000.0,287916633.0,1.399305275,167.916633,0.6886618362390454,"Action,Adventure,Sci-Fi",124.0,7.0,453966
Fantastic Four,2015,Fox,120000000.0,56117548.0,111900000.0,167849187.0,0.398743225,47.849187,0.66600186309111,"Action,Adventure,Drama",100.0,4.3,140148
The Wolverine,2013,Fox,115000000.0,132556852.0,282300000.0,416456852.0,2.6213639304347827,301.456852,0.6804756836943843,"Action,Adventure,Sci-Fi",126.0,6.7,401286
Gulliver's Travels,2010,Fox,112000000.0,42779261.0,194600000.0,232017848.0,1.0715879285714285,120.017848,0.8197851791273375,"Adventure,Comedy,Family",85.0,4.9,61178
Ferdinand,2017,Fox,111000000.0,84410380.0,211700000.0,289847930.0,1.6112426126126127,178.84793,0.7149360991668039,"Adventure,Animation,Comedy",108.0,6.7,40229
Deadpool 2,2018,Fox,110000000.0,324591735.0,460500000.0,786680557.0,6.151641427272727,676.680557,0.5865556590020655,"Action,Adventure,Comedy",119.0,7.8,391735
Gravity,2013,WB,110000000.0,274092705.0,449100000.0,693698673.0,5.306351572727273,583.698673,0.6209963083076177,"Drama,Sci-Fi,Thriller",91.0,7.7,710018
San Andreas,2015,WB (NL),110000000.0,155190832.0,318800000.0,456258539.0,3.1478049,346.258539,0.6725868486840269,"Action,Adventure,Drama",114.0,6.1,192750
The Smurfs,2011,Sony,110000000.0,142614158.0,421100000.0,563749323.0,4.124993845454545,453.749323,0.7470097992465181,"Adventure,Animation,Comedy",103.0,5.5,77577
The Green Hornet,2011,Sony,110000000.0,98780042.0,129000000.0,229155503.0,1.0832318454545455,119.155503,0.5663358337601851,"Action,Comedy,Crime",119.0,5.8,148622
Real Steel,2011,BV,110000000.0,85463309.0,213800000.0,263880341.0,1.398912190909091,153.880341,0.7144210251314169,"Action,Drama,Family",127.0,7.1,283534
The A-Team,2010,Fox,110000000.0,77222099.0,100000000.0,177241171.0,0.6112833727272727,67.241171,0.5642637152153356,"Action,Adventure,Thriller",117.0,6.8,235256
The Smurfs 2,2013,Sony,110000000.0,71017784.0,276500000.0,348547523.0,2.1686138454545456,238.547523,0.7956427346463513,"Adventure,Animation,Comedy",105.0,5.4,34229
Ender's Game,2013,LG/S,110000000.0,61737191.0,63800000.0,127983283.0,0.1634843909090909,17.983283,0.5082159278201469,"Action,Adventure,Fantasy",114.0,6.6,211722
The Martian,2015,Fox,108000000.0,228433663.0,401700000.0,655271443.0,5.067328175925926,547.271443,0.6374837968305781,"Adventure,Drama,Sci-Fi",144.0,8.0,680116
Allied,2016,Par.,106000000.0,40098064.0,79400000.0,119266661.0,0.125157179245283,13.266661,0.6644459110232949,"Action,Drama,Romance",124.0,7.1,125741
Ice Age: Collision Course,2016,Fox,105000000.0,64063008.0,344500000.0,402156682.0,2.830063638095238,297.156682,0.8431991963403598,"Adventure,Animation,Comedy",94.0,5.7,48932
Kingsman: The Golden Circle,2017,Fox,104000000.0,100234838.0,310700000.0,408803696.0,2.930804769230769,304.803696,0.7560809434219836,"Action,Adventure,Comedy",141.0,6.8,230797
A Wrinkle in Time,2018,BV,103000000.0,100478608.0,32200000.0,133401882.0,0.2951639029126213,30.401882,0.2426917231450001,"Adventure,Family,Fantasy",109.0,4.2,34888
Bumblebee,2018,Par.,102000000.0,127195589.0,340800000.0,465195589.0,3.560741068627451,363.195589,0.7282119917587514,"Action,Adventure,Sci-Fi",114.0,6.9,94155
Cloud Atlas,2012,WB,102000000.0,27108272.0,103400000.0,130673154.0,0.2811093529411764,28.673154,0.7922869440796826,"Action,Drama,Mystery",172.0,7.4,326473
Django Unchained,2012,Wein.,100000000.0,162805434.0,262600000.0,449948323.0,3.49948323,349.948323,0.6172934782022554,"Drama,Western",165.0,8.4,1211405
Little Fockers,2010,Uni.,100000000.0,148438600.0,162200000.0,310650574.0,2.10650574,210.650574,0.5221501770868141,"Comedy,Romance",98.0,5.5,99222
The Other Guys,2010,Sony,100000000.0,119219978.0,51200000.0,170936470.0,0.7093647,70.93647,0.3004342601194327,"Action,Comedy,Crime",107.0,6.7,221664
The Wolf of Wall Street,2013,Par.,100000000.0,116900694.0,275100000.0,389870414.0,2.89870414,289.870414,0.7017844718407565,"Biography,Crime,Drama",180.0,8.2,1035358
Epic,2013,Fox,100000000.0,107518682.0,160900000.0,262794441.0,1.62794441,162.794441,0.5994366666326154,"Adventure,Animation,Family",102.0,6.7,95318
The Expendables 2,2012,LGF,100000000.0,85028192.0,229900000.0,311979256.0,2.11979256,211.979256,0.7300076837833559,"Action,Adventure,Thriller",103.0,6.6,277584
The Tourist,2010,Sony,100000000.0,67631157.0,210700000.0,278731369.0,1.78731369,178.731369,0.7570119072224458,"Action,Adventure,Thriller",103.0,6.0,206714
Legend of the Guardians: The Owls of Ga'Hoole,2010,WB,100000000.0,55675313.0,84400000.0,139716717.0,0.39716717,39.716717,0.6025330102242927,"Action,Adventure,Animation",97.0,7.0,73790
The Expendables 3,2014,LGF,100000000.0,39322544.0,175300000.0,209461378.0,1.09461378,109.461378,0.8167827886710727,"Action,Adventure,Thriller",126.0,6.1,156432
Green Zone,2010,Uni.,100000000.0,35497337.0,59800000.0,97523020.0,-0.0247698,-2.47698,0.627509664829354,"Action,Drama,Thriller",115.0,6.8,122132
Geostorm,2017,WB,100000000.0,33700160.0,187900000.0,220796009.0,1.20796009,120.796009,0.8479235755064437,"Action,Sci-Fi,Thriller",109.0,5.3,78287
In the Heart of the Sea,2015,WB,100000000.0,25020758.0,68900000.0,89693309.0,-0.10306691,-10.306691,0.7335971457981632,"Action,Adventure,Biography",122.0,6.9,108628
Transcendence,2014,WB,100000000.0,23022309.0,80000000.0,103039258.0,0.03039258,3.039258,0.7765308385778851,"Action,Drama,Sci-Fi",119.0,6.3,204481
Mortal Engines,2018,Uni.,100000000.0,15951040.0,67700000.0,85287417.0,-0.14712583,-14.712583,0.8093145046373602,"Action,Adventure,Fantasy",128.0,6.1,70193
The Peanuts Movie,2015,Fox,99000000.0,130178411.0,116100000.0,250091610.0,1.5261778787878788,151.09161,0.4714176915815816,"Adventure,Animation,Comedy",88.0,7.1,39149
Alien: Covenant,2017,Fox,97000000.0,74262031.0,166600000.0,238521247.0,1.4589819278350515,141.521247,0.6916822851169929,"Horror,Sci-Fi,Thriller",122.0,6.4,226920
Ice Age: Continental Drift,2012,Fox,95000000.0,161321843.0,715900000.0,879765137.0,8.26068565263158,784.765137,0.8160991495055602,"Adventure,Animation,Comedy",88.0,6.6,175601
Sex and the City 2,2010,WB (NL),95000000.0,95347692.0,193000000.0,294680778.0,2.1019029263157893,199.680778,0.6693308299481724,"Comedy,Drama,Romance",146.0,4.4,69199
The Campaign,2012,WB,95000000.0,86907746.0,18000000.0,104907746.0,0.1042920631578947,9.907746,0.1715793226555453,Comedy,85.0,6.1,118678
Unstoppable,2010,Fox,95000000.0,81562942.0,86200000.0,165720921.0,0.7444307473684211,70.720921,0.513820269079449,"Action,Thriller",98.0,6.8,173019
Rise of the Planet of the Apes,2011,Fox,93000000.0,176760185.0,305000000.0,470986200.0,4.064367741935484,377.9862,0.6330950740564001,"Action,Drama,Sci-Fi",105.0,7.6,473020
A Good Day to Die Hard,2013,Fox,92000000.0,67349198.0,237300000.0,304249198.0,2.3070565,212.249198,0.778928687677031,"Action,Thriller",98.0,5.3,188383
The Secret Life of Walter Mitty,2013,Fox,91000000.0,58236838.0,129900000.0,187861183.0,1.0644086043956045,96.861183,0.6904548911362058,"Adventure,Comedy,Drama",114.0,7.3,275300
Jumanji: Welcome to the Jungle,2017,Sony,90000000.0,404508916.0,557600000.0,964496193.0,9.716624366666666,874.496193,0.5795601628121696,"Action,Adventure,Comedy",119.0,7.0,242735
Rio,2011,Fox,90000000.0,143619809.0,341000000.0,487519809.0,4.416886766666667,397.519809,0.7036443696010783,"Adventure,Animation,Comedy",96.0,6.9,191621
Alvin and the Chipmunks: The Road Chip,2015,Fox,90000000.0,85886987.0,148900000.0,249517956.0,1.7724217333333334,159.517956,0.6341918770821826,"Adventure,Animation,Comedy",92.0,5.1,14507
Pixels,2015,Sony,90000000.0,78765986.0,166100000.0,244041804.0,1.7115756,154.041804,0.6783302275392386,"Action,Comedy,Sci-Fi",105.0,5.6,119789
Percy Jackson: Sea of Monsters,2013,Fox,90000000.0,68559554.0,131300000.0,200859554.0,1.2317728222222222,110.859554,0.6569613379603559,"Adventure,Family,Fantasy",106.0,5.8,102313
Now You See Me 2,2016,LG/S,90000000.0,65075540.0,269800000.0,328325007.0,2.648055633333333,238.325007,0.8056724596845741,"Action,Adventure,Comedy",129.0,6.5,216219
Tomb Raider,2018,WB,90000000.0,58250803.0,216400000.0,273477501.0,2.0386389,183.477501,0.7879095842293969,"Action,Adventure,Fantasy",119.0,6.3,163560
The Nutcracker in 3D,2010,Free,90000000.0,195459.0,16000000.0,20466016.0,-0.7725998222222222,-69.533984,0.9879312466537687,"Action,Family,Fantasy",110.0,4.3,3119
Divergent,2014,LG/S,85000000.0,150947895.0,137900000.0,276014965.0,2.247234882352941,191.014965,0.4774138997966386,"Action,Adventure,Mystery",139.0,6.7,399703
Hotel Transylvania,2012,Sony,85000000.0,148313048.0,210100000.0,378505812.0,3.4530095529411766,293.505812,0.5861951766889916,"Animation,Comedy,Family",91.0,7.1,204571
Safe House,2012,Uni.,85000000.0,126181630.0,81700000.0,208542162.0,1.4534372,123.542162,0.3930121194450899,"Action,Adventure,Crime",115.0,6.8,192655
Tower Heist,2011,Uni.,85000000.0,78046570.0,74900000.0,150422946.0,0.7696817176470588,65.422946,0.4897134992958652,"Action,Comedy,Crime",104.0,6.2,125102
Mirror Mirror,2012,Rela.,85000000.0,64935167.0,118100000.0,173613482.0,1.0425115529411764,88.613482,0.6452311975654383,"Adventure,Comedy,Drama",106.0,5.6,79510
Arthur Christmas,2011,Sony,85000000.0,46462469.0,101000000.0,149717124.0,0.7613779294117647,64.717124,0.6849200388744339,"Adventure,Animation,Comedy",97.0,7.1,45439
Cats & Dogs: The Revenge of Kitty Galore,2010,WB,85000000.0,43585753.0,68900000.0,113026383.0,0.3297221529411764,28.026383,0.6125220142323268,"Action,Comedy,Family",82.0,4.3,12642
The Greatest Showman,2017,Fox,84000000.0,174340174.0,260700000.0,386665550.0,3.603161309523809,302.66555,0.5992550012174278,"Biography,Drama,Musical",105.0,7.6,199663
The Expendables,2010,LGF,82000000.0,103068524.0,171400000.0,268268174.0,2.271563097560976,186.268174,0.6244796215685555,"Action,Adventure,Thriller",103.0,6.5,307897
The Hunger Games,2012,LGF,80000000.0,408010692.0,286400000.0,677923379.0,7.4740422375,597.923379,0.4124360458436029,"Action,Adventure,Sci-Fi",142.0,7.2,795227
The Hangover Part II,2011,WB,80000000.0,254464305.0,332300000.0,586464305.0,6.3308038125,506.464305,0.5663262014549436,"Comedy,Mystery",102.0,6.5,432800
Hotel Transylvania 2,2015,Sony,80000000.0,169700110.0,305100000.0,469500298.0,4.868753725,389.500298,0.6425862032761535,"Animation,Comedy,Family",89.0,6.7,92905
Grown Ups 2,2013,Sony,80000000.0,133668525.0,113300000.0,247023808.0,2.0877976,167.023808,0.4587629132092845,Comedy,101.0,5.4,128500
Alvin and the Chipmunks: Chipwrecked,2011,Fox,80000000.0,133107389.0,209600000.0,349088523.0,3.3636065375,269.088523,0.6116004694605519,"Adventure,Animation,Comedy",87.0,4.4,28158
Shutter Island,2010,Par.,80000000.0,128012934.0,166800000.0,299461782.0,2.743272275,219.461782,0.5657825039657182,"Mystery,Thriller",138.0,8.1,1005960
Yogi Bear,2010,WB,80000000.0,100246011.0,101300000.0,204774690.0,1.559683625,124.77469,0.5026147602593831,"Adventure,Animation,Comedy",80.0,4.6,18934
The Book of Eli,2010,WB,80000000.0,94835059.0,62300000.0,158750817.0,0.9843852125,78.750817,0.3964742203075126,"Action,Adventure,Drama",118.0,6.9,271307
Smallfoot,2018,WB,80000000.0,83240103.0,130900000.0,213691277.0,1.6711409625,133.691277,0.6112820446341151,"Adventure,Animation,Comedy",96.0,6.7,23295
Zookeeper,2011,Sony,80000000.0,80360866.0,89500000.0,170805525.0,1.1350690625,90.805525,0.5269018232840047,"Comedy,Family,Romance",102.0,5.2,52396
The Last Witch Hunter,2015,LG/S,80000000.0,27367660.0,119600000.0,130818912.0,0.6352364,50.818912,0.8137844747613182,"Action,Adventure,Fantasy",106.0,6.0,86118
Pompeii,2014,TriS,80000000.0,23169033.0,94600000.0,108469033.0,0.3558629125,28.469033,0.8032671882429399,"Action,Adventure,Drama",105.0,5.5,100467
Journey 2: The Mysterious Island,2012,WB (NL),79000000.0,103860290.0,231400000.0,318146162.0,3.027166607594937,239.146162,0.6902099857993919,"Action,Adventure,Comedy",94.0,5.8,83507
Jack and Jill,2011,Sony,79000000.0,74158157.0,75500000.0,150519217.0,0.9053065443037974,71.519217,0.5044830266084327,Comedy,91.0,3.3,71361
Cloudy with a Chance of Meatballs 2,2013,Sony,78000000.0,119793567.0,154500000.0,274392649.0,2.517854474358974,196.392649,0.5632651238955232,"Adventure,Animation,Comedy",95.0,6.4,81010
The Equalizer 2,2018,Sony,77000000.0,102084362.0,88300000.0,190453132.0,1.4734172987012988,113.453132,0.463798597071749,"Action,Crime,Thriller",121.0,6.7,97963
Despicable Me 2,2013,Uni.,76000000.0,368065385.0,602700000.0,975216835.0,11.831800460526315,899.216835,0.6208503200801706,"Adventure,Animation,Comedy",98.0,7.4,344230
The Secret Life of Pets,2016,Uni.,75000000.0,368384330.0,507100000.0,886750534.0,10.823340453333332,811.750534,0.5792222460452262,"Adventure,Animation,Comedy",87.0,6.5,161997
Sing,2016,Uni.,75000000.0,270329045.0,363800000.0,634454789.0,7.459397186666667,559.454789,0.5737002631696203,"Animation,Comedy,Family",108.0,7.1,115951
Despicable Me 3,2017,Uni.,75000000.0,264624300.0,770200000.0,1034727750.0,12.79637,959.72775,0.7442809373533266,"Adventure,Animation,Comedy",89.0,6.3,92580
Grown Ups,2010,Sony,75000000.0,162001186.0,109400000.0,272223430.0,2.629645733333333,197.22343,0.4030933011471806,Comedy,102.0,6.0,210377
Now You See Me,2013,LG/S,75000000.0,117723989.0,234000000.0,342769200.0,3.570256,267.7692,0.6652943993535795,"Crime,Mystery,Thriller",115.0,7.3,553156
Immortals,2011,Rela.,75000000.0,83504017.0,143400000.0,211562435.0,1.8208324666666664,136.562435,0.6319852856549473,"Action,Drama,Fantasy",110.0,6.0,152992
Killers,2010,LGF,75000000.0,47059963.0,51100000.0,95572749.0,0.27430332,20.572749,0.5205788433314711,"Action,Comedy,Romance",100.0,5.4,82237
Sucker Punch,2011,WB,75000000.0,36392502.0,53400000.0,89758389.0,0.19677852,14.758389,0.5947044442530401,"Action,Adventure,Fantasy",110.0,6.1,218371
Inferno,2016,Sony,75000000.0,34343574.0,185700000.0,219519367.0,1.9269248933333332,144.519367,0.8439237584824903,"Action,Adventure,Crime",121.0,6.2,138978
Minions,2015,Uni.,74000000.0,336045770.0,823400000.0,1160336173.0,14.680218554054054,1086.336173,0.7101668929285067,"Adventure,Animation,Comedy",91.0,6.4,193917
The SpongeBob Movie: Sponge Out of Water,2015,Par.,74000000.0,162994032.0,162200000.0,311013181.0,3.2028808243243243,237.013181,0.4987791411866992,"Adventure,Animation,Comedy",92.0,6.0,43560
The Angry Birds Movie,2016,Sony,73000000.0,107509366.0,244800000.0,352327887.0,3.826409410958904,279.327887,0.6948438606085766,"Action,Animation,Comedy",97.0,6.3,69624
Olympus Has Fallen,2013,FD,70000000.0,98927592.0,71300000.0,172878928.0,1.4696989714285715,102.878928,0.4188510168198819,"Action,Thriller",119.0,6.5,235443
War Horse,2011,BV,70000000.0,79883359.0,97700000.0,156815529.0,1.2402218428571428,86.815529,0.5501641626229178,"Drama,History,War",146.0,7.2,136447
The Monuments Men,2014,Sony,70000000.0,78031620.0,77000000.0,158702748.0,1.2671821142857145,88.702748,0.4966728722824415,"Comedy,Drama,History",118.0,6.1,117638
Storks,2016,WB,70000000.0,72679278.0,110700000.0,183353431.0,1.6193347285714286,113.353431,0.6036668985031122,"Adventure,Animation,Comedy",87.0,6.8,50448
Dracula Untold,2014,Uni.,70000000.0,55991880.0,160800000.0,220241723.0,2.1463103285714284,150.241723,0.7417251974566575,"Action,Drama,Fantasy",92.0,6.3,164829
The Dilemma,2011,Uni.,70000000.0,48475290.0,21200000.0,70546865.0,0.0078123571428571,0.546865,0.3042685577627305,"Comedy,Drama",111.0,5.3,48148
Rock of Ages,2012,WB (NL),70000000.0,38518613.0,20900000.0,61031932.0,-0.1281152571428571,-8.968068,0.3517416335517626,"Comedy,Drama,Musical",123.0,5.9,69910
The Finest Hours,2016,BV,70000000.0,27569558.0,24500000.0,49252761.0,-0.2963891285714286,-20.747239,0.4705244473171829,"Action,Drama,History",117.0,6.8,55981
Escape Plan,2013,LG/S,70000000.0,25135965.0,112200000.0,103735965.0,0.4819423571428571,33.735965,0.8169746358865283,"Action,Crime,Mystery",115.0,6.7,211587
Killer Elite,2011,ORF,70000000.0,25124986.0,31300000.0,65409046.0,-0.0655850571428571,-4.590954,0.5547187907144541,"Action,Crime,Thriller",116.0,6.5,117711
The Legend of Hercules,2014,LG/S,70000000.0,18848538.0,42400000.0,58953319.0,-0.1578097285714285,-11.046681,0.6922614218154889,"Action,Adventure,Fantasy",99.0,4.2,50352
Blackhat,2015,Uni.,70000000.0,8005980.0,11600000.0,19665004.0,-0.7190713714285715,-50.334996,0.591656219173946,"Action,Crime,Thriller",133.0,5.4,48427
Despicable Me,2010,Uni.,69000000.0,251513985.0,291600000.0,543464573.0,6.87629815942029,474.464573,0.5369038692678849,"Animation,Comedy,Family",95.0,7.7,464511
Dinner for Schmucks,2010,P/DW,69000000.0,73026337.0,13800000.0,86796502.0,0.2579203188405797,17.796502,0.1589379498987732,Comedy,114.0,5.9,91546
Red Sparrow,2018,Fox,69000000.0,46874505.0,104700000.0,145951861.0,1.1152443623188406,76.951861,0.6907494106611135,"Action,Drama,Thriller",140.0,6.6,136738
The Twilight Saga: Eclipse,2010,Sum.,68000000.0,300531751.0,398000000.0,706102828.0,9.383865117647058,638.102828,0.5697665130185328,"Adventure,Drama,Fantasy",124.0,5.0,211733
Ted 2,2015,Uni.,68000000.0,81476385.0,135200000.0,217214143.0,2.194325632352941,149.214143,0.6239720124553491,Comedy,115.0,6.3,165843
Hall Pass,2011,WB (NL),68000000.0,45060734.0,38100000.0,87173475.0,0.2819628676470588,19.173475,0.458148914366244,"Comedy,Romance",105.0,5.9,113775
Downsizing,2017,Par.,68000000.0,24449754.0,30600000.0,54462971.0,-0.1990739558823529,-13.537029,0.5558607945822973,"Drama,Sci-Fi",135.0,5.7,74815
Abraham Lincoln: Vampire Hunter,2012,Fox,67500000.0,37519139.0,79000000.0,137489730.0,1.0368848888888889,69.98973,0.6780002038978334,"Action,Fantasy,Horror",105.0,5.9,142853
Need for Speed,2014,BV,66000000.0,43568507.0,159700000.0,194169619.0,1.9419639242424245,128.169619,0.785660318742834,"Action,Crime,Thriller",132.0,6.5,154909
Lincoln,2012,BV,65000000.0,182207973.0,93100000.0,273346281.0,3.2053274,208.346281,0.338166740997363,"Biography,Drama,History",150.0,7.4,228701
Hotel Transylvania 3: Summer Vacation,2018,Sony,65000000.0,167500092.0,361100000.0,527079962.0,7.108922492307692,462.079962,0.6831251175794347,"Adventure,Animation,Comedy",97.0,6.3,42299
Unbroken,2014,Uni.,65000000.0,115637895.0,47800000.0,163527824.0,1.5158126769230769,98.527824,0.2924658323579118,"Biography,Drama,Sport",137.0,7.2,129981
Due Date,2010,WB,65000000.0,100539043.0,111200000.0,211739043.0,2.2575237384615385,146.739043,0.5251747548514234,"Adventure,Comedy",95.0,6.5,303523
The Dictator,2012,Par.,65000000.0,59650222.0,119700000.0,180148897.0,1.7715214923076923,115.148897,0.6674092658775744,Comedy,83.0,6.4,250976
This Means War,2012,Fox,65000000.0,54760791.0,101700000.0,156974557.0,1.4149931846153847,91.974557,0.6500031052508228,"Action,Comedy,Romance",103.0,6.3,167438
Resident Evil: Retribution,2012,SGem,65000000.0,42345531.0,197700000.0,240647629.0,2.702271215384616,175.647629,0.8235937539699499,"Action,Horror,Sci-Fi",95.0,5.4,125191
"I, Frankenstein",2014,LGF,65000000.0,19075290.0,52100000.0,74575290.0,0.1473121538461538,9.57529,0.7319956125222672,"Action,Fantasy,Horror",92.0,5.1,74910
Hop,2011,Uni.,63000000.0,108085305.0,75900000.0,188657593.0,1.9945649682539683,125.657593,0.4125329465850547,"Adventure,Animation,Comedy",95.0,5.4,28893
American Assassin,2017,LGF,63000000.0,36249674.0,31000000.0,68310140.0,0.0842879365079365,5.31014,0.4609687773356343,"Action,Thriller",112.0,6.2,57793
The Hateful Eight,2015,Wein.,62000000.0,54117416.0,101600000.0,147864886.0,1.3849175161290324,85.864886,0.6524639478990584,"Crime,Drama,Mystery",168.0,7.8,434966
Gone Girl,2014,Fox,61000000.0,167767189.0,201600000.0,368567189.0,5.042085065573771,307.567189,0.5457983437722185,"Drama,Mystery,Thriller",149.0,8.1,761592
Maze Runner: The Scorch Trials,2015,Fox,61000000.0,81697192.0,230600000.0,310566162.0,4.09124855737705,249.566162,0.7383992104546364,"Action,Sci-Fi,Thriller",131.0,6.3,201143
2 Guns,2013,Uni.,61000000.0,75612460.0,56300000.0,132493015.0,1.1720166393442624,71.493015,0.4267981963189831,"Action,Comedy,Crime",109.0,6.7,182025
Sully,2016,WB,60000000.0,125070033.0,115700000.0,238524556.0,2.9754092666666665,178.524556,0.4805415298506023,"Biography,Drama",96.0,7.5,202718
Eat Pray Love,2010,Sony,60000000.0,80574010.0,124000000.0,206598789.0,2.44331315,146.598789,0.6061376027189378,"Drama,Romance",133.0,5.8,77709
Jack Reacher,2012,Par.,60000000.0,80070736.0,138300000.0,217370736.0,2.6228456,157.370736,0.6333266193689983,"Action,Crime,Thriller",130.0,7.0,284547
Contagion,2011,WB,60000000.0,75658097.0,59800000.0,137551594.0,1.2925265666666668,77.551594,0.4414649350935441,"Action,Drama,Thriller",106.0,6.6,201536
London Has Fallen,2016,Focus,60000000.0,62524260.0,143200000.0,195194085.0,2.25323475,135.194085,0.6960773610268425,"Action,Thriller",99.0,5.9,124757
Jack Reacher: Never Go Back,2016,Par.,60000000.0,58697076.0,103400000.0,159946489.0,1.6657748166666666,99.946489,0.6378893595835128,"Action,Thriller",118.0,6.1,121892
Baywatch,2017,Par.,60000000.0,58060186.0,119800000.0,175863783.0,1.93106305,115.863783,0.6735627725026668,"Action,Comedy,Crime",116.0,5.6,137528
Joy,2015,Fox,60000000.0,56451232.0,44700000.0,101134059.0,0.68556765,41.134059,0.4419125611836344,Drama,124.0,6.6,118086
ParaNorman,2012,Focus,60000000.0,56003051.0,51100000.0,108119662.0,0.8019943666666667,48.119662,0.477110591368681,"Adventure,Animation,Comedy",92.0,7.0,87250
The Boxtrolls,2014,Focus,60000000.0,50837305.0,58400000.0,111946251.0,0.86577085,51.946251,0.5346158988451793,"Adventure,Animation,Comedy",96.0,6.8,50763
The Dark Tower,2017,Sony,60000000.0,50701325.0,62500000.0,113461527.0,0.89102545,53.461527,0.5521136788814088,"Action,Adventure,Fantasy",95.0,5.7,107518
Jack Ryan: Shadow Recruit,2014,Par.,60000000.0,50577412.0,84900000.0,131377412.0,1.1896235333333334,71.377412,0.626672732720935,"Action,Drama,Thriller",105.0,6.2,114913
Vice,2018,Annapurna,60000000.0,47836282.0,28200000.0,70883171.0,0.1813861833333333,10.883171,0.3708755775302111,"Biography,Comedy,Drama",132.0,7.2,72855
Gangster Squad,2013,WB,60000000.0,46000903.0,59200000.0,104100903.0,0.73501505,44.100903,0.5627328122839402,"Action,Crime,Drama",113.0,6.7,195560
Smurfs: The Lost Village,2017,Sony,60000000.0,45020282.0,152200000.0,197578586.0,2.292976433333333,137.578586,0.771725901902929,"Adventure,Animation,Comedy",90.0,6.0,15612
First Man,2018,Uni.,60000000.0,44936545.0,60800000.0,105203825.0,0.7533970833333333,45.203825,0.5750140597084953,"Biography,Drama,History",141.0,7.4,120009
Edge of Darkness,2010,WB,60000000.0,43313890.0,37800000.0,82812456.0,0.3802076,22.812456,0.4660114315809536,"Crime,Drama,Mystery",117.0,6.6,84753
Trouble with the Curve,2012,WB,60000000.0,35763137.0,13200000.0,47818913.0,-0.2030181166666666,-12.181087,0.2695905697382094,"Drama,Sport",111.0,6.8,56129
The Mortal Instruments: City of Bones,2013,SGem,60000000.0,31165421.0,64200000.0,75965567.0,0.2660927833333333,15.965567,0.6731999851392676,"Action,Fantasy,Horror",130.0,5.9,121936
Priest,2011,SGem,60000000.0,29136626.0,49200000.0,84154026.0,0.4025671,24.154026,0.6280587065365822,"Action,Adventure,Fantasy",87.0,5.7,108320
Mortdecai,2015,LGF,60000000.0,7696134.0,39600000.0,30396134.0,-0.4933977666666667,-29.603866,0.8372777360618946,"Action,Comedy,Crime",107.0,5.5,61366
Sherlock Gnomes,2018,Par.,59000000.0,43242871.0,47100000.0,87527651.0,0.4835195084745762,28.527651,0.5213471686105703,"Adventure,Animation,Comedy",86.0,5.1,8030
Deadpool,2016,Fox,58000000.0,363070709.0,420000000.0,801025593.0,12.810786086206896,743.025593,0.5363500322165671,"Action,Adventure,Comedy",108.0,8.0,820847
American Sniper,2014,WB,58000000.0,350126372.0,197300000.0,547326372.0,8.436661586206897,489.326372,0.3604137653784791,"Action,Biography,Drama",133.0,7.3,401915
Goosebumps,2015,Sony,58000000.0,80069458.0,70100000.0,158905324.0,1.7397469655172413,100.905324,0.466805973289189,"Adventure,Comedy,Family",103.0,6.3,72858
Red Tails,2012,Fox,58000000.0,49876377.0,489000.0,50365498.0,-0.1316293448275862,-7.634502,0.0097090507234761,"Action,Adventure,Drama",125.0,5.9,31815
The Internship,2013,Fox,58000000.0,44672764.0,48800000.0,93672764.0,0.6150476551724138,35.672764,0.5220772117105684,Comedy,119.0,6.3,179817
Resident Evil: Afterlife,2010,SGem,57500000.0,60128566.0,240100000.0,295874190.0,4.145638086956522,238.37419,0.7997240342546219,"Action,Adventure,Horror",96.0,5.9,153270
That's My Boy,2012,Sony,57500000.0,36931089.0,20800000.0,58085235.0,0.010178,0.585235,0.3602911422647856,Comedy,116.0,5.6,83009
Into the Woods,2014,BV,56200000.0,128002372.0,85100000.0,213116401.0,2.7921067793594307,156.916401,0.3993385864330032,"Adventure,Comedy,Drama",125.0,6.0,123577
Bohemian Rhapsody,2018,Fox,55000000.0,216303339.0,687200000.0,894985342.0,15.272460763636364,839.985342,0.7605948648298244,"Biography,Drama,Music",134.0,8.0,345466
Fifty Shades Darker,2017,Uni.,55000000.0,114434010.0,267000000.0,381398492.0,5.934518036363636,326.398492,0.6999900192434335,"Drama,Romance",118.0,4.6,81706
Captain Phillips,2013,Sony,55000000.0,107136417.0,111700000.0,220648184.0,3.011785163636364,165.648184,0.510426927708289,"Biography,Drama,Thriller",134.0,7.8,387402
The Equalizer,2014,Sony,55000000.0,101530738.0,90800000.0,192903624.0,2.507338618181818,137.903624,0.472103424258685,"Action,Crime,Thriller",132.0,7.2,302302
Fifty Shades Freed,2018,Uni.,55000000.0,100407760.0,271500000.0,371350619.0,5.751829436363637,316.350619,0.7300197231700678,"Drama,Romance,Thriller",105.0,4.5,43893
Date Night,2010,Fox,55000000.0,98711404.0,53600000.0,152269033.0,1.7685278727272726,97.269033,0.3519106159641204,"Comedy,Crime,Romance",88.0,6.3,144683
Free Birds,2013,Rela.,55000000.0,55750480.0,54600000.0,110387072.0,1.0070376727272727,55.387072,0.4947871545280093,"Adventure,Animation,Comedy",91.0,5.9,20934
Muppets Most Wanted,2014,BV,55000000.0,51178893.0,29200000.0,79312301.0,0.4420418363636363,24.312301,0.3632794494942845,"Adventure,Comedy,Crime",107.0,6.4,29018
Kubo and the Two Strings,2016,Focus,55000000.0,48023088.0,21900000.0,77548122.0,0.4099658545454545,22.548122,0.3132012705159703,"Action,Adventure,Animation",101.0,7.8,105578
Burlesque,2010,SGem,55000000.0,39440655.0,50100000.0,90552675.0,0.6464122727272728,35.552675,0.5595223756180921,"Drama,Music,Musical",119.0,6.4,71021
Burlesque,2010,SGem,55000000.0,39440655.0,50100000.0,90552675.0,0.6464122727272728,35.552675,0.5595223756180921,Drama,,7.0,45
The Watch,2012,Fox,55000000.0,34353000.0,32900000.0,67130045.0,0.2205462727272727,12.130045,0.4891975079178624,"Action,Comedy,Horror",102.0,5.7,115757
Crimson Peak,2015,Uni.,55000000.0,31090320.0,43600000.0,74966854.0,0.3630337090909091,19.966854,0.5837436497795163,"Drama,Fantasy,Horror",119.0,6.5,119287
The Pirates! Band of Misfits,2012,Sony,55000000.0,31051126.0,92000000.0,136143605.0,1.4753382727272728,81.143605,0.747656709780941,"Adventure,Animation,Comedy",88.0,6.7,41958
Black Mass,2015,WB,53000000.0,62575678.0,37200000.0,98837872.0,0.8648655094339622,45.837872,0.3728363539659435,"Biography,Crime,Drama",123.0,6.9,155847
Zero Dark Thirty,2012,Sony,52500000.0,95720716.0,37100000.0,134612435.0,1.564046380952381,82.112435,0.2793238970342548,"Drama,Thriller",157.0,7.4,251072
Valentine's Day,2010,WB (NL),52000000.0,110485654.0,106000000.0,217569328.0,3.1840255384615386,165.569328,0.4896398354414745,"Comedy,Romance",125.0,5.7,107171
The Change-Up,2011,Uni.,52000000.0,37243418.0,38400000.0,75997067.0,0.4614820576923077,23.997067,0.5076449612575678,"Comedy,Fantasy",112.0,6.3,155374
Alpha,2018,Studio 8,51000000.0,35851379.0,62300000.0,99624873.0,0.9534288823529412,48.624873,0.6347338227412984,"Adventure,Drama,Family",96.0,6.7,41882
The Adjustment Bureau,2011,Uni.,50200000.0,62495645.0,65400000.0,126931325.0,1.5285124501992031,76.731325,0.5113543936542952,"Romance,Sci-Fi,Thriller",106.0,7.1,227616
Ted,2012,Uni.,50000000.0,218665740.0,330600000.0,556016627.0,10.12033254,506.016627,0.6018944491240251,"Comedy,Fantasy",106.0,6.9,538367
22 Jump Street,2014,Sony,50000000.0,191719337.0,139600000.0,331333876.0,5.62667752,281.333876,0.4213457664863068,"Action,Comedy,Crime",112.0,7.0,319504
Central Intelligence,2016,WB (NL),50000000.0,127440871.0,89500000.0,217194805.0,3.3438961,167.194805,0.4125548108452095,"Action,Comedy,Crime",107.0,6.3,138872
Anchorman 2: The Legend Continues,2013,Par.,50000000.0,127352707.0,46300000.0,172185754.0,2.44371508,122.185754,0.2666241189087827,Comedy,119.0,6.3,156116
Super 8,2011,Par.,50000000.0,127004179.0,133100000.0,257972745.0,4.1594549,207.972745,0.5117180374099256,"Mystery,Sci-Fi,Thriller",112.0,7.0,320575
Creed II,2018,MGM,50000000.0,115715889.0,98300000.0,213591522.0,3.27183044,163.591522,0.4593116915725823,"Drama,Sport",130.0,7.2,72503
Peter Rabbit,2018,Sony,50000000.0,115234093.0,236000000.0,347136477.0,5.94272954,297.136477,0.6719165499688551,"Adventure,Animation,Comedy",95.0,6.6,27908
The Mule,2018,WB,50000000.0,103804407.0,68700000.0,170857676.0,2.41715352,120.857676,0.3982506951257193,"Crime,Drama,Thriller",116.0,7.1,58955
Non-Stop,2014,Uni.,50000000.0,91742160.0,130600000.0,222383055.0,3.4476611,172.383055,0.5873829776592977,"Action,Mystery,Thriller",106.0,7.0,234717
The Emoji Movie,2017,Sony,50000000.0,86089513.0,131699999.0,216562312.0,3.33124624,166.562312,0.6047123104807728,"Adventure,Animation,Comedy",86.0,3.2,47294
The Post,2017,Fox,50000000.0,81903458.0,97900000.0,179748880.0,2.5949776,129.74888,0.5444834103246223,"Biography,Drama,History",116.0,7.2,108017
We Bought a Zoo,2011,Fox,50000000.0,75624550.0,44500000.0,118729073.0,1.37458146,68.729073,0.3704488383099041,"Comedy,Drama,Family",124.0,7.1,126849
Moneyball,2011,Sony,50000000.0,75605492.0,34600000.0,111300835.0,1.2260167,61.300835,0.3139589449861537,"Biography,Drama,Sport",133.0,7.6,326657
American Reunion,2012,Uni.,50000000.0,56758835.0,178000000.0,236799211.0,3.73598422,186.799211,0.7582249247403191,Comedy,113.0,6.7,192250
American Made,2017,Uni.,50000000.0,51342000.0,83500000.0,135569212.0,1.71138424,85.569212,0.6192432624849824,"Action,Biography,Comedy",115.0,7.2,131043
The Judge,2014,WB,50000000.0,47119388.0,37300000.0,76119388.0,0.52238776,26.119388,0.4418416300293482,"Crime,Drama",141.0,7.4,162952
War Dogs,2016,WB,50000000.0,43034523.0,43200000.0,86234503.0,0.72469006,36.234503,0.5009594591252045,"Comedy,Crime,Drama",114.0,7.1,154029
The Nice Guys,2016,WB,50000000.0,36261763.0,26500000.0,59596747.0,0.19193494,9.596747,0.4222316062090225,"Action,Comedy,Crime",116.0,7.4,240337
Marmaduke,2010,Fox,50000000.0,33644788.0,50100000.0,89895930.0,0.7979186,39.89593,0.5982461857805408,"Comedy,Family",87.0,4.2,13283
Hereafter,2010,WB,50000000.0,32746941.0,72500000.0,108660270.0,1.1732054,58.66027,0.6888561255191256,"Drama,Fantasy,Romance",129.0,6.5,87288
Zoolander 2,2016,Par.,50000000.0,28848693.0,27900000.0,55348693.0,0.10697386,5.348693,0.4916412788572946,Comedy,101.0,4.7,59914
Run All Night,2015,WB,50000000.0,26461644.0,45200000.0,66961644.0,0.33923288,16.961644,0.6307418791564424,"Action,Drama,Thriller",114.0,6.6,94131
Your Highness,2011,Uni.,50000000.0,21596445.0,3300000.0,26121638.0,-0.47756724,-23.878362,0.1325490446527606,"Adventure,Comedy,Fantasy",102.0,5.5,92940
Snowden,2016,ORF,50000000.0,21587519.0,15700000.0,35380918.0,-0.29238164,-14.619082,0.421052417029945,"Biography,Drama,Thriller",134.0,7.3,119149
Dream House,2011,Uni.,50000000.0,21302340.0,17200000.0,41642166.0,-0.16715668,-8.357834,0.4467260950892854,"Drama,Mystery,Thriller",84.0,6.0,59714
Free State of Jones,2016,STX,50000000.0,20810036.0,4200000.0,23237252.0,-0.53525496,-26.762748,0.1679325851430201,"Action,Biography,Drama",139.0,6.9,45135
Drive Angry,2011,Sum.,50000000.0,10721033.0,18200000.0,41042583.0,-0.17914834,-8.957417,0.6292997902253353,"Action,Fantasy,Thriller",104.0,5.4,90203
Early Man,2018,LGF,50000000.0,8267544.0,46400000.0,45285890.0,-0.0942822,-4.71411,0.8487668661317582,"Adventure,Animation,Comedy",89.0,6.1,15882
Child 44,2015,LG/S,50000000.0,1224330.0,11700000.0,8004221.0,-0.83991558,-41.995779,0.9052693640598778,"Crime,Drama,History",137.0,6.5,59477
Chappie,2015,Sony,49000000.0,31569268.0,70500000.0,105002056.0,1.1428991020408164,56.002056,0.6907074125387085,"Action,Crime,Drama",120.0,6.8,213733
Anna Karenina,2012,Focus,49000000.0,12816367.0,56100000.0,71004627.0,0.4490740204081632,22.004627,0.8140301417803989,"Drama,Romance",129.0,6.6,84668
Instant Family,2018,Par.,48000000.0,67363237.0,53200000.0,119736188.0,1.4945039166666667,71.736188,0.4412622066542556,"Comedy,Drama",118.0,7.4,46728
Tooth Fairy,2010,Fox,48000000.0,60022256.0,52400000.0,112610386.0,1.3460497083333334,64.610386,0.4660998797248829,"Comedy,Family,Fantasy",101.0,5.0,37939
The Infiltrator,2016,BG,47500000.0,15436808.0,,20718104.0,-0.5638293894736842,-26.781896,,"Biography,Crime,Drama",127.0,7.0,61547
Arrival,2016,Par.,47000000.0,100546139.0,102800000.0,203127894.0,3.321870085106383,156.127894,0.505541932123924,"Drama,Mystery,Sci-Fi",116.0,7.9,515483
Jonah Hex,2010,WB,47000000.0,10547117.0,356000.0,11022696.0,-0.7654745531914894,-35.977304,0.03265121340989,"Action,Drama,Fantasy",81.0,4.7,51860
Prisoners,2013,WB,46000000.0,61002302.0,61100000.0,113402302.0,1.465267434782609,67.402302,0.5004000661674667,"Crime,Drama,Mystery",153.0,8.1,526273
Taken 2,2012,Fox,45000000.0,139854287.0,236300000.0,377807404.0,7.395720088888889,332.807404,0.6281996727582159,"Action,Thriller",92.0,6.3,273106
Pitch Perfect 3,2017,Uni.,45000000.0,104897530.0,80500000.0,185736412.0,3.1274758222222223,140.736412,0.4342021169321943,"Comedy,Music",93.0,5.8,45127
The Muppets,2011,BV,45000000.0,88625922.0,76600000.0,160971922.0,2.5771538222222223,115.971922,0.4636076414208177,"Adventure,Comedy,Family",103.0,7.1,82752
The Bounty Hunter,2010,Sony,45000000.0,67061228.0,69300000.0,135808837.0,2.017974155555556,90.808837,0.508208975648122,"Action,Comedy,Romance",110.0,5.6,112444
Office Christmas Party,2016,Par.,45000000.0,54767494.0,59700000.0,91323299.0,1.0294066444444443,46.323299,0.5215454441590204,Comedy,105.0,5.8,59253
Blended,2014,WB,45000000.0,46290741.0,81700000.0,127990741.0,1.8442386888888889,82.990741,0.638327424012648,"Comedy,Romance",117.0,6.5,106491
All Eyez on Me,2017,LG/S,45000000.0,44922302.0,,54876855.0,0.2194856666666666,9.876855,,"Biography,Drama,Music",139.0,5.8,18541
The Ghost Writer,2010,Sum.,45000000.0,15541549.0,44700000.0,65532491.0,0.4562775777777778,20.532491,0.7420127925329411,"Drama,Mystery,Thriller",128.0,7.2,148274
Dredd,2012,LGF,45000000.0,13414714.0,22200000.0,41467606.0,-0.0784976444444444,-3.532394,0.62333787097097,"Action,Crime,Sci-Fi",95.0,7.1,234616
The Rum Diary,2011,FD,45000000.0,13109815.0,10800000.0,21544732.0,-0.5212281777777777,-23.455268,0.4516973468845325,"Comedy,Drama",119.0,6.2,94787
Welcome to Marwen,2018,Uni.,45000000.0,10763520.0,2100000.0,12874922.0,-0.7138906222222222,-32.125078,0.1632523601626926,"Biography,Comedy,Drama",116.0,6.1,8920
Johnny English Reborn,2011,Uni.,45000000.0,8406711.0,151800000.0,164640401.0,2.6586755777777777,119.640401,0.947525849900258,"Action,Adventure,Comedy",101.0,6.3,110824
Argo,2012,WB,44500000.0,136025503.0,96300000.0,227140757.0,4.104286674157303,182.640757,0.4145046443738895,"Biography,Drama,Thriller",120.0,7.7,534683
Charlie St. Cloud,2010,Uni.,44000000.0,31206263.0,17000000.0,48478084.0,0.1017746363636363,4.478084,0.3526512727194804,"Drama,Fantasy,Romance",99.0,6.5,55016
The Heat,2013,Fox,43000000.0,159581587.0,70300000.0,229727774.0,4.342506372093023,186.727774,0.3058096166701685,"Action,Comedy,Crime",117.0,6.6,153501
The Mechanic,2011,CBS,42500000.0,29121498.0,47000000.0,76347393.0,0.7964092470588235,33.847393,0.6174339869139202,"Action,Crime,Thriller",93.0,6.6,141254
21 Jump Street,2012,Sony,42000000.0,138447667.0,63100000.0,202812429.0,3.828867357142857,160.812429,0.313077302948885,"Action,Comedy,Crime",109.0,7.2,477771
Snatched,2017,Fox,42000000.0,45852178.0,15000000.0,57852177.0,0.3774327857142857,15.852177,0.2464989831588279,"Action,Adventure,Comedy",90.0,4.5,29997
Here Comes the Boom,2012,Sony,42000000.0,45290318.0,27800000.0,73239258.0,0.7437918571428571,31.239258,0.3803513346323107,"Action,Comedy,Sport",105.0,6.4,81761
Red Riding Hood,2011,WB,42000000.0,37662162.0,51500000.0,91678442.0,1.1828200476190476,49.678442,0.5775992735573191,"Fantasy,Horror,Mystery",100.0,5.5,102369
Man on a Ledge,2012,LG/S,42000000.0,18620000.0,27600000.0,49621440.0,0.1814628571428571,7.62144,0.597144093466032,"Action,Adventure,Crime",102.0,6.6,137507
The Warrior's Way,2010,Rela.,42000000.0,5666340.0,5400000.0,8514325.0,-0.7972779761904762,-33.485675,0.4879662110508081,"Action,Fantasy,Western",100.0,6.3,24271
The Big Year,2011,Fox,41000000.0,7204138.0,244000.0,7684524.0,-0.8125725853658536,-33.315476,0.0327598656201053,Comedy,100.0,6.2,39522
The Karate Kid,2010,Sony,40000000.0,176591618.0,182500000.0,351774938.0,7.79437345,311.774938,0.5082268447714088,"Action,Drama,Family",140.0,6.2,146401
Fifty Shades of Grey,2015,Uni.,40000000.0,166167230.0,404800000.0,570998101.0,13.274952525,530.998101,0.7089723870842816,"Drama,Romance,Thriller",125.0,4.1,279126
American Hustle,2013,Sony,40000000.0,150117807.0,101100000.0,257878294.0,5.44695735,217.878294,0.4024396248312127,"Crime,Drama",138.0,7.2,418221
Lucy,2014,Uni.,40000000.0,126573960.0,336700000.0,457507776.0,10.4376944,417.507776,0.7267837803791087,"Action,Sci-Fi,Thriller",89.0,6.4,403194
Lone Survivor,2013,Uni.,40000000.0,125095601.0,29700000.0,149804632.0,2.7451158,109.804632,0.1918659174300437,"Action,Biography,Drama",121.0,7.5,246641
The Social Network,2010,Sony,40000000.0,96962694.0,128000000.0,224922135.0,4.623053375,184.922135,0.5689832288370444,"Biography,Drama",120.0,7.7,568578
Ride Along 2,2016,Uni.,40000000.0,90862685.0,33400000.0,124827316.0,2.1206829,84.827316,0.2687854362715565,"Action,Comedy,Crime",102.0,5.9,48688
Get Hard,2015,WB,40000000.0,90411453.0,21400000.0,106511453.0,1.662786325,66.511453,0.191393631205204,"Comedy,Crime",100.0,6.0,111187
The Accountant,2016,WB,40000000.0,86260045.0,68900000.0,152962083.0,2.824052075,112.962083,0.4440576180549573,"Action,Crime,Drama",128.0,7.3,233022
Dumb and Dumber To,2014,Uni.,40000000.0,86208010.0,83600000.0,156553592.0,2.9138398,116.553592,0.4923207097238817,"Adventure,Comedy",109.0,5.6,118646
The Intern,2015,WB,40000000.0,75764672.0,118800000.0,197115710.0,3.92789275,157.11571,0.6105938903440805,"Comedy,Drama",121.0,7.1,191494
Bridge of Spies,2015,BV,40000000.0,72313754.0,93200000.0,162498338.0,3.06245845,122.498338,0.563095197514522,"Drama,History,Thriller",142.0,7.6,263004
Hacksaw Ridge,2016,LGF,40000000.0,67209615.0,108100000.0,168904682.0,3.22261705,128.904682,0.616623338086733,"Biography,Drama,History",139.0,8.1,366904
Unknown,2011,WB,40000000.0,63686397.0,67099999.0,136123083.0,2.403077075,96.123083,0.5130502946193273,"Action,Mystery,Thriller",113.0,6.9,235167
Get Him to the Greek,2010,Uni.,40000000.0,61153526.0,30300000.0,91455875.0,1.286396875,51.455875,0.3313158204528932,"Adventure,Comedy,Music",109.0,6.4,161653
The Lincoln Lawyer,2011,LGF,40000000.0,58009200.0,17000000.0,87145086.0,1.17862715,47.145086,0.2266388656324824,"Crime,Drama,Thriller",118.0,7.3,196109
Horrible Bosses 2,2014,WB,40000000.0,54445357.0,53200000.0,105945357.0,1.648633925,65.945357,0.4942154634686194,"Comedy,Crime",108.0,6.3,144442
Predators,2010,Fox,40000000.0,52000688.0,75200000.0,127234389.0,2.180859725,87.234389,0.591191770912434,"Action,Adventure,Sci-Fi",107.0,6.4,199764
The Odd Life of Timothy Green,2012,BV,40000000.0,51853450.0,4200000.0,55249159.0,0.381228975,15.249159,0.0749284834385751,"Comedy,Drama,Family",105.0,6.6,42770
Jersey Boys,2014,WB,40000000.0,47047013.0,20600000.0,65282732.0,0.6320683,25.282732,0.3045219454109525,"Biography,Drama,Music",134.0,6.8,30410
Final Destination 5,2011,WB (NL),40000000.0,42587643.0,115300000.0,155011165.0,2.875279125,115.011165,0.7302661424871609,Horror,92.0,5.9,98061
Widows,2018,Fox,40000000.0,42402632.0,33600000.0,73866088.0,0.8466522,33.866088,0.4420899528847896,"Crime,Drama,Thriller",129.0,7.0,61615
Sex Tape,2014,Sony,40000000.0,38543473.0,87500000.0,126069509.0,2.151737725,86.069509,0.6942049272158662,"Comedy,Romance",94.0,5.1,100520
Scream 4,2011,W/Dim.,40000000.0,38180928.0,59000000.0,95989590.0,1.39973975,55.98959,0.6071150092330874,"Horror,Mystery",111.0,6.2,118779
Paul,2011,Uni.,40000000.0,37412945.0,60600000.0,101162106.0,1.52905265,61.162106,0.6182856764481467,"Adventure,Comedy,Sci-Fi",104.0,7.0,220567
The Guilt Trip,2012,Par.,40000000.0,37134215.0,4700000.0,41294674.0,0.03236685,1.294674,0.1123482297922884,"Comedy,Drama",95.0,5.8,33702
Colombiana,2011,TriS,40000000.0,36665854.0,24300000.0,72295262.0,0.80738155,32.295262,0.3985837711713182,"Action,Drama,Thriller",108.0,6.4,87659
The Commuter,2018,LGF,40000000.0,36343858.0,83600000.0,101985431.0,1.549635775,61.985431,0.6969927547269656,"Action,Mystery,Thriller",105.0,6.3,83114
Patriots Day,2016,LGF,40000000.0,31886361.0,18700000.0,52837989.0,0.320949725,12.837989,0.3696648588737189,"Action,Crime,Drama",133.0,7.4,76204
Morning Glory,2010,Par.,40000000.0,31011732.0,29000000.0,59795070.0,0.49487675,19.79507,0.4832388440313637,"Comedy,Drama,Romance",107.0,6.5,67367
Grudge Match,2013,WB,40000000.0,29807260.0,15100000.0,69807260.0,0.7451815,29.80726,0.3362485264075341,"Comedy,Drama,Sport",113.0,6.4,54080
The Nut Job 2: Nutty by Nature,2017,ORF,40000000.0,28370522.0,36800000.0,57438389.0,0.435959725,17.438389,0.564672475693842,"Adventure,Animation,Comedy",91.0,5.5,4820
The House,2017,WB (NL),40000000.0,25584504.0,8600000.0,31192425.0,-0.220189375,-8.807575,0.251575977232257,"Comedy,Crime",88.0,5.6,33365
Season of the Witch,2011,Rela.,40000000.0,24827228.0,66800000.0,91126600.0,1.278165,51.1266,0.7290409352992759,"Action,Adventure,Fantasy",95.0,5.4,85777
Mechanic: Resurrection,2016,LG/S,40000000.0,21218403.0,104500000.0,109738840.0,1.743471,69.73884,0.8312227765094979,"Action,Adventure,Thriller",98.0,5.7,67275
Big Miracle,2012,Uni.,40000000.0,20157300.0,4600000.0,25268680.0,-0.368283,-14.73132,0.1858037831265929,"Biography,Drama,Family",107.0,6.5,17585
The Impossible,2012,LG/S,40000000.0,19019882.0,161300000.0,169590606.0,3.23976515,129.590606,0.8945214371868322,"Drama,History,Thriller",114.0,7.6,177762
A Thousand Words,2012,P/DW,40000000.0,18450127.0,3600000.0,20790486.0,-0.48023785,-19.209514,0.1632643657789363,"Comedy,Drama",91.0,5.9,36387
The Gunman,2015,ORF,40000000.0,10664749.0,13500000.0,18594227.0,-0.535144325,-21.405773,0.5586650206877796,"Action,Crime,Drama",115.0,5.8,36053
Paranoia,2013,Rela.,40000000.0,7388654.0,6400000.0,16340767.0,-0.591480825,-23.659233,0.4641497277399229,"Drama,Thriller",106.0,5.7,33149
Baahubali: The Beginning,2015,BSC,40000000.0,6738000.0,,26736665.0,-0.331583375,-13.263335,,"Action,Drama",159.0,8.1,93243
The Hurricane Heist,2018,ENTMP,40000000.0,6115824.0,,30963684.0,-0.2259079,-9.036316,,"Action,Adventure,Crime",103.0,5.1,15326
Victor Frankenstein,2015,Fox,40000000.0,5775076.0,28500000.0,31124367.0,-0.221890825,-8.875633,0.8315080030748874,"Drama,Horror,Sci-Fi",110.0,6.0,47492
Frankenweenie,2012,BV,39000000.0,35287788.0,46200000.0,81150788.0,1.080789435897436,42.150788,0.5669561186272476,"Animation,Comedy,Family",87.0,7.0,89489
Captain Underpants: The First Epic Movie,2017,Fox,38000000.0,73921000.0,51600000.0,126577874.0,2.3309966842105263,88.577874,0.4110865910883438,"Action,Animation,Comedy",89.0,6.2,21903
Paul Blart: Mall Cop 2,2015,Sony,38000000.0,71091594.0,36600000.0,107650646.0,1.8329117368421053,69.650646,0.3398593951539059,"Action,Comedy,Crime",94.0,4.4,30828
Why Him?,2016,Fox,38000000.0,60323786.0,57800000.0,117425156.0,2.0901356842105265,79.425156,0.4893171981466967,Comedy,111.0,6.2,89628
Water for Elephants,2011,Fox,38000000.0,58709717.0,58400000.0,116809717.0,2.073939921052632,78.809717,0.4986776631011754,"Drama,Romance",120.0,6.9,105812
Life as We Know It,2010,WB,38000000.0,53374681.0,52300000.0,105887837.0,1.7865220263157895,67.887837,0.494915144338122,"Comedy,Drama,Romance",114.0,6.6,113077
Riddick,2013,Uni.,38000000.0,42025135.0,56300000.0,94763758.0,1.4937831052631578,56.763758,0.5725901113687767,"Action,Adventure,Sci-Fi",119.0,6.4,144821
The 5th Wave,2016,Sony,38000000.0,34912982.0,75000000.0,111336398.0,1.929905210526316,73.336398,0.68235797660371,"Action,Adventure,Drama",112.0,5.2,90788
The Sisters Brothers,2018,Annapurna,38000000.0,3143056.0,10000000.0,13143056.0,-0.6541301052631578,-24.856944,0.76085805310424,"Adventure,Comedy,Crime",122.0,7.0,32135
What to Expect When You're Expecting,2012,LGF,37500000.0,41152203.0,43200000.0,88473016.0,1.3592804266666667,50.973016,0.5121383729598621,"Comedy,Drama,Romance",110.0,5.7,65890
The Master,2012,Wein.,37500000.0,16247159.0,11900000.0,50647416.0,0.35059776,13.147416,0.4227780146479437,Drama,138.0,7.1,131365
We're the Millers,2013,WB (NL),37000000.0,150394119.0,119600000.0,267816276.0,6.23827772972973,230.816276,0.4429726115626985,"Comedy,Crime",110.0,7.0,371759
Creed,2015,WB (NL),37000000.0,109767581.0,63800000.0,173567581.0,3.691015702702703,136.567581,0.3675801646391557,"Drama,Sport",133.0,7.6,224671
The Town,2010,WB,37000000.0,92186262.0,61800000.0,152566881.0,3.1234292162162163,115.566881,0.4013345034636921,"Crime,Drama,Thriller",125.0,7.6,322524
Dolphin Tale,2011,WB,37000000.0,72286779.0,23100000.0,96068724.0,1.596452,59.068724,0.2421719261534137,"Drama,Family",113.0,6.9,20746
Game Night,2018,WB (NL),37000000.0,69179066.0,48500000.0,117378084.0,2.1723806486486485,80.378084,0.4121378733580363,"Action,Comedy,Crime",100.0,7.0,163279
Cop Out,2010,WB,37000000.0,44875481.0,10700000.0,55909910.0,0.5110786486486486,18.90991,0.1925309472355264,"Action,Comedy,Crime",107.0,5.6,81656
The Rite,2011,WB (NL),37000000.0,33047633.0,63000000.0,97143987.0,1.625513162162162,60.143987,0.6559245452722401,"Drama,Horror,Mystery",114.0,6.0,85604
Aloha,2015,Sony,37000000.0,21052030.0,5200000.0,25387091.0,-0.3138624054054054,-11.612909,0.1980799199147646,"Comedy,Drama,Romance",105.0,5.4,54646
Hot Tub Time Machine,2010,MGM,36000000.0,50269859.0,14300000.0,65967750.0,0.8324375,29.96775,0.2214655602701564,"Comedy,Sci-Fi",101.0,6.4,153962
Dolphin Tale 2,2014,WB,36000000.0,42024533.0,15800000.0,57824533.0,0.6062370277777778,21.824533,0.2732404254782308,"Drama,Family",107.0,6.4,7579
Collateral Beauty,2016,WB (NL),36000000.0,31016021.0,57500000.0,85309093.0,1.3696970277777778,49.309093,0.6495999181888215,"Drama,Romance",97.0,6.8,78764
There Be Dragons,2011,Gold.,36000000.0,1069334.0,,4020990.0,-0.8883058333333334,-31.97901,,"Biography,Drama,War",122.0,5.8,4326
It,2017,WB (NL),35000000.0,327481748.0,372900000.0,697457969.0,18.927370542857144,662.457969,0.5324239260444006,"Horror,Thriller",135.0,7.4,359123
True Grit,2010,Par.,35000000.0,171243005.0,81000000.0,252276928.0,6.207912228571429,217.276928,0.3211189146751562,"Adventure,Drama,Western",110.0,7.6,284034
Identity Thief,2013,Uni.,35000000.0,134506920.0,39500000.0,175361578.0,4.0103308,140.361578,0.227002466338695,"Adventure,Comedy,Crime",111.0,5.7,115624
Horrible Bosses,2011,WB (NL),35000000.0,117538559.0,92100000.0,212417601.0,5.069074314285714,177.417601,0.4393275761831581,"Comedy,Crime",98.0,6.9,398695
Trainwreck,2015,Uni.,35000000.0,110212700.0,30600000.0,141123897.0,3.0321113428571427,106.123897,0.2173099443445087,"Comedy,Drama,Romance",125.0,6.2,121860
Saving Mr. Banks,2013,BV,35000000.0,83299761.0,34600000.0,114962525.0,2.284643571428572,79.962525,0.2934696364651664,"Biography,Comedy,Drama",125.0,7.5,140678
Secretariat,2010,BV,35000000.0,59699513.0,537000.0,60376247.0,0.7250356285714286,25.376247,0.0089148586672007,"Biography,Drama,Family",123.0,7.2,24536
Friends with Benefits,2011,SGem,35000000.0,55802754.0,93700000.0,146595891.0,3.1884540285714285,111.595891,0.6267443073322917,"Comedy,Romance",109.0,6.6,317338
Neighbors 2: Sorority Rising,2016,Uni.,35000000.0,55340730.0,52600000.0,108757621.0,2.1073606,73.757621,0.4873044679242024,Comedy,92.0,5.7,102793
Sicario: Day of the Soldado,2018,Sony,35000000.0,50065850.0,25800000.0,75885196.0,1.168148457142857,40.885196,0.3400739594956097,"Action,Crime,Drama",122.0,7.1,95650
Goosebumps 2: Haunted Halloween,2018,Sony,35000000.0,46697321.0,46600000.0,93291478.0,1.6654708,58.291478,0.4994784362564923,"Adventure,Comedy,Family",90.0,5.6,11459
12 Strong,2018,WB,35000000.0,45819713.0,21600000.0,71118378.0,1.0319536571428571,36.118378,0.3203810731143278,"Action,Drama,History",130.0,6.6,50155
Something Borrowed,2011,WB,35000000.0,39046489.0,21100000.0,65084116.0,0.8595461714285715,30.084116,0.3508101694847059,"Comedy,Drama,Romance",112.0,5.9,54314
In Time,2011,Fox,35000000.0,37553932.0,136400000.0,165103952.0,3.717255771428571,130.103952,0.7841156473542662,"Action,Crime,Drama",109.0,6.7,346077
J. Edgar,2011,WB,35000000.0,37306030.0,47600000.0,84606030.0,1.4173151428571429,49.60603,0.5606197816574394,"Biography,Crime,Drama",137.0,6.6,115925
Mile 22,2018,STX,35000000.0,36108758.0,30200000.0,66295121.0,0.8941463142857143,31.295121,0.4554451163148011,"Action,Adventure,Thriller",94.0,6.1,47862
Hot Pursuit,2015,WB (NL),35000000.0,34580201.0,17100000.0,45671512.0,0.3049003428571428,10.671512,0.3308810660391975,"Action,Comedy,Crime",87.0,5.1,44723
The Foreigner,2017,STX,35000000.0,34393507.0,111000000.0,140783360.0,3.0223817142857143,105.78336,0.763445371738643,"Action,Thriller",113.0,7.0,81288
Adrift,2018,STX,35000000.0,31445011.0,28500000.0,57897191.0,0.6542054571428572,22.897191,0.4754357289216278,"Action,Adventure,Biography",96.0,6.6,34115
Abduction,2011,LGF,35000000.0,28087155.0,54000000.0,86648359.0,1.4756674,51.648359,0.6578373924641437,"Action,Mystery,Thriller",106.0,5.1,72552
Abduction,2011,LGF,35000000.0,28087155.0,54000000.0,86648359.0,1.4756674,51.648359,0.6578373924641437,"Horror,Thriller",84.0,5.2,10
Alex Cross,2012,LG/S,35000000.0,25888412.0,8700000.0,35426759.0,0.0121931142857142,0.426759,0.2515293272209201,"Action,Crime,Mystery",101.0,5.1,30951
Whiskey Tango Foxtrot,2016,Par.,35000000.0,23083334.0,,25350747.0,-0.2756929428571428,-9.649253,,"Biography,Comedy,Drama",112.0,6.6,46265
Hitman: Agent 47,2015,Fox,35000000.0,22467450.0,59900000.0,82182803.0,1.3480800857142856,47.182803,0.7272290206871768,"Action,Adventure,Crime",96.0,5.7,80510
Premium Rush,2012,Sony,35000000.0,20275446.0,10800000.0,31393201.0,-0.1030514,-3.606799,0.3475412710086284,"Action,Crime,Thriller",91.0,6.5,105279
Broken City,2013,Fox,35000000.0,19701164.0,,34480045.0,-0.0148558571428571,-0.519955,,"Crime,Drama,Thriller",109.0,6.2,71704
Furry Vengeance,2010,Sum.,35000000.0,17630465.0,18600000.0,39340177.0,0.1240050571428571,4.340177,0.5133801070452725,"Comedy,Family",92.0,3.8,14700
Parker,2013,FD,35000000.0,17616641.0,28600000.0,48543388.0,0.3869539428571428,13.543388,0.6188247215975735,"Action,Crime,Thriller",118.0,6.2,105529
The Tree of Life,2011,FoxS,35000000.0,13305665.0,41000000.0,61721826.0,0.7634807428571428,26.721826,0.7549856907193753,"Drama,Fantasy",139.0,6.8,156266
Unfinished Business,2015,Fox,35000000.0,10219501.0,4200000.0,13214051.0,-0.6224556857142857,-21.785949,0.2912722153145244,"Comedy,Drama",91.0,5.4,29004
The Walk,2015,TriS,35000000.0,10161183.0,51000000.0,61492104.0,0.7569172571428572,26.492104,0.8338622227107674,"Crime,Thriller",89.0,6.8,126
The Walk,2015,TriS,35000000.0,10161183.0,51000000.0,61492104.0,0.7569172571428572,26.492104,0.8338622227107674,"Adventure,Biography,Drama",123.0,7.3,109714
Mandela: Long Walk to Freedom,2013,Wein.,35000000.0,8323085.0,19000000.0,29890402.0,-0.1459885142857143,-5.109598,0.6953826773221252,"Biography,Drama,History",141.0,7.1,25027
The Brothers Grimsby,2016,Sony,35000000.0,6864016.0,18300000.0,28720470.0,-0.1794151428571428,-6.27953,0.72722891290484,"Action,Adventure,Comedy",83.0,6.2,82123
The Snowman,2017,Uni.,35000000.0,6670765.0,36400000.0,43226146.0,0.2350327428571428,8.226146,0.8451208145478726,"Crime,Drama,Mystery",119.0,5.1,47890
A Hologram for the King,2016,RAtt.,35000000.0,4212494.0,,11846010.0,-0.6615425714285714,-23.15399,,"Comedy,Drama,Romance",98.0,6.1,36062
The Darkest Hour,2011,Sum.,34800000.0,21443494.0,43200000.0,62831715.0,0.8055090517241379,28.031715,0.6682807089604408,"Action,Adventure,Horror",89.0,4.9,55071
Baby Driver,2017,TriS,34000000.0,107825862.0,119100000.0,228104185.0,5.708946617647059,194.104185,0.5248410161376846,"Action,Crime,Drama",113.0,7.6,363977
The Maze Runner,2014,Fox,34000000.0,102427862.0,245900000.0,348319861.0,9.244701794117647,314.319861,0.7059441027430645,"Action,Mystery,Sci-Fi",113.0,6.8,387038
The Longest Ride,2015,Fox,34000000.0,37446117.0,25500000.0,63802928.0,0.8765567058823529,29.802928,0.4051083881790516,"Drama,Romance",123.0,7.1,70327
The Darkest Minds,2018,Fox,34000000.0,12695691.0,28400000.0,38361428.0,0.128277294117647,4.361428,0.6910700199687603,"Action,Adventure,Drama",104.0,5.7,21340
Mike and Dave Need Wedding Dates,2016,Fox,33000000.0,46009673.0,31100000.0,75898100.0,1.2999424242424242,42.8981,0.403321642927989,"Adventure,Comedy,Romance",98.0,6.0,74849
Step Up Revolution,2012,LG/S,33000000.0,35074677.0,105400000.0,165552290.0,4.0167360606060605,132.55229,0.7503131685435376,"Drama,Music,Romance",99.0,6.5,51295
Bridesmaids,2011,Uni.,32500000.0,169211718.0,119300000.0,289632023.0,7.911754553846154,257.132023,0.4135014023936456,"Comedy,Romance",125.0,6.8,249501
The Big Wedding,2013,LGF,32500000.0,21819348.0,24700000.0,48425971.0,0.4900298769230769,15.925971,0.5309618698869124,"Comedy,Drama,Romance",89.0,5.6,44221
Wanderlust,2012,Uni.,32500000.0,17288155.0,4200000.0,24159934.0,-0.2566174153846154,-8.340066,0.1954565201153845,"Comedy,Romance",98.0,5.6,69081
Takers,2010,SGem,32000000.0,57744720.0,11300000.0,70587268.0,1.205852125,38.587268,0.163662043962232,"Action,Crime,Thriller",107.0,6.2,53377
Source Code,2011,Sum.,32000000.0,54712227.0,92600000.0,140428499.0,3.38839059375,108.428499,0.6285968373826838,"Action,Drama,Sci-Fi",93.0,7.5,452036
I Feel Pretty,2018,STX,32000000.0,48795601.0,45700000.0,91553797.0,1.86105615625,59.553797,0.4836203962552712,"Comedy,Romance",110.0,5.4,39936
"Big Mommas: Like Father, Like Son",2011,Fox,32000000.0,37915414.0,44800000.0,82332450.0,1.5728890625,50.33245,0.5416161007185433,"Action,Comedy,Crime",107.0,4.4,23520
The Incredible Burt Wonderstone,2013,WB (NL),32000000.0,22537881.0,4900000.0,27392609.0,-0.14398096875,-4.607391,0.1785852194635584,"Adventure,Comedy,Fantasy",100.0,5.9,67549
Going the Distance,2010,WB (NL),32000000.0,17804299.0,24200000.0,43603990.0,0.3626246875,11.60399,0.5761315050157128,"Comedy,Romance",102.0,6.3,54421
Repo Men,2010,Uni.,32000000.0,13942007.0,4600000.0,18195238.0,-0.4313988125,-13.804762,0.2480853340202061,"Action,Crime,Sci-Fi",111.0,6.3,96144
Flight,2012,Par.,31000000.0,93772375.0,68000000.0,160558438.0,4.179304451612904,129.558438,0.4203437082505588,"Drama,Thriller",138.0,7.3,303009
The Grand Budapest Hotel,2014,FoxS,31000000.0,59076019.0,115500000.0,163981261.0,4.289718096774194,132.981261,0.6616028974747099,"Adventure,Comedy,Crime",99.0,8.1,633604
Vacation,2015,WB (NL),31000000.0,58884188.0,46000000.0,102306500.0,2.300209677419355,71.3065,0.4385789781773397,"Adventure,Comedy",99.0,6.1,87582
Extraordinary Measures,2010,CBS,31000000.0,12482741.0,3100000.0,15826984.0,-0.489452129032258,-15.173016,0.1989380430567382,Drama,106.0,6.5,15673
Crazy Rich Asians,2018,WB,30000000.0,174532921.0,64000000.0,238099711.0,6.936657033333334,208.099711,0.2683067801781541,"Comedy,Romance",120.0,7.0,96617
The Vow,2012,SGem,30000000.0,125014030.0,71100000.0,197618160.0,5.587272,167.61816,0.3625441790166669,"Drama,Romance",104.0,6.8,173629
Lee Daniels' The Butler,2013,Wein.,30000000.0,116632095.0,60000000.0,177025498.0,4.900849933333333,147.025498,0.3396891148236678,"Biography,Drama",132.0,7.2,102468
Sisters,2015,Uni.,30000000.0,87044645.0,18000000.0,106030660.0,2.534355333333333,76.03066,0.1713557126115281,Comedy,118.0,6.0,58994
Looper,2012,TriS,30000000.0,66486205.0,110000000.0,170466405.0,4.6822135,140.466405,0.6232781763311189,"Action,Crime,Drama",113.0,7.4,500595
Warm Bodies,2013,LG/S,30000000.0,66380662.0,50600000.0,115121608.0,2.837386933333333,85.121608,0.4325501252506162,"Comedy,Horror,Romance",98.0,6.9,208709
The Nut Job,2014,ORF,30000000.0,64251538.0,56600000.0,122529966.0,3.0843322,92.529966,0.4683432328349847,"Adventure,Animation,Comedy",85.0,5.7,24587
Hope Springs,2012,Sony,30000000.0,63536011.0,50700000.0,133085295.0,3.4361765,103.085295,0.4438180181203981,"Comedy,Drama,Romance",100.0,6.3,38667
Midnight in Paris,2011,SPC,30000000.0,56816662.0,94300000.0,162502774.0,4.416759133333334,132.502774,0.6240211949626044,"Comedy,Fantasy,Romance",94.0,7.7,356500
Darkest Hour,2017,Focus,30000000.0,56443120.0,94400000.0,150807172.0,4.026905733333333,120.807172,0.6258157481759857,"Biography,Drama,History",125.0,7.4,136546
Life of the Party,2018,WB (NL),30000000.0,53059911.0,12800000.0,65759911.0,1.1919970333333334,35.759911,0.1943519176635389,Comedy,105.0,5.5,25756
Letters to Juliet,2010,Sum.,30000000.0,53032453.0,26100000.0,82148538.0,1.7382846,52.148538,0.3298267526219615,"Adventure,Comedy,Drama",105.0,6.6,86137
Southpaw,2015,Wein.,30000000.0,52421953.0,39500000.0,94156456.0,2.138548533333333,64.156456,0.4297123669685304,"Drama,Sport",124.0,7.4,199783
Atomic Blonde,2017,Focus,30000000.0,51573925.0,48300000.0,98345423.0,2.2781807666666665,68.345423,0.4836097109430715,"Action,Mystery,Thriller",115.0,6.7,150407
Sicario,2015,LGF,30000000.0,46889293.0,38000000.0,84393749.0,1.813124966666667,54.393749,0.447641848071464,"Action,Crime,Drama",121.0,7.6,328548
Den of Thieves,2018,STX,30000000.0,44947622.0,35600000.0,80131391.0,1.6710463666666666,50.131391,0.4419745625761614,"Action,Crime,Drama",140.0,7.0,69648
The Three Stooges,2012,Fox,30000000.0,44338224.0,10500000.0,54052249.0,0.8017416333333334,24.052249,0.1914722840039458,"Comedy,Family",92.0,5.1,28570
John Wick,2014,LG/S,30000000.0,43037835.0,45700000.0,76235001.0,1.5411667,46.235001,0.5150001687555258,"Action,Crime,Thriller",101.0,7.4,449942
The Age of Adaline,2015,LGF,30000000.0,42629776.0,23000000.0,68984536.0,1.2994845333333334,38.984536,0.3504506856765746,"Drama,Fantasy,Romance",112.0,7.2,138924
Hanna,2011,Focus,30000000.0,40259119.0,23500000.0,65343694.0,1.1781231333333333,35.343694,0.3685747288948581,"Action,Drama,Thriller",111.0,6.8,179178
The 15:17 to Paris,2018,WB,30000000.0,36276286.0,20800000.0,56096200.0,0.8698733333333334,26.0962,0.3644245527818681,"Biography,Drama,Thriller",94.0,5.2,21880
Larry Crowne,2011,Uni.,30000000.0,35608245.0,36400000.0,61449135.0,1.0483045,31.449135,0.5054976690516482,"Comedy,Drama,Romance",98.0,6.1,58927
Entourage,2015,WB,30000000.0,32363404.0,16900000.0,46438538.0,0.5479512666666667,16.438538,0.3430538417523888,Comedy,104.0,6.6,71519
The Five-Year Engagement,2012,Uni.,30000000.0,28700285.0,25100000.0,61623819.0,1.0541273,31.623819,0.4665402794799321,"Comedy,Romance",124.0,6.2,88469
Winnie the Pooh,2011,BV,30000000.0,26692846.0,23200000.0,50145607.0,0.6715202333333333,20.145607,0.4649965247522661,"Adventure,Animation,Comedy",63.0,7.2,19605
White Boy Rick,2018,Studio 8,30000000.0,24004833.0,1900000.0,25947983.0,-0.1350672333333333,-4.052017,0.0733453869399582,"Crime,Drama",111.0,6.4,16255
Sanctum,2011,Uni.,30000000.0,23209310.0,85400000.0,108957098.0,2.631903266666667,78.957098,0.7863045994859925,"Adventure,Drama,Thriller",108.0,5.9,51318
The Next Three Days,2010,LGF,30000000.0,21148651.0,46300000.0,67255916.0,1.2418638666666666,37.255916,0.6864481248112732,"Action,Crime,Drama",133.0,7.4,168066
Proud Mary,2018,SGem,30000000.0,20868638.0,876000.0,21709539.0,-0.2763487,-8.290461,0.040285793674744,"Action,Crime,Drama",89.0,4.9,6805
Runner Runner,2013,Fox,30000000.0,19316646.0,43400000.0,60512680.0,1.0170893333333333,30.51268,0.6920012910129154,"Crime,Thriller",88.0,5.6,58235
Baahubali 2: The Conclusion,2017,GrtIndia,30000000.0,18985794.0,234000000.0,263502914.0,7.783430466666666,233.502914,0.9249531220713524,"Action,Drama",167.0,8.3,65656
Steve Jobs,2015,Uni.,30000000.0,17766658.0,16700000.0,35579007.0,0.1859669,5.579007,0.4845262340201362,"Biography,Drama",122.0,7.2,138668
The Last Stand,2013,LGF,30000000.0,12050299.0,36300000.0,48330757.0,0.6110252333333334,18.330757,0.7507709517990778,"Action,Thriller",107.0,6.4,126623
Dead Man Down,2013,FD,30000000.0,10895295.0,7200000.0,19599974.0,-0.3466675333333333,-10.400026,0.3978934855718019,"Action,Crime,Drama",118.0,6.5,61238
The Space Between Us,2017,STX,30000000.0,7885294.0,6900000.0,16481405.0,-0.4506198333333333,-13.518595,0.4666799321000989,"Adventure,Drama,Romance",120.0,6.4,41031
Kin,2018,LGF,30000000.0,5718096.0,4300000.0,10096821.0,-0.6634393,-19.903179,0.4292232775569329,"Action,Drama,Sci-Fi",102.0,5.7,9048
Stronger,2017,RAtt.,30000000.0,4211129.0,4200000.0,8786752.0,-0.7071082666666667,-21.213248,0.4993384360173289,"Biography,Drama",119.0,7.0,33464
Stronger,2017,RAtt.,30000000.0,4211129.0,4200000.0,8786752.0,-0.7071082666666667,-21.213248,0.4993384360173289,Drama,125.0,6.8,22
Machine Gun Preacher,2011,Rela.,30000000.0,538690.0,2800000.0,3721988.0,-0.8759337333333334,-26.278012,0.8386522857767568,"Action,Biography,Crime",129.0,6.8,60074
Pitch Perfect 2,2015,Uni.,29000000.0,184296230.0,103200000.0,287625468.0,8.918119586206897,258.625468,0.3589612288133308,"Comedy,Music",115.0,6.4,130692
The Boss,2016,Uni.,29000000.0,63077560.0,15600000.0,78652207.0,1.712145068965517,49.652207,0.1982776283351949,Comedy,99.0,5.4,39096
Logan Lucky,2017,BST,29000000.0,27778642.0,20700000.0,44264271.0,0.5263541724137931,15.264271,0.4269921587324991,"Comedy,Crime,Drama",118.0,7.0,105966
Florence Foster Jenkins,2016,Par.,29000000.0,27383770.0,21500000.0,56000339.0,0.9310461724137932,27.000339,0.4398187782979913,"Biography,Comedy,Drama",111.0,6.8,44970
Straight Outta Compton,2015,Uni.,28000000.0,161197785.0,40400000.0,202182981.0,6.22082075,174.182981,0.2003990272016133,"Biography,Drama,History",147.0,7.9,165307
Girls Trip,2017,Uni.,28000000.0,115108515.0,25400000.0,140886353.0,4.0316554642857145,112.886353,0.1807719624678974,"Comedy,Drama",122.0,6.2,29321
A Bad Moms Christmas,2017,STX,28000000.0,72110659.0,58400000.0,127710550.0,3.5610910714285717,99.71055,0.4474730297699286,"Adventure,Comedy",104.0,5.5,33056
Safe Haven,2013,Rela.,28000000.0,71399120.0,26200000.0,94050951.0,2.358962535714286,66.050951,0.2684450433569483,"Drama,Romance,Thriller",115.0,6.7,97055
The Big Short,2015,Par.,28000000.0,70259870.0,63200000.0,133162752.0,3.7558125714285713,105.162752,0.4735505886526039,"Biography,Comedy,Drama",130.0,7.8,309227
"Alexander and the Terrible, Horrible, No Good, Very Bad Day",2014,BV,28000000.0,66954149.0,34400000.0,101379287.0,2.6206888214285717,73.379287,0.3394039646073097,"Comedy,Family",81.0,6.2,37325
Last Vegas,2013,CBS,28000000.0,63914167.0,70500000.0,112914167.0,3.0326488214285714,84.914167,0.5244982844702671,"Comedy,Drama",105.0,6.6,121409
Tag,2018,WB (NL),28000000.0,54730625.0,23400000.0,77026186.0,1.7509352142857142,49.026186,0.2994984361125999,Comedy,100.0,6.5,85186
Kick-Ass,2010,LGF,28000000.0,48071303.0,48100000.0,97531134.0,2.4832547857142857,69.531134,0.5001491973130487,"Action,Comedy",117.0,7.6,497363
30 Minutes or Less,2011,Sony,28000000.0,37053924.0,3500000.0,40966716.0,0.463097,12.966716,0.0863048419186266,"Action,Comedy,Crime",83.0,6.1,87254
3 Days to Kill,2014,Rela.,28000000.0,30697999.0,21900000.0,38959900.0,0.391425,10.9599,0.4163656491951338,"Action,Drama,Thriller",117.0,6.2,81681
Kick-Ass 2,2013,Uni.,28000000.0,28795985.0,32000000.0,63129909.0,1.2546396071428572,35.129909,0.5263505476554085,"Action,Comedy,Crime",103.0,6.6,238832
A Walk Among the Tombstones,2014,Uni.,28000000.0,26017685.0,26900000.0,62108587.0,1.2181638214285715,34.108587,0.508336674213923,"Action,Crime,Drama",114.0,6.5,105116
The Spy Next Door,2010,LGF,28000000.0,24307106.0,20900000.0,46752858.0,0.6697449285714285,18.752858,0.4623166986181332,"Action,Comedy,Family",94.0,5.5,36767
Brick Mansions,2014,Rela.,28000000.0,20396829.0,48500000.0,73421224.0,1.6221865714285717,45.421224,0.7039511208854039,"Action,Crime",90.0,5.7,37528
American Ultra,2015,LGF,28000000.0,14439985.0,12700000.0,30295028.0,0.0819652857142857,2.295028,0.4679442527326378,"Action,Comedy,Sci-Fi",96.0,6.1,76769
Pride and Prejudice and Zombies,2016,SGem,28000000.0,10907291.0,5500000.0,16638300.0,-0.405775,-11.3617,0.3352168252516518,"Action,Comedy,Horror",108.0,5.8,46187
Joyful Noise,2012,WB,27500000.0,30932113.0,226000.0,31157914.0,0.1330150545454545,3.657914,0.0072533275683286,"Comedy,Drama,Music",118.0,5.8,7575
Anonymous,2011,Sony,27500000.0,4463292.0,10900000.0,15815509.0,-0.4248905818181818,-11.684491,0.7094833581240271,"Drama,Thriller",130.0,6.9,37932
Limitless,2011,Rela.,27000000.0,79249455.0,82600000.0,155564919.0,4.761663666666666,128.564919,0.510350807174482,"Mystery,Sci-Fi,Thriller",105.0,7.4,492490
Money Monster,2016,TriS,27000000.0,41012075.0,52300000.0,93466095.0,2.461707222222222,66.466095,0.560484803279747,"Crime,Drama,Thriller",98.0,6.5,86607
Lawless,2012,Wein.,26000000.0,37397291.0,16300000.0,54393687.0,1.0920648846153846,28.393687,0.3035534883873378,"Crime,Drama",116.0,7.3,214055
The Best of Me,2014,Rela.,26000000.0,26766213.0,9200000.0,41059418.0,0.5792083846153846,15.059418,0.2557956268567947,"Drama,Romance",118.0,6.7,59750
The Raven,2012,Rela.,26000000.0,16008272.0,13600000.0,30601801.0,0.1769923461538461,4.601801,0.4593310950399267,"Crime,Mystery,Thriller",110.0,6.4,79578
The Fifth Estate,2013,BV,26000000.0,3254172.0,5300000.0,6154172.0,-0.7633010769230769,-19.845828,0.6195807145332126,"Biography,Drama,Thriller",128.0,6.2,36392
The Help,2011,BV,25000000.0,169705587.0,46900000.0,213120004.0,7.52480016,188.120004,0.2165225775085847,Drama,146.0,8.1,392699
Hidden Figures,2016,Fox,25000000.0,169607287.0,66300000.0,231771716.0,8.27086864,206.771716,0.2810426114560844,"Biography,Drama,History",127.0,7.8,171131
Ride Along,2014,Uni.,25000000.0,134202565.0,19500000.0,153733800.0,5.149352,128.7338,0.1268684097757249,"Action,Comedy,Crime",99.0,6.2,94529
Dear John,2010,SGem,25000000.0,80014842.0,35000000.0,142033509.0,4.68134036,117.033509,0.3043085517606501,"Drama,Romance,War",108.0,6.3,128657
Parental Guidance,2012,Fox,25000000.0,77267296.0,42500000.0,120832383.0,3.83329532,95.832383,0.3548548010969539,"Comedy,Family",105.0,6.1,23711
No Strings Attached,2011,Par.,25000000.0,70662220.0,78600000.0,149228078.0,4.96912312,124.228078,0.5265900507174555,"Comedy,Romance",108.0,6.2,197663
Contraband,2012,Uni.,25000000.0,66528000.0,29700000.0,98406855.0,2.9362742,73.406855,0.3086419753086419,"Action,Crime,Drama",109.0,6.5,111709
The Lucky One,2012,WB,25000000.0,60457138.0,38900000.0,96633833.0,2.86535332,71.633833,0.3915169134602085,"Drama,Romance",101.0,6.5,94359
The Giver,2014,Wein.,25000000.0,45090374.0,21900000.0,66540205.0,1.6616082,41.540205,0.3269126397174615,"Drama,Romance,Sci-Fi",97.0,6.5,104999
The Night Before,2015,Sony,25000000.0,43035725.0,9300000.0,52427346.0,1.09709384,27.427346,0.1776988854171791,"Adventure,Comedy,Fantasy",101.0,6.4,58455
August: Osage County,2013,Wein.,25000000.0,37738810.0,36500000.0,50738810.0,1.0295524,25.73881,0.4916565877066187,"Comedy,Drama",121.0,7.2,79383
Million Dollar Arm,2014,BV,25000000.0,36447959.0,2800000.0,39217912.0,0.56871648,14.217912,0.0713412893648813,"Biography,Drama,Sport",124.0,7.0,41008
Peppermint,2018,STX,25000000.0,35418723.0,18400000.0,51800758.0,1.07203032,26.800758,0.3418884539493811,"Action,Crime,Drama",101.0,6.5,35854
The Gambler,2014,Par.,25000000.0,33680992.0,5600000.0,38718031.0,0.54872124,13.718031,0.1425625910873126,"Crime,Drama,Thriller",111.0,6.0,59995
Fist Fight,2017,WB (NL),25000000.0,32187017.0,8900000.0,40286416.0,0.61145664,15.286416,0.216613437767945,Comedy,91.0,5.6,35136
The Sitter,2011,Fox,25000000.0,30542576.0,4500000.0,38749404.0,0.54997616,13.749404,0.1284152169635017,Comedy,81.0,5.7,65575
Draft Day,2014,LG/S,25000000.0,28842237.0,620000.0,29847480.0,0.1938992,4.84748,0.0210438874685584,"Drama,Sport",110.0,6.8,48812
Rings,2017,Par.,25000000.0,27793018.0,55300000.0,82917283.0,2.31669132,57.917283,0.6655192136600454,"Drama,Horror,Mystery",102.0,4.5,34151
The Losers,2010,WB,25000000.0,23591432.0,5800000.0,29863840.0,0.1945536,4.86384,0.1973364210358991,"Action,Adventure,Crime",97.0,6.4,83876
The Eagle,2011,Focus,25000000.0,19490041.0,7600000.0,38993548.0,0.55974192,13.993548,0.2805459024591362,"Action,Adventure,Drama",114.0,6.2,61475
Shark Night 3D,2011,Rela.,25000000.0,18877153.0,21300000.0,18877153.0,-0.24491388,-6.122847,0.5301520493500373,"Horror,Thriller",90.0,4.0,23190
Father Figures,2017,WB,25000000.0,17501244.0,8100000.0,21038441.0,-0.15846236,-3.961559,0.3163908753808994,"Adventure,Comedy,Drama",113.0,5.5,14373
The Counselor,2013,Fox,25000000.0,16973715.0,54000000.0,71009334.0,1.84037336,46.009334,0.7608450536934694,"Crime,Drama,Thriller",117.0,5.3,92096
Mary Queen of Scots,2018,Focus,25000000.0,16468499.0,29900000.0,46734733.0,0.86938932,21.734733,0.644834330306875,"Biography,Drama,History",124.0,6.3,23866
My Soul to Take,2010,Uni.,25000000.0,14744435.0,6200000.0,16727470.0,-0.3309012,-8.27253,0.2960213536435812,"Horror,Mystery,Thriller",107.0,4.8,18381
Warrior,2011,LGF,25000000.0,13657115.0,9400000.0,24215385.0,-0.0313846,-0.784615,0.40768326826665,"Drama,Sport",140.0,8.2,403755
Battle of the Sexes,2017,FoxS,25000000.0,12638526.0,,18445379.0,-0.26218484,-6.554621,,"Biography,Comedy,Drama",121.0,6.7,43245
The 33,2015,WB,25000000.0,12227722.0,12700000.0,28400715.0,0.1360286,3.400715,0.5094729474277674,"Biography,Drama,History",127.0,6.9,32263
Tulip Fever,2017,Wein.,25000000.0,2455635.0,5900000.0,6792768.0,-0.72828928,-18.207232,0.7061103075948147,"Drama,History,Romance",105.0,6.2,15037
Legend,2015,Uni.,25000000.0,1872994.0,41100000.0,42425450.0,0.697018,17.42545,0.9564146263581262,"Biography,Crime,Drama",132.0,7.0,138947
Think Like a Man Too,2014,SGem,24000000.0,65028687.0,5000000.0,70027933.0,1.9178305416666668,46.027933,0.0713993109709453,"Comedy,Romance",106.0,5.8,18533
Fences,2016,Par.,24000000.0,57682904.0,6700000.0,64282881.0,1.678453375,40.282881,0.1040648927547598,Drama,139.0,7.2,86749
Piranha 3D,2010,W/Dim.,24000000.0,25003155.0,58200000.0,83660160.0,2.48584,59.66016,0.6994927055350245,"Comedy,Horror",88.0,5.4,81327
Faster,2010,CBS,24000000.0,23240020.0,12400000.0,35792945.0,0.4913727083333333,11.792945,0.3479234860137564,"Action,Crime,Drama",98.0,6.5,93618
I Don't Know How She Does It,2011,Wein.,24000000.0,9659074.0,20900000.0,24474463.0,0.0197692916666666,0.474463,0.6839212470901441,"Comedy,Romance",89.0,4.9,18552
Dhoom 3,2013,Yash,24000000.0,8031955.0,80000000.0,11723620.0,-0.5115158333333333,-12.27638,0.9087609152835469,"Action,Thriller",172.0,5.4,40466
Green Book,2018,Uni.,23000000.0,85080171.0,234700000.0,322034439.0,13.001497347826088,299.034439,0.7339416927136486,"Biography,Comedy,Drama",130.0,8.3,204972
The Wedding Ringer,2015,SGem,23000000.0,64460211.0,15300000.0,80171596.0,2.4857215652173914,57.171596,0.19182496896855,Comedy,101.0,6.7,66893
The Ides of March,2011,Sony,23000000.0,40962534.0,35000000.0,77735925.0,2.3798228260869565,54.735925,0.4607534551177558,"Drama,Thriller",101.0,7.1,207417
The Hate U Give,2018,Fox,23000000.0,29719483.0,5200000.0,35067665.0,0.5246810869565217,12.067665,0.1489140031082361,"Crime,Drama",133.0,7.3,17583
Nocturnal Animals,2016,Focus,22500000.0,10663357.0,19600000.0,32398681.0,0.4399413777777777,9.898681,0.6476479129529483,"Drama,Thriller",116.0,7.5,205240
Son of God,2014,Fox,22000000.0,59700064.0,8100000.0,70949793.0,2.224990590909091,48.949793,0.1194689137756566,"Biography,Drama,History",138.0,5.8,17606
The Hundred-Foot Journey,2014,BV,22000000.0,54235441.0,34600000.0,94270488.0,3.285022181818182,72.270488,0.3894841924632309,"Comedy,Drama",122.0,7.3,69562
Diary of a Wimpy Kid: Dog Days,2012,Fox,22000000.0,49008662.0,28100000.0,77229695.0,2.510440681818182,55.229695,0.3644207962005617,"Comedy,Family",94.0,6.3,19571
Delivery Man,2013,BV,22000000.0,30659817.0,19300000.0,70536870.0,2.2062213636363635,48.53687,0.3863104622661047,"Comedy,Drama",105.0,6.4,70706
"Hail, Caesar!",2016,Uni.,22000000.0,30080225.0,33100000.0,64160680.0,1.9163945454545452,42.16068,0.5238981026104291,"Comedy,Drama,Music",106.0,6.3,111422
Diary of a Wimpy Kid: The Long Haul,2017,Fox,22000000.0,20738724.0,19400000.0,35609577.0,0.6186171363636364,13.609577,0.4833237847819975,"Comedy,Family",91.0,4.4,5635
Homefront,2013,ORF,22000000.0,20158492.0,22900000.0,51695362.0,1.3497891818181815,29.695362,0.5318346959294348,"Action,Thriller",100.0,6.5,98549
Homefront,2013,ORF,22000000.0,20158492.0,22900000.0,51695362.0,1.3497891818181815,29.695362,0.5318346959294348,Drama,111.0,7.7,17
The Transporter Refueled,2015,EC,22000000.0,16029670.0,56600000.0,69698495.0,2.168113409090909,47.698495,0.779295844246573,"Action,Adventure,Crime",96.0,5.2,36201
"Roman J. Israel, Esq.",2017,Sony,22000000.0,11962712.0,1100000.0,12967012.0,-0.4105903636363636,-9.032988,0.0842091596293327,"Crime,Drama,Thriller",122.0,6.4,23632
Out of the Furnace,2013,Rela.,22000000.0,11330849.0,4300000.0,15434375.0,-0.2984375,-6.565625,0.2750970212814416,"Crime,Drama,Thriller",116.0,6.8,99037
Just Getting Started,2017,BG,22000000.0,6069605.0,1600000.0,6756412.0,-0.6928903636363636,-15.243588,0.2086156979401155,"Action,Comedy",91.0,4.4,4829
Stone,2010,Over.,22000000.0,1810078.0,7700000.0,4065020.0,-0.8152263636363636,-17.93498,0.8096673865345794,"Drama,Thriller",105.0,5.4,38667
To Rome with Love,2012,SPC,21500000.0,16684352.0,56600000.0,74326015.0,2.457023953488372,52.826015,0.7723340447903531,"Comedy,Music,Romance",112.0,6.3,79381
Silver Linings Playbook,2012,Wein.,21000000.0,132092958.0,104300000.0,236412453.0,10.257735857142857,215.412453,0.4412144967533254,"Comedy,Drama,Romance",122.0,7.7,621018
Blockers,2018,Uni.,21000000.0,60311495.0,33700000.0,94045328.0,3.4783489523809523,73.045328,0.3584668023841127,Comedy,102.0,6.2,57142
For Colored Girls,2010,LGF,21000000.0,37729698.0,17300.0,38017873.0,0.8103749047619048,17.017873,0.0004583145923286,Drama,133.0,6.1,6728
The Beaver,2011,Sum.,21000000.0,970816.0,6300000.0,5046038.0,-0.7597124761904762,-15.953962,0.8664777103422779,Drama,91.0,6.7,45173
La La Land,2016,LG/S,20000000.0,151101803.0,295000000.0,426351163.0,20.31755815,406.351163,0.6612840343081958,"Comedy,Drama,Music",128.0,8.0,436070
The Conjuring,2013,WB (NL),20000000.0,137400141.0,182100000.0,318000141.0,14.90000705,298.000141,0.5699528001147267,"Horror,Mystery,Thriller",112.0,7.5,397233
Wonder,2017,LGF,20000000.0,132422809.0,173500000.0,304604712.0,14.2302356,284.604712,0.5671365288751647,"Drama,Family",113.0,8.0,111632
Bad Moms,2016,STX,20000000.0,113257297.0,70700000.0,180998716.0,8.0499358,160.998716,0.3843283259375136,Comedy,100.0,6.2,100952
Tammy,2014,WB (NL),20000000.0,84525432.0,16000000.0,96407655.0,3.82038275,76.407655,0.1591637029721991,"Comedy,Romance",97.0,4.9,44345
The Descendants,2011,FoxS,20000000.0,82624961.0,94700000.0,175507800.0,7.77539,155.5078,0.5340477700711295,"Comedy,Drama",115.0,7.3,223464
The Last Song,2010,BV,20000000.0,62950384.0,26100000.0,92678948.0,3.6339474,72.678948,0.2930925036774687,"Drama,Music,Romance",107.0,6.0,74914
12 Years a Slave,2013,FoxS,20000000.0,56671993.0,131100000.0,181025343.0,8.05126715,161.025343,0.6981871891832133,"Biography,Drama,History",134.0,8.1,577301
Me Before You,2016,WB (NL),20000000.0,56245075.0,152100000.0,208265198.0,9.4132599,188.265198,0.7300388550101317,"Drama,Romance",106.0,7.4,174567
Barbershop: The Next Cut,2016,WB (NL),20000000.0,54030051.0,1000000.0,54404202.0,1.7202101,34.404202,0.0181718893918524,"Comedy,Drama",111.0,5.9,13306
A Simple Favor,2018,LGF,20000000.0,53548586.0,44100000.0,97628717.0,3.88143585,77.628717,0.4516194428048349,"Comedy,Crime,Drama",117.0,6.9,83338
Spotlight,2015,ORF,20000000.0,45055776.0,53200000.0,92088460.0,3.604423,72.08846,0.5414439961270063,"Crime,Drama",129.0,8.1,365110
Spotlight,2015,ORF,20000000.0,45055776.0,53200000.0,92088460.0,3.604423,72.08846,0.5414439961270063,Drama,99.0,8.0,12
The Star,2017,Sony,20000000.0,40847995.0,22000000.0,62758010.0,2.1379005,42.75801,0.3500509443459572,"Adventure,Animation,Comedy",86.0,6.1,5159
Nerve,2016,LGF,20000000.0,38583626.0,46700000.0,70652284.0,2.5326142,50.652284,0.5475845973059353,"Action,Adventure,Crime",96.0,6.5,102782
Risen,2016,Sony,20000000.0,36880033.0,9200000.0,46255763.0,1.31278815,26.255763,0.1996526347973752,"Action,Adventure,Drama",107.0,6.3,22813
Vampires Suck,2010,Fox,20000000.0,36661504.0,43900000.0,81424988.0,3.0712494,61.424988,0.544925278455576,Comedy,82.0,3.4,43984
The American,2010,Focus,20000000.0,35606376.0,32299999.0,67950723.0,2.39753615,47.950723,0.4756548851267646,"Crime,Drama,Thriller",105.0,6.3,86863
A Very Harold & Kumar 3D Christmas,2011,WB,20000000.0,35061031.0,326000.0,36265745.0,0.81328725,16.265745,0.0092124145707505,"Adventure,Comedy",90.0,6.3,62151
Texas Chainsaw 3D,2013,LGF,20000000.0,34341945.0,12900000.0,47666013.0,1.38330065,27.666013,0.2730624236576203,"Horror,Thriller",92.0,4.8,41784
She's Out of My League,2010,Par.,20000000.0,32010860.0,17800000.0,48680977.0,1.43404885,28.680977,0.3573517903525456,"Comedy,Romance",104.0,6.4,117245
The World's End,2013,Focus,20000000.0,26004851.0,20100000.0,47508505.0,1.37542525,27.508505,0.4359628013980567,"Action,Comedy,Sci-Fi",109.0,7.0,235308
You Again,2010,BV,20000000.0,25702053.0,6300000.0,32838945.0,0.64194725,12.838945,0.1968623700485715,"Comedy,Family,Romance",105.0,5.8,46690
On the Basis of Sex,2018,Focus,20000000.0,24622687.0,13600000.0,38073377.0,0.90366885,18.073377,0.3558096268846824,"Biography,Drama",120.0,6.9,12083
Monte Carlo,2011,Fox,20000000.0,23186769.0,16500000.0,39686769.0,0.98433845,19.686769,0.4157556892575457,"Adventure,Comedy,Family",109.0,5.8,38731
Rough Night,2017,Sony,20000000.0,22105643.0,25200000.0,46844357.0,1.34221785,26.844357,0.5327060029603656,"Comedy,Crime,Thriller",101.0,5.2,39447
Lockout,2012,FD,20000000.0,14326865.0,17900000.0,33943049.0,0.69715245,13.943049,0.5554372105384746,"Action,Sci-Fi,Thriller",95.0,6.1,89554
What's Your Number?,2011,Fox,20000000.0,14011084.0,16399999.0,30163785.0,0.50818925,10.163785,0.5392770458059649,"Comedy,Romance",106.0,6.1,67922
Burnt,2015,Wein.,20000000.0,13651946.0,23000000.0,36773510.0,0.8386755,16.77351,0.6275246613099342,"Comedy,Drama",101.0,6.6,95988
Triple 9,2016,ORF,20000000.0,12639297.0,10500000.0,25943792.0,0.2971896,5.943792,0.4537735091952015,"Crime,Thriller",115.0,6.3,60369
The Light Between Oceans,2016,BV,20000000.0,12545979.0,13400000.0,22281732.0,0.1140866,2.281732,0.516457675387774,"Drama,Romance",133.0,7.2,46247
Let Me In,2010,Over.,20000000.0,12134935.0,12000000.0,28270399.0,0.41351995,8.270399,0.4972045708844875,"Drama,Fantasy,Horror",116.0,7.1,107012
Battle of the Year,2013,SGem,20000000.0,8888355.0,7700000.0,16723377.0,-0.16383115,-3.276623,0.464181047487831,"Drama,Music",110.0,5.1,8769
Inherent Vice,2014,WB,20000000.0,8110975.0,6600000.0,14772346.0,-0.2613827,-5.227654,0.4486446343631201,"Comedy,Crime,Drama",148.0,6.7,83346
Machete Kills,2013,ORF,20000000.0,8008161.0,7000000.0,18273009.0,-0.08634955,-1.726991,0.4664129069510915,"Action,Crime,Sci-Fi",107.0,5.6,69968
Little Boy,2015,ORF,20000000.0,6485961.0,,17769299.0,-0.11153505,-2.230701,,"Drama,History,War",106.0,7.4,20945
Chasing Mavericks,2012,Fox,20000000.0,6002756.0,600.0,8300821.0,-0.58495895,-11.699179,9.994409793455529e-05,"Biography,Drama,Sport",116.0,7.2,28994
A Most Violent Year,2014,A24,20000000.0,5749134.0,6300000.0,8846875.0,-0.55765625,-11.153125,0.522859153197234,"Crime,Drama,Thriller",125.0,7.0,60165
A Dangerous Method,2011,SPC,20000000.0,5702083.0,21800000.0,14807531.0,-0.25962345,-5.192469,0.7926672317874977,"Biography,Drama,Romance",99.0,6.4,93259
Hands of Stone,2016,Wein.,20000000.0,4712792.0,,5031975.0,-0.74840125,-14.968025,,"Action,Biography,Drama",111.0,6.6,12851
The Cold Light of Day,2012,LG/S,20000000.0,3763583.0,13100000.0,25361206.0,0.2680603,5.361206,0.7768218651991098,"Action,Thriller",93.0,4.9,33039
Suspiria,2018,Amazon,20000000.0,2483472.0,5400000.0,7034615.0,-0.64826925,-12.965385,0.6849773805247231,"Fantasy,Horror,Mystery",152.0,6.8,37360
All Good Things,2010,Magn.,20000000.0,582024.0,62500.0,873617.0,-0.95631915,-19.126383,0.0969707877441336,"Crime,Drama,Mystery",101.0,6.3,49684
By the Sea,2015,Uni.,20000000.0,538460.0,2800000.0,3727746.0,-0.8136127,-16.272254,0.8387100639216885,"Drama,Romance",122.0,5.3,16206
The Tempest,2010,Mira.,20000000.0,277943.0,68700.0,277943.0,-0.98610285,-19.722057,0.1981866069702835,"Comedy,Drama,Fantasy",110.0,5.4,7073
The Tempest,2010,Mira.,20000000.0,277943.0,68700.0,277943.0,-0.98610285,-19.722057,0.1981866069702835,Drama,131.0,7.8,94
The Shape of Water,2017,FoxS,19500000.0,63859435.0,131400000.0,195790794.0,9.040553538461538,176.290794,0.6729508358968671,"Adventure,Drama,Fantasy",123.0,7.3,308112
The Devil's Double,2011,LGF,19100000.0,1361512.0,,5965646.0,-0.6876625130890053,-13.134354,,"Biography,Drama,Thriller",109.0,7.1,58342
Bad Teacher,2011,Sony,19000000.0,100292856.0,115900000.0,215448997.0,10.339420894736842,196.448997,0.536095420285303,"Comedy,Romance",92.0,5.7,181189
Sausage Party,2016,Sony,19000000.0,97670358.0,43000000.0,141344255.0,6.439171315789474,122.344255,0.3056791822481891,"Adventure,Animation,Comedy",89.0,6.2,159111
The Crazies,2010,Over.,19000000.0,39123589.0,15700000.0,56445534.0,1.9708175789473683,37.445534,0.2863730792962132,"Horror,Thriller",101.0,6.5,104465
The Switch,2010,Mira.,19000000.0,27758465.0,22100000.0,49858465.0,1.6241297368421053,30.858465,0.4432547211391285,"Comedy,Drama,Romance",101.0,6.1,90661
Leap Year,2010,Uni.,19000000.0,25918920.0,6700000.0,32618920.0,0.7167852631578947,13.61892,0.2054022634716293,"Comedy,Romance",100.0,6.5,86125
Leap Year,2010,Uni.,19000000.0,25918920.0,6700000.0,32618920.0,0.7167852631578947,13.61892,0.2054022634716293,"Drama,Romance",94.0,5.9,2211
The Book Thief,2013,Fox,19000000.0,21488481.0,55100000.0,76086711.0,3.004563736842105,57.086711,0.719429335594213,"Drama,War",131.0,7.6,119023
Take Me Home Tonight,2011,Rela.,19000000.0,6928068.0,,7576604.0,-0.6012313684210526,-11.423396,,"Comedy,Drama,Romance",97.0,6.3,48393
Won't Back Down,2012,Fox,19000000.0,5310554.0,,5745503.0,-0.6976051052631579,-13.254497,,Drama,121.0,6.4,5915
Neighbors,2014,Uni.,18000000.0,150086800.0,120500000.0,270944428.0,14.052468222222222,252.944428,0.4453284491335127,Comedy,97.0,6.3,266020
My Big Fat Greek Wedding 2,2016,Uni.,18000000.0,59689605.0,29200000.0,92096558.0,4.116475444444444,74.096558,0.3284973535431955,"Comedy,Romance",94.0,6.0,25933
The Perfect Guy,2015,SGem,18000000.0,57027435.0,3200000.0,60278166.0,2.348787,42.278166,0.0531319323162276,"Crime,Drama,Horror",100.0,5.6,8998
Diary of a Wimpy Kid: Rodrick Rules,2011,Fox,18000000.0,52698535.0,19700000.0,73695194.0,3.0941774444444445,55.695194,0.2721049535049293,"Comedy,Family",99.0,6.6,23135
Soul Surfer,2011,TriS,18000000.0,43853424.0,3200000.0,47158652.0,1.619925111111111,29.158652,0.0680078032153409,"Biography,Drama,Family",112.0,7.1,41659
Uncle Drew,2018,LG/S,18000000.0,42469946.0,4200000.0,46527161.0,1.5848422777777778,28.527161,0.0899936760158239,"Comedy,Sport",103.0,5.7,9739
Blue Jasmine,2013,SPC,18000000.0,33404871.0,64099999.0,102912961.0,4.717386722222222,84.912961,0.6574030507399271,Drama,98.0,7.3,179453
Ricki and the Flash,2015,TriS,18000000.0,26839498.0,14500000.0,41166033.0,1.2870018333333333,23.166033,0.3507541383303686,"Comedy,Drama,Music",101.0,5.9,20932
Love the Coopers,2015,LGF,18000000.0,26302731.0,16100000.0,42227490.0,1.3459716666666666,24.22749,0.3796925249932604,"Comedy,Fantasy,Romance",107.0,5.8,18018
127 Hours,2010,FoxS,18000000.0,18335230.0,42400000.0,60217171.0,2.345398388888889,42.217171,0.6981121171353101,"Adventure,Biography,Drama",94.0,7.6,323949
Norm of the North,2016,LGF,18000000.0,17062499.0,,30535660.0,0.6964255555555555,12.53566,,"Adventure,Animation,Comedy",90.0,3.6,7951
Jobs,2013,ORF,18000000.0,16131410.0,19800000.0,43402515.0,1.4112508333333331,25.402515,0.5510499031348896,"Biography,Drama",128.0,5.9,88788
And So It Goes,2014,CE,18000000.0,15160801.0,10200000.0,17920013.0,-0.0044437222222222,-0.079987,0.4021954984781435,"Comedy,Drama,Romance",94.0,5.8,11597
Midnight Special,2016,WB,18000000.0,3712282.0,2500000.0,7680250.0,-0.5733194444444445,-10.31975,0.4024286083600197,"Action,Drama,Mystery",112.0,6.6,67921
Miss Sloane,2016,EC,18000000.0,3500605.0,5600000.0,7719630.0,-0.5711316666666667,-10.28037,0.6153437051712496,"Drama,Thriller",132.0,7.5,52788
Metallica Through the Never,2013,PH,18000000.0,3419967.0,4600000.0,9082906.0,-0.4953941111111111,-8.917094,0.5735684448576908,Music,93.0,7.2,15592
Wolves,2014,KE,18000000.0,0.0,,94953.0,-0.9947248333333332,-17.905047,,"Action,Fantasy,Horror",91.0,5.3,7312
Black Nativity,2013,FoxS,17500000.0,7018188.0,436000.0,7285135.0,-0.5837065714285714,-10.214865,0.0584906095741078,"Drama,Family,Music",93.0,4.6,1901
A Quiet Place,2018,Par.,17000000.0,188024361.0,152900000.0,334522294.0,18.677782,317.522294,0.4484865779362713,"Drama,Horror,Sci-Fi",90.0,7.6,305031
The Best Man Holiday,2013,Uni.,17000000.0,70525195.0,2300000.0,72835710.0,3.2844535294117647,55.83571,0.0315824763668672,"Comedy,Drama",123.0,6.7,13967
Pitch Perfect,2012,Uni.,17000000.0,65001093.0,50300000.0,116044347.0,5.826138058823529,99.044347,0.4362491169099325,"Comedy,Music,Romance",112.0,7.2,256565
"McFarland, USA",2015,BV,17000000.0,44480275.0,1200000.0,45707924.0,1.688701411764706,28.707924,0.0262695441303713,"Biography,Drama,Sport",129.0,7.4,31735
Almost Christmas,2016,Uni.,17000000.0,42065185.0,422000.0,42493506.0,1.499618,25.493506,0.0099324066774487,"Comedy,Drama",111.0,6.1,5212
Beastly,2011,CBS,17000000.0,27865571.0,15300000.0,38028230.0,1.236954705882353,21.02823,0.3544491511533578,"Drama,Fantasy,Romance",86.0,5.6,72599
The Apparition,2012,WB,17000000.0,4936819.0,4700000.0,10637281.0,-0.3742775882352941,-6.362719,0.4877128023261617,"Horror,Thriller",83.0,4.1,18112
Genius,2016,RAtt.,17000000.0,1361045.0,4300000.0,7265283.0,-0.5726304117647059,-9.734717,0.7595770745507234,"Biography,Drama",104.0,6.6,15611
The Young Messiah,2016,Focus,16800000.0,6469813.0,,7313697.0,-0.5646608928571428,-9.486303,,"Drama,Fantasy",111.0,5.6,2882
Moonrise Kingdom,2012,Focus,16000000.0,45512466.0,22800000.0,68848446.0,3.303027875,52.848446,0.3337604588890115,"Adventure,Comedy,Drama",94.0,7.8,291750
The Artist,2011,Wein.,16000000.0,44667095.0,88800000.0,128256712.0,7.0160445,112.256712,0.6653325300891579,"Comedy,Drama,Romance",100.0,7.9,217184
The Artist,2011,Wein.,16000000.0,44667095.0,88800000.0,128256712.0,7.0160445,112.256712,0.6653325300891579,Thriller,100.0,6.8,6
The Roommate,2011,SGem,16000000.0,37300107.0,3200000.0,52545707.0,2.2841066875,36.545707,0.0790121369308975,"Drama,Thriller",91.0,4.9,33062
Remember Me,2010,Sum.,16000000.0,19068240.0,37000000.0,56506120.0,2.5316325,40.50612,0.6599101380746034,"Drama,Romance",113.0,7.1,129443
People Like Us,2012,BV,16000000.0,12431792.0,,12617472.0,-0.211408,-3.382528,,"Comedy,Drama",114.0,7.1,39618
Bleed for This,2016,ORF,16000000.0,5083906.0,,6603926.0,-0.587254625,-9.396074,,"Biography,Drama,Sport",117.0,6.8,21946
The Homesman,2014,Saban,16000000.0,2429989.0,,8217571.0,-0.4864018125,-7.782429,,"Drama,Western",122.0,6.6,27724
Trance,2013,FoxS,16000000.0,2322593.0,21900000.0,22594052.0,0.41212825,6.594052,0.9041146007778772,"Crime,Drama,Mystery",101.0,6.9,104951
Second Act,2018,STX,15700000.0,39282227.0,33000000.0,63288854.0,3.031137197452229,47.588854,0.4565437642091464,"Comedy,Drama,Romance",103.0,5.8,13109
Annabelle: Creation,2017,WB (NL),15000000.0,102092201.0,204400000.0,305384865.0,19.358991,290.384865,0.6669011457162657,"Horror,Mystery,Thriller",109.0,6.5,90402
The Imitation Game,2014,Wein.,15000000.0,91125143.0,142400000.0,227740463.0,14.182697533333334,212.740463,0.6097844462084324,"Biography,Drama,Thriller",114.0,8.0,620834
Mama,2013,Uni.,15000000.0,71628180.0,74800000.0,148095566.0,8.873037733333334,133.095566,0.5108306338301821,"Horror,Thriller",100.0,6.2,158487
Diary of a Wimpy Kid,2010,Fox,15000000.0,64003625.0,11700000.0,76954311.0,4.1302874,61.954311,0.1545500628272424,"Comedy,Drama,Family",94.0,6.2,38640
The Woman in Black,2012,CBS,15000000.0,54333290.0,73400000.0,128955898.0,7.597059866666667,113.955898,0.5746348504763323,"Drama,Fantasy,Horror",95.0,6.4,165357
BlacKkKlansman,2018,Focus,15000000.0,49275340.0,44000000.0,93017335.0,5.201155666666667,78.017335,0.471721679063298,"Biography,Crime,Drama",135.0,7.5,149005
Snitch,2013,LG/S,15000000.0,42930462.0,,57907734.0,2.8605156,42.907734,,"Action,Drama,Thriller",112.0,6.5,78142
Krampus,2015,Uni.,15000000.0,42725475.0,18800000.0,61788393.0,3.1192262,46.788393,0.3055644836549413,"Comedy,Fantasy,Horror",98.0,6.2,55400
End of Watch,2012,ORF,15000000.0,41003371.0,7100000.0,57586606.0,2.8391070666666667,42.586606,0.1475988034185795,"Action,Crime,Drama",109.0,7.6,211308
The Theory of Everything,2014,Focus,15000000.0,35893537.0,87800000.0,123327692.0,7.221846133333333,108.327692,0.7098188161601362,"Biography,Drama,Romance",123.0,7.7,361534
The Favourite,2018,FoxS,15000000.0,34366783.0,61600000.0,94113929.0,5.274261933333333,79.113929,0.6418887668663438,"Biography,Drama,History",119.0,7.6,116011
When the Game Stands Tall,2014,TriS,15000000.0,30127963.0,,30138912.0,1.0092608,15.138912,,"Drama,Family,Sport",115.0,6.7,14498
Home Again,2017,ORF,15000000.0,27020284.0,,37336874.0,1.4891249333333334,22.336874,,"Comedy,Drama,Romance",97.0,5.8,22614
Ramona and Beezus,2010,Fox,15000000.0,26167002.0,1100000.0,27469621.0,0.8313080666666667,12.469621,0.0403418021533867,"Adventure,Comedy,Family",103.0,6.6,16086
The November Man,2014,Rela.,15000000.0,25018119.0,7500000.0,34820335.0,1.3213556666666666,19.820335,0.2306406468344617,"Action,Crime,Thriller",108.0,6.3,59293
Keanu,2016,WB (NL),15000000.0,20591853.0,,20688141.0,0.3792094,5.688141,,"Action,Comedy,Crime",100.0,6.3,41560
Country Strong,2010,SGem,15000000.0,20218921.0,310000.0,20601987.0,0.3734658,5.601987,0.0151006475206368,"Drama,Music",117.0,6.3,16296
A Most Wanted Man,2014,RAtt.,15000000.0,17237855.0,19000000.0,36068890.0,1.4045926666666666,21.06889,0.5243135941683083,"Crime,Drama,Thriller",122.0,6.8,67914
The Man with the Iron Fists,2012,Uni.,15000000.0,15634090.0,4099999.0,22018988.0,0.4679325333333333,7.018988,0.2077622635633192,Action,95.0,5.4,58185
Killing Them Softly,2012,Wein.,15000000.0,14945541.0,22900000.0,39238443.0,1.6158962,24.238443,0.6050910991072899,"Crime,Thriller",97.0,6.2,124086
One Day,2011,Focus,15000000.0,13843771.0,45500000.0,59168692.0,2.9445794666666667,44.168692,0.766719054641809,"Drama,Romance",107.0,7.0,128094
Queen of Katwe,2016,BV,15000000.0,8874389.0,1500000.0,10055481.0,-0.3296346,-4.944519,0.1445868281977859,"Biography,Drama,Sport",124.0,7.4,13039
Hotel Artemis,2018,Global Road,15000000.0,6708137.0,6000000.0,12758799.0,-0.1494134,-2.241201,0.472138441692909,"Action,Drama,Sci-Fi",94.0,6.1,30586
Scouts Guide to the Zombie Apocalypse,2015,Par.,15000000.0,3703046.0,12400000.0,15554855.0,0.0369903333333333,0.554855,0.7700406494522838,"Action,Comedy,Horror",93.0,6.3,40479
You Will Meet a Tall Dark Stranger,2010,SPC,15000000.0,3247816.0,31000000.0,34247816.0,1.2831877333333332,19.247816,0.9051672083265104,"Comedy,Drama,Romance",98.0,6.3,41608
Never Let Me Go,2010,FoxS,15000000.0,2434652.0,7000000.0,11173718.0,-0.2550854666666666,-3.826282,0.7419457548619706,"Drama,Romance,Sci-Fi",103.0,7.1,130084
The Disappointments Room,2016,Rela.,15000000.0,2423467.0,,3503761.0,-0.7664159333333334,-11.496239,,"Drama,Horror,Thriller",85.0,3.9,8167
Centurion,2010,Magn.,15000000.0,123570.0,6700000.0,7885048.0,-0.4743301333333333,-7.114952,0.9818907111673216,"Action,Adventure,Drama",97.0,6.4,74085
The Son of No One,2011,Anch.,15000000.0,30680.0,,1148578.0,-0.9234281333333332,-13.851422,,"Action,Crime,Drama",90.0,5.1,15743
Khumba,2013,MNE,15000000.0,0.0,27200000.0,20898221.0,0.3932147333333333,5.898221,1.0,"Adventure,Animation,Family",85.0,5.7,4984
Magic Mike XXL,2015,WB,14500000.0,66013057.0,56500000.0,123660597.0,7.528317034482758,109.160597,0.4611753341523426,"Comedy,Drama,Music",115.0,5.6,48497
The Possession,2012,LGF,14000000.0,49130588.0,36300000.0,82925064.0,4.9232188571428575,68.925064,0.4249063578960734,"Horror,Mystery,Thriller",92.0,5.9,53649
Our Family Wedding,2010,FoxS,14000000.0,20255281.0,1200000.0,21410546.0,0.5293247142857143,7.410546,0.0559302858815971,"Comedy,Romance",103.0,4.9,6417
Hot Tub Time Machine 2,2015,Par.,14000000.0,12314651.0,767000.0,12826644.0,-0.0838111428571428,-1.173356,0.0586317430422199,"Comedy,Mystery,Sci-Fi",93.0,5.1,34444
Fun Size,2012,Par.,14000000.0,9409538.0,2000000.0,11166615.0,-0.2023846428571428,-2.833385,0.1752919355717996,"Adventure,Comedy",86.0,5.4,12926
Suffragette,2015,Focus,14000000.0,4702420.0,11300000.0,34044909.0,1.4317792142857142,20.044909,0.706143195841629,"Biography,Drama,History",106.0,6.9,34306
Mr. Turner,2014,SPC,14000000.0,3958546.0,18200000.0,25187026.0,0.7990732857142857,11.187026,0.8213535310484722,"Biography,Drama,History",150.0,6.8,22661
Flipped,2010,WB,14000000.0,1755212.0,,4289993.0,-0.6935719285714286,-9.710007,,"Comedy,Drama,Romance",90.0,7.7,74937
Margaret,2011,FoxS,14000000.0,47185.0,,623292.0,-0.9554791428571427,-13.376708,,Drama,150.0,6.5,14708
Seven Psychopaths,2012,CBS,13500000.0,15024049.0,4400000.0,33035736.0,1.4470915555555557,19.535736,0.2265233165340552,"Comedy,Crime",110.0,7.2,223493
Black Swan,2010,FoxS,13000000.0,106954678.0,222400000.0,331266710.0,24.482054615384616,318.26671,0.6752598789563875,"Drama,Thriller",108.0,8.0,648854
Justin Bieber: Never Say Never,2011,Par.,13000000.0,73013910.0,26000000.0,99034125.0,6.618009615384615,86.034125,0.2625893674939208,"Documentary,Music",105.0,1.6,74978
The First Purge,2018,Uni.,13000000.0,69488745.0,67500000.0,136617305.0,9.509023461538462,123.617305,0.4927412102359212,"Action,Horror,Sci-Fi",98.0,5.1,41741
Miracles from Heaven,2016,TriS,13000000.0,61705123.0,12200000.0,73798736.0,4.676825846153847,60.798736,0.1650765130314443,"Biography,Drama,Family",109.0,7.1,17734
The Shallows,2016,Sony,13000000.0,55121623.0,64000000.0,118763442.0,8.135649384615384,105.763442,0.5372660176062242,"Drama,Horror,Thriller",86.0,6.3,106927
St. Vincent,2014,Wein.,13000000.0,44137712.0,10700000.0,54837234.0,3.2182487692307693,41.837234,0.1951211968872807,"Comedy,Drama",102.0,7.3,89372
Earth to Echo,2014,Rela.,13000000.0,38934842.0,6400000.0,42174545.0,2.244195769230769,29.174545,0.1411717724746895,"Adventure,Family,Sci-Fi",91.0,5.8,17627
Admission,2013,Focus,13000000.0,18007317.0,,18733666.0,0.4410512307692307,5.733666,,"Comedy,Drama,Romance",107.0,5.7,31849
The Perks of Being a Wallflower,2012,LG/S,13000000.0,17742948.0,15600000.0,33069303.0,1.5437925384615383,20.069303,0.4678650490052649,Drama,103.0,8.0,422671
Room,2015,A24,13000000.0,14677674.0,20700000.0,36262783.0,1.789444846153846,23.262783,0.5851147817123308,"Drama,Thriller",118.0,8.2,316791
Woodlawn,2015,PFR,13000000.0,14394097.0,,14403703.0,0.1079771538461538,1.403703,,"Drama,Sport",123.0,6.5,6070
Bajrangi Bhaijaan,2015,Eros,13000000.0,8178001.0,,121778347.0,8.367565153846154,108.778347,,"Action,Comedy,Drama",163.0,8.0,63747
Youth,2015,FoxS,13000000.0,2703296.0,,24001573.0,0.8462748461538462,11.001573,,"Comedy,Drama,Music",124.0,7.3,64418
The Vatican Tapes,2015,LGF,13000000.0,1784763.0,,14929184.0,0.1483987692307692,1.929184,,"Horror,Thriller",91.0,5.0,14822
Attack the Block,2011,SGem,13000000.0,1024175.0,4800000.0,6459183.0,-0.5031397692307692,-6.540817,0.8241510600213764,"Action,Comedy,Sci-Fi",88.0,6.7,93868
The Killer Inside Me,2010,IFC,13000000.0,217277.0,3800000.0,3617277.0,-0.721747923076923,-9.382723,0.945914359403148,"Crime,Drama,Horror",109.0,6.1,31727
The Call,2013,TriS,12800000.0,51872378.0,16700000.0,69821476.0,4.4548028125,57.021476,0.2435382946760283,"Crime,Drama,Horror",94.0,6.7,103780
The Call,2013,TriS,12800000.0,51872378.0,16700000.0,69821476.0,4.4548028125,57.021476,0.2435382946760283,Documentary,25.0,7.9,12
The Drop,2014,FoxS,12600000.0,10724389.0,7900000.0,19054534.0,0.5122646031746032,6.454534,0.4241749890425935,"Crime,Drama",106.0,7.1,132161
Machete,2010,Fox,12500000.0,26593646.0,17500000.0,46370970.0,2.7096776,33.87097,0.3968825803155402,"Action,Crime,Thriller",105.0,6.6,182320
Conviction,2010,FoxS,12500000.0,6797696.0,2900000.0,11826980.0,-0.0538416,-0.67302,0.299040101896368,"Biography,Crime,Drama",107.0,7.2,39771
Casino Jack,2010,ATO,12500000.0,2039869.0,40700.0,2272186.0,-0.81822512,-10.227814,0.0195619563686664,"Biography,Comedy,Crime",108.0,6.2,16191
The Paperboy,2012,MNE,12500000.0,677200.0,661000.0,4027663.0,-0.67778696,-8.472337,0.4939470931101479,"Crime,Drama,Mystery",107.0,5.8,33940
Think Like a Man,2012,SGem,12000000.0,91547205.0,4500000.0,113373764.0,8.447813666666667,101.373764,0.0468519620118045,"Comedy,Romance",122.0,6.6,41043
Act of Valor,2012,Rela.,12000000.0,70012847.0,11300000.0,82497035.0,5.874752916666667,70.497035,0.138969430009012,"Action,Adventure,Drama",110.0,6.5,63787
Project X,2012,WB,12000000.0,54731865.0,48000000.0,103028188.0,7.585682333333334,91.028188,0.4672357500761813,Comedy,88.0,6.7,177782
"Three Billboards Outside Ebbing, Missouri",2017,FoxS,12000000.0,54513740.0,104700000.0,160191915.0,12.34932625,148.191915,0.6576065608407917,"Crime,Drama",115.0,8.2,344047
Lion,2016,Wein.,12000000.0,51739495.0,88600000.0,149570720.0,11.464226666666669,137.57072,0.6313261993710324,"Biography,Drama",118.0,8.1,181601
Philomena,2013,Wein.,12000000.0,37709979.0,62400000.0,98963392.0,7.246949333333333,86.963392,0.623314484962583,"Biography,Comedy,Drama",98.0,7.6,88704
Paper Towns,2015,Fox,12000000.0,32000304.0,53500000.0,85450484.0,6.120873666666666,73.450484,0.6257287693386447,"Comedy,Drama,Mystery",109.0,6.3,87742
Hell or High Water,2016,LGF,12000000.0,27007844.0,10900000.0,37584304.0,2.132025333333333,25.584304,0.2875394337910644,"Action,Crime,Drama",102.0,7.6,176469
Katy Perry: Part of Me,2012,Par.,12000000.0,25326071.0,7400000.0,32700439.0,1.7250365833333334,20.700439,0.2261194140903746,"Documentary,Music",93.0,5.9,13034
Top Five,2014,Par.,12000000.0,25317379.0,800000.0,26001741.0,1.16681175,14.001741,0.0306309450117486,"Comedy,Romance",102.0,6.4,24744
Project Almanac,2015,Par.,12000000.0,22348241.0,10900000.0,32909437.0,1.7424530833333334,20.909437,0.3278368921832587,"Drama,Mystery,Sci-Fi",106.0,6.4,71500
Just Wright,2010,FoxS,12000000.0,21540363.0,29900.0,21867665.0,0.8223054166666667,9.867665,0.0013861676141825,"Comedy,Romance,Sport",100.0,5.9,12466
Nebraska,2013,Par.,12000000.0,17654912.0,10000000.0,24761360.0,1.0634466666666669,12.76136,0.3615994149610745,"Adventure,Comedy,Drama",115.0,7.7,105304
Young Adult,2011,Par.,12000000.0,16311571.0,6600000.0,22750356.0,0.895863,10.750356,0.2880640528752917,"Comedy,Drama",94.0,6.3,74071
About Time,2013,Uni.,12000000.0,15323921.0,71800000.0,89309178.0,6.4424315,77.309178,0.8241135060943825,"Comedy,Drama,Fantasy",123.0,7.8,263136
If Beale Street Could Talk,2018,Annapurna,12000000.0,14915773.0,5700000.0,19859167.0,0.6549305833333333,7.859167,0.2764873284159658,"Drama,Romance",119.0,7.2,25512
Wish Upon,2017,BG,12000000.0,14301505.0,,23477345.0,0.9564454166666668,11.477345,,"Drama,Fantasy,Horror",90.0,5.0,14962
Arbitrage,2012,RAtt.,12000000.0,7919574.0,27600000.0,35830713.0,1.98589275,23.830713,0.777036346212936,"Drama,Thriller",107.0,6.6,46774
Stoker,2013,FoxS,12000000.0,1703125.0,10400000.0,12034913.0,0.0029094166666666,0.034913,0.8592822101729926,"Drama,Thriller",99.0,6.8,97393
Darling Companion,2012,SPC,12000000.0,793352.0,,1200346.0,-0.8999711666666667,-10.799654,,"Comedy,Drama,Romance",103.0,5.1,3085
5 Days of War,2011,Anch.,12000000.0,17479.0,,87793.0,-0.9926839166666668,-11.912207,,"Action,Drama,War",113.0,5.6,13089
Carol,2015,Wein.,11800000.0,12711491.0,27600000.0,42843521.0,2.63080686440678,31.043521,0.6846682996667129,"Drama,Romance",118.0,7.2,100680
Dirty Grandpa,2016,LGF,11500000.0,35593113.0,58500000.0,105078449.0,8.137256434782609,93.578449,0.6217245676630977,Comedy,102.0,5.9,101393
The Fighter,2010,Par.,11000000.0,93617009.0,35600000.0,129262388.0,10.75112618181818,118.262388,0.2755055257470013,"Biography,Drama,Sport",116.0,7.8,316539
If I Stay,2014,WB (NL),11000000.0,50474843.0,28400000.0,78356170.0,6.1232881818181815,67.35617,0.3600641081466241,"Drama,Fantasy,Music",107.0,6.8,107625
Brooklyn,2015,FoxS,11000000.0,38322743.0,23800000.0,62076141.0,4.643285545454545,51.076141,0.3831125100190762,"Drama,Romance",117.0,7.5,117021
Woman in Gold,2015,Wein.,11000000.0,33307793.0,28300000.0,58586407.0,4.326037,47.586407,0.4593574712212138,"Biography,Drama,History",109.0,7.3,48501
"I, Tonya",2017,Neon,11000000.0,30014534.0,23900000.0,53797409.0,3.8906735454545456,42.797409,0.4432941959583663,"Biography,Comedy,Drama",120.0,7.5,141668
Inside Llewyn Davis,2013,CBS,11000000.0,13248209.0,19700000.0,32943247.0,1.9948406363636364,21.943247,0.5979080683869645,"Drama,Music",104.0,7.5,123759
Sultan,2016,Yash,11000000.0,5599781.0,81100000.0,72989781.0,5.6354346363636365,61.989781,0.9354118207057524,"Action,Drama,Sport",170.0,7.1,33371
Housefull,2010,Eros,10100000.0,1183658.0,1200000.0,18726300.0,0.8540891089108911,8.6263,0.503427924643552,Comedy,144.0,5.5,11089
The Purge: Election Year,2016,Uni.,10000000.0,79042440.0,39400000.0,118514727.0,10.8514727,108.514727,0.3326510328561282,"Action,Horror,Sci-Fi",108.0,6.0,80254
Book Club,2018,Par.,10000000.0,68566296.0,,91113683.0,8.1113683,81.113683,,"Comedy,Drama,Romance",104.0,6.1,18728
Insidious: The Last Key,2018,Uni.,10000000.0,67745330.0,100100000.0,167885588.0,15.7885588,157.885588,0.5963823956257823,"Horror,Mystery,Thriller",103.0,5.7,42154
Lady Bird,2017,A24,10000000.0,48958273.0,30000000.0,78610769.0,6.8610769,68.610769,0.3799475198754664,"Comedy,Drama",94.0,7.4,177677
Hereditary,2018,A24,10000000.0,44069456.0,35300000.0,70133905.0,6.0133905,60.133905,0.4447554736925499,"Drama,Horror,Mystery",127.0,7.3,151571
"Love, Simon",2018,Fox,10000000.0,40826341.0,25500000.0,65520633.0,5.5520633,55.520633,0.384462637551497,"Comedy,Drama,Romance",110.0,7.6,81575
Jigsaw,2017,LGF,10000000.0,38052832.0,64900000.0,102445196.0,9.2445196,92.445196,0.6303857673385809,"Crime,Horror,Mystery",92.0,5.8,57184
"Everything, Everything",2017,WB,10000000.0,34121140.0,27500000.0,61603136.0,5.1603136,51.603136,0.4462754178192744,"Drama,Romance",96.0,6.4,26811
Devil,2010,Uni.,10000000.0,33679655.0,29100000.0,63354114.0,5.3354114,53.354114,0.4635259623519753,"Horror,Mystery,Thriller",80.0,6.2,122080
The Second Best Exotic Marigold Hotel,2015,FoxS,10000000.0,33078266.0,52900000.0,90384306.0,8.0384306,80.384306,0.6152717711241118,"Comedy,Drama",122.0,6.6,28931
Slender Man,2018,SGem,10000000.0,30564825.0,21200000.0,51723644.0,4.1723644,41.723644,0.4095445121276851,"Horror,Mystery,Thriller",93.0,3.2,19650
When the Bough Breaks,2016,SGem,10000000.0,29747603.0,911000.0,30768449.0,2.0768449,20.768449,0.0297143349943244,"Crime,Drama,Horror",107.0,5.1,4729
Sinister 2,2015,Focus,10000000.0,27740955.0,25100000.0,54104225.0,4.4104225,44.104225,0.4750103399910164,"Horror,Mystery,Thriller",97.0,5.3,41782
The Forest,2016,Focus,10000000.0,26594261.0,11000000.0,40749230.0,3.074923,30.74923,0.292597851571015,"Horror,Mystery,Thriller",93.0,4.8,36423
The Forest,2016,Focus,10000000.0,26594261.0,11000000.0,40749230.0,3.074923,30.74923,0.292597851571015,"Drama,Fantasy,Horror",109.0,6.5,222
Skyline,2010,Uni.,10000000.0,21416355.0,45400000.0,68264973.0,5.8264973,58.264973,0.6794743592343522,"Action,Sci-Fi,Thriller",92.0,4.4,83710
The Disaster Artist,2017,A24,10000000.0,21120616.0,8700000.0,28717667.0,1.8717667,18.717667,0.2917444763716484,"Biography,Comedy,Drama",104.0,7.4,111737
Blair Witch,2016,LGF,10000000.0,20777061.0,24400000.0,38985577.0,2.8985577,28.985577,0.5400971081319345,"Horror,Mystery,Thriller",89.0,5.0,36867
Paranormal Activity: The Ghost Dimension,2015,Par.,10000000.0,18297124.0,60600000.0,77959374.0,6.7959374,67.959374,0.7680888342647318,"Horror,Mystery,Thriller",88.0,4.6,22361
My Week with Marilyn,2011,Wein.,10000000.0,14597405.0,20500000.0,34240572.0,2.4240572,24.240572,0.5840887666766247,"Biography,Drama",99.0,7.0,79337
Big Eyes,2014,Wein.,10000000.0,14482031.0,14800000.0,27317872.0,1.7317872,17.317872,0.5054294218867537,"Biography,Crime,Drama",106.0,7.0,77447
Big Eyes,2014,Wein.,10000000.0,14482031.0,14800000.0,27317872.0,1.7317872,17.317872,0.5054294218867537,Documentary,,7.2,43
Movie 43,2013,Rela.,10000000.0,8840453.0,23600000.0,31164747.0,2.1164747,21.164747,0.7274867585850296,Comedy,94.0,4.3,92980
Can You Ever Forgive Me?,2018,FoxS,10000000.0,8803865.0,,11752387.0,0.1752387,1.752387,,"Biography,Comedy,Crime",106.0,7.2,29473
MacGruber,2010,Uni.,10000000.0,8525600.0,797000.0,8629895.0,-0.1370105,-1.370105,0.0854911719906463,"Action,Comedy,Romance",90.0,5.5,39782
Seeking a Friend for the End of the World,2012,Focus,10000000.0,7078738.0,2600000.0,11766959.0,0.1766959,1.766959,0.268630063134264,"Adventure,Comedy,Drama",101.0,6.7,102047
Shut In,2016,EC,10000000.0,6900335.0,6200000.0,11360665.0,0.1360665,1.360665,0.4732703400332892,"Drama,Mystery,Thriller",91.0,4.7,11030
Cedar Rapids,2011,FoxS,10000000.0,6861102.0,,7862131.0,-0.2137869,-2.137869,,Comedy,87.0,6.3,34759
The Collection,2012,LD,10000000.0,6810754.0,,8890094.0,-0.1109906,-1.109906,,"Action,Horror,Thriller",82.0,6.1,42256
Danny Collins,2015,BST,10000000.0,5637066.0,5200000.0,8465845.0,-0.1534155,-1.534155,0.4798346711185481,"Biography,Comedy,Drama",106.0,7.0,27435
Gotti,2018,VE,10000000.0,4286367.0,,6089100.0,-0.39109,-3.9109,,"Biography,Crime,Drama",112.0,4.8,10358
Denial,2016,BST,10000000.0,4073448.0,,9263940.0,-0.073606,-0.73606,,"Biography,Drama",109.0,6.7,16593
Denial,2016,BST,10000000.0,4073448.0,,9263940.0,-0.073606,-0.73606,,Documentary,93.0,7.4,25
Max Steel,2016,ORF,10000000.0,3818664.0,2500000.0,4563080.0,-0.543692,-5.43692,0.3956532583470176,"Action,Adventure,Family",92.0,4.6,16788
Rosewater,2014,ORF,10000000.0,3128941.0,,3185717.0,-0.6814283,-6.814283,,"Biography,Drama",103.0,6.6,9836
A Better Life,2011,Sum.,10000000.0,1759252.0,,1884251.0,-0.8115749,-8.115749,,"Drama,Romance",98.0,7.2,14602
A Better Life,2011,Sum.,10000000.0,1759252.0,,1884251.0,-0.8115749,-8.115749,,Drama,110.0,6.6,1519
Churchill,2017,Cohen,10000000.0,1279681.0,,7582196.0,-0.2417804,-2.417804,,"Biography,Drama,History",105.0,6.3,12047
Welcome to the Rileys,2010,Gold.,10000000.0,152857.0,158000.0,355919.0,-0.9644081,-9.644081,0.5082722924045462,Drama,110.0,7.0,22210
Strangerland,2015,Alc,10000000.0,17472.0,,161097.0,-0.9838903,-9.838903,,"Drama,Mystery,Thriller",112.0,5.2,7999
It's a Wonderful Afterlife,2010,UTV,10000000.0,0.0,1300000.0,1642939.0,-0.8357061,-8.357061,1.0,"Comedy,Drama,Fantasy",100.0,5.4,1361
Amour,2012,SPC,9700000.0,6738954.0,13100000.0,36787044.0,2.792478762886598,27.087044,0.6603170711520375,"Drama,Romance",127.0,7.9,84960
Dangal,2016,UTV,9500000.0,12391761.0,290500000.0,294654618.0,30.01627557894737,285.154618,0.9590884844173756,"Action,Biography,Drama",161.0,8.5,123638
The Runaways,2010,App.,9500000.0,3573673.0,1100000.0,5278632.0,-0.4443545263157895,-4.221368,0.2353609249085248,"Biography,Drama,Music",106.0,6.6,43792
Melancholia,2011,Magn.,9400000.0,3030848.0,12900000.0,21817298.0,1.3209891489361705,12.417298,0.8097497383692318,"Drama,Sci-Fi",135.0,7.2,153434
Jab Tak Hai Jaan,2012,Yash,9200000.0,3047539.0,,5806666.0,-0.368840652173913,-3.393334,,"Drama,Romance",176.0,6.8,48364
Kites,2010,Relbig.,9200000.0,1685269.0,1300000.0,17155193.0,0.8646948913043478,7.955193,0.4354716442638837,"Action,Drama,Romance",123.0,6.1,11353
The Purge: Anarchy,2014,Uni.,9000000.0,71562550.0,40000000.0,111534881.0,11.392764555555557,102.534881,0.3585432566752911,"Action,Horror,Sci-Fi",103.0,6.5,126203
Ouija: Origin of Evil,2016,Uni.,9000000.0,35144505.0,46600000.0,81831866.0,8.092429555555556,72.831866,0.570068899432445,"Drama,Horror,Mystery",99.0,6.1,47099
The Edge of Seventeen,2016,STX,9000000.0,14431633.0,4400000.0,19096003.0,1.1217781111111111,10.096003,0.233649413197464,"Comedy,Drama",104.0,7.3,87602
Jackie,2016,FoxS,9000000.0,13960394.0,,36588512.0,3.0653902222222222,27.588512,,"Biography,Drama,History",100.0,6.7,66008
Loving,2016,Focus,9000000.0,7710234.0,5200000.0,12898064.0,0.4331182222222222,3.898064,0.4027812354137036,"Biography,Drama,Romance",123.0,7.0,28079
Destroyer,2018,Annapurna,9000000.0,1533324.0,4000000.0,3681096.0,-0.5909893333333334,-5.318904,0.722892785602289,"Action,Crime,Drama",121.0,6.2,13683
Manchester by the Sea,2016,RAtt.,8500000.0,47695371.0,31300000.0,77733867.0,8.145160823529412,69.233867,0.3962257484682235,Drama,137.0,7.8,214557
Nightcrawler,2014,ORF,8500000.0,32381218.0,6300000.0,50334418.0,4.921696235294117,41.834418,0.1628697421058458,"Crime,Drama,Thriller",117.0,7.9,404476
Baggage Claim,2013,FoxS,8500000.0,21569509.0,887000.0,22885836.0,1.692451294117647,14.385836,0.0394985703254232,Comedy,96.0,5.1,8296
Middle School: The Worst Years of My Life,2016,LGF,8500000.0,20007149.0,3300000.0,23311293.0,1.7425050588235294,14.811293,0.1415874588522174,"Comedy,Family",92.0,6.1,6413
The Rover,2014,A24,8500000.0,1109199.0,2100000.0,3180252.0,-0.625852705882353,-5.319748,0.6543688939202587,"Action,Crime,Drama",103.0,6.4,40576
Yeh Jawaani Hai Deewani,2013,Eros,8300000.0,3827466.0,,50827466.0,5.123791084337349,42.527466,,"Comedy,Drama,Musical",160.0,7.1,33971
Easy A,2010,SGem,8000000.0,58401464.0,16600000.0,76200721.0,8.525090125,68.200721,0.2213290129909997,"Comedy,Drama,Romance",92.0,7.1,330125
50/50,2011,Sum.,8000000.0,35016118.0,4200000.0,41334735.0,4.166841875,33.334735,0.1070988209490801,"Comedy,Drama,Romance",100.0,7.7,300475
A Walk in the Woods,2015,BG,8000000.0,29499394.0,8000000.0,37119358.0,3.63991975,29.119358,0.2133367808557119,"Adventure,Biography,Comedy",104.0,6.3,22033
That Awkward Moment,2014,Focus,8000000.0,26068955.0,14400000.0,53068955.0,5.633619375,45.068955,0.3558283133330228,"Comedy,Romance",94.0,6.2,92148
Enough Said,2013,FoxS,8000000.0,17550872.0,7700000.0,25621449.0,2.202681125,17.621449,0.3049399640535186,"Comedy,Drama,Romance",93.0,7.0,55698
Prom,2011,BV,8000000.0,10130219.0,,10763183.0,0.345397875,2.763183,,"Comedy,Drama,Family",104.0,5.4,14279
Me and Earl and the Dying Girl,2015,FoxS,8000000.0,6758416.0,2300000.0,9266180.0,0.1582725,1.26618,0.2539075264372932,"Comedy,Drama,Romance",105.0,7.8,112627
It's Kind of a Funny Story,2010,Focus,8000000.0,6363628.0,128000.0,6632950.0,-0.17088125,-1.36705,0.0197177040951822,"Comedy,Drama,Romance",101.0,7.1,125583
Morgan,2016,Fox,8000000.0,3915251.0,4900000.0,7298786.0,-0.08765175,-0.701214,0.555854847468325,"Action,Horror,Sci-Fi",92.0,5.8,35487
Anomalisa,2015,Par.,8000000.0,3759286.0,1900000.0,5706168.0,-0.286729,-2.293832,0.3357313979183946,"Animation,Comedy,Drama",90.0,7.3,58010
Another Year,2010,SPC,8000000.0,3205706.0,16500000.0,20005613.0,1.500701625,12.005613,0.8373209262332443,"Comedy,Drama",129.0,7.3,26273
Made in Dagenham,2010,SPC,8000000.0,1095369.0,11300000.0,15644196.0,0.9555245,7.644196,0.9116307872722466,"Biography,Comedy,Drama",113.0,7.2,13121
Wild Target,2010,Free,8000000.0,109338.0,3300000.0,5314194.0,-0.33572575,-2.685806,0.9679298444448746,"Action,Comedy,Crime",98.0,6.8,33915
A Street Cat Named Bob,2016,Cleopatra,8000000.0,82703.0,,17382693.0,1.172836625,9.382693,,"Biography,Comedy,Drama",103.0,7.4,23204
The Neon Demon,2016,BG,7500000.0,1333124.0,,3559803.0,-0.5253596,-3.940197,,"Horror,Thriller",117.0,6.2,72359
The Bye Bye Man,2017,STX,7400000.0,22395806.0,4300000.0,31187727.0,3.214557702702703,23.787727,0.1610739904238141,"Drama,Fantasy,Horror",96.0,4.3,17743
Magic Mike,2012,WB,7000000.0,113721571.0,53500000.0,170549753.0,23.364250428571427,163.549753,0.3199348007560579,"Comedy,Drama",110.0,6.1,123955
Jumping the Broom,2011,TriS,7000000.0,37295394.0,415000.0,38158601.0,4.4512287142857145,31.158601,0.0110049234701711,"Comedy,Drama",112.0,5.7,9089
Gifted,2017,FoxS,7000000.0,24801212.0,18200000.0,36964656.0,4.280665142857143,29.964656,0.4232438843816774,Drama,101.0,7.6,82426
Dope,2015,ORF,7000000.0,17506470.0,480000.0,18190831.0,1.598690142857143,11.190831,0.0266867261891855,"Comedy,Crime,Drama",103.0,7.2,76557
Devil's Due,2014,Fox,7000000.0,15821461.0,21100000.0,36146087.0,4.163726714285715,29.146087,0.5714833440637682,"Horror,Mystery,Thriller",89.0,4.1,15502
Cyrus,2010,FoxS,7000000.0,7468936.0,2500000.0,10062896.0,0.4375565714285714,3.062896,0.2507790199475651,"Crime,Horror,Mystery",87.0,4.7,944
Cyrus,2010,FoxS,7000000.0,7468936.0,2500000.0,10062896.0,0.4375565714285714,3.062896,0.2507790199475651,"Comedy,Drama,Romance",91.0,6.3,32457
Somewhere,2010,Focus,7000000.0,1785645.0,12200000.0,17023121.0,1.4318744285714289,10.023121,0.8723230140619185,"Comedy,Drama",97.0,6.3,40250
The Christmas Candle,2013,ELS,7000000.0,1632000.0,,1933829.0,-0.7237387142857142,-5.066171,,"Drama,Family",100.0,6.2,1538
Freeheld,2015,LGF,7000000.0,546201.0,,1732228.0,-0.7525388571428572,-5.267772,,"Biography,Drama,Romance",103.0,6.5,10534
The Extra Man,2010,Magn.,7000000.0,453377.0,4500.0,492108.0,-0.9296988571428572,-6.507892,0.0098279668994074,Comedy,108.0,5.9,4580
Annabelle,2014,WB (NL),6500000.0,84273813.0,172800000.0,256862920.0,38.51737230769231,250.36292,0.6721804838208083,"Horror,Mystery,Thriller",99.0,5.4,122039
Shame,2011,FoxS,6500000.0,4002293.0,13800000.0,20412841.0,2.1404370769230767,13.912841,0.7751810398806491,Drama,101.0,7.2,171353
The East,2013,FoxS,6500000.0,2274649.0,99700.0,3027956.0,-0.5341606153846153,-3.472044,0.0419904571737347,"Adventure,Drama,Thriller",116.0,6.8,46804
The Possession of Hannah Grace,2018,SGem,6000000.0,14836174.0,28200000.0,42785387.0,6.130897833333333,36.785387,0.6552627099239816,"Horror,Mystery,Thriller",86.0,5.2,11629
The Words,2012,CBS,6000000.0,11494838.0,1700000.0,16369708.0,1.7282846666666667,10.369708,0.1288382623568398,"Drama,Mystery,Romance",102.0,7.1,70308
The Guard,2011,SPC,6000000.0,5359774.0,14200000.0,21197454.0,2.532909,15.197454,0.7259797582528306,"Comedy,Crime,Thriller",96.0,7.3,75183
Wish I Was Here,2014,Focus,6000000.0,3591299.0,1900000.0,6591365.0,0.0985608333333333,0.591365,0.346001920492765,"Comedy,Drama",106.0,6.7,34907
Veronica Mars,2014,WB,6000000.0,3322127.0,195000.0,3485383.0,-0.4191028333333333,-2.514617,0.0554429794545377,"Crime,Drama,Mystery",107.0,6.8,46751
Snow Flower and the Secret Fan,2011,FoxS,6000000.0,1348205.0,10000000.0,11348205.0,0.8913675,5.348205,0.8811966297753697,"Drama,History",104.0,6.1,3429
Mandy,2018,RLJ,6000000.0,1214525.0,,1427656.0,-0.7620573333333334,-4.572344,,"Action,Fantasy,Horror",121.0,6.6,44378
Khiladi 786,2012,Eros,5600000.0,385422.0,,14683763.0,1.6221005357142857,9.083763,,"Action,Comedy",141.0,4.4,5648
Don Jon,2013,Rela.,5500000.0,24477704.0,6000000.0,41268579.0,6.503378,35.768579,0.1968652231808537,"Comedy,Drama,Romance",90.0,6.6,216350
Hell Fest,2018,LGF,5500000.0,11107431.0,7100000.0,18119231.0,2.2944056363636363,12.619231,0.3899506745350291,Horror,89.0,5.5,8662
Le Havre,2011,Jan.,5500000.0,611709.0,9900000.0,13480196.0,1.4509447272727272,7.980196,0.941806893626907,"Comedy,Drama",93.0,7.2,18490
Dum Maaro Dum,2011,FoxS,5200000.0,564489.0,,11633427.0,1.2371975,6.433427,,"Action,Crime,Drama",128.0,6.2,3616
Get Out,2017,Uni.,5000000.0,176040665.0,79400000.0,255367951.0,50.0735902,250.367951,0.3108353949830189,"Horror,Mystery,Thriller",104.0,7.7,400474
Paranormal Activity 3,2011,Par.,5000000.0,104028807.0,103000000.0,207039844.0,40.4079688,202.039844,0.4975153047179564,"Horror,Mystery,Thriller",83.0,5.8,85689
10 Cloverfield Lane,2016,Par.,5000000.0,72082999.0,38100000.0,108286422.0,20.6572844,103.286422,0.3457883733950643,"Drama,Horror,Mystery",103.0,7.2,260383
Lights Out,2016,WB (NL),5000000.0,67268835.0,81600000.0,148806510.0,28.761302,143.80651,0.5481335297612828,"Drama,Horror,Mystery",81.0,6.3,100650
The Visit,2015,Uni.,5000000.0,65206105.0,33200000.0,98677816.0,18.7355632,93.677816,0.3373774421820679,"Horror,Mystery,Thriller",94.0,6.2,102459
Happy Death Day,2017,Uni.,5000000.0,55683845.0,69800000.0,125010260.0,24.002052,120.01026,0.5562469017426108,"Horror,Mystery,Thriller",96.0,6.5,87132
Paranormal Activity 4,2012,Par.,5000000.0,53900335.0,88900000.0,142817992.0,27.5635984,137.817992,0.6225475591496337,"Horror,Mystery,Thriller",88.0,4.6,58408
Ouija,2014,Uni.,5000000.0,50856010.0,52700000.0,103300632.0,19.6601264,98.300632,0.508903346121582,"Horror,Mystery,Thriller",89.0,4.5,44054
The Big Sick,2017,LGF,5000000.0,42872467.0,13500000.0,53972860.0,9.794572,48.97286,0.2394786093005296,"Comedy,Drama,Romance",120.0,7.6,104008
Paranormal Activity: The Marked Ones,2014,Par.,5000000.0,32462372.0,58400000.0,90904854.0,17.1809708,85.904854,0.6427303042451941,"Horror,Mystery,Thriller",84.0,5.0,37147
Dallas Buyers Club,2013,Focus,5000000.0,27298285.0,27900000.0,60611845.0,11.122369,55.611845,0.5054504863692776,"Biography,Drama",117.0,8.0,402462
No Escape,2015,Wein.,5000000.0,27288872.0,27100000.0,42844516.0,7.5689032,37.844516,0.4982636889398993,"Action,Thriller",103.0,6.8,70222
The Lazarus Effect,2015,Rela.,5000000.0,25801570.0,12600000.0,38359310.0,6.671862,33.35931,0.3281115850211332,"Horror,Mystery,Sci-Fi",83.0,5.2,37675
Our Idiot Brother,2011,Wein.,5000000.0,24814830.0,,25861249.0,4.1722498,20.861249,,"Comedy,Drama",90.0,6.4,80738
Apollo 18,2011,W/Dim.,5000000.0,17686929.0,7900000.0,26517819.0,4.3035638,21.517819,0.3087513941200212,"Horror,Mystery,Sci-Fi",86.0,5.2,51427
"Paul, Apostle of Christ",2018,Affirm,5000000.0,17547999.0,5500000.0,25529498.0,4.1058996,20.529498,0.2386324296525698,"Adventure,Biography,Drama",108.0,6.7,5662
Addicted,2014,LGF,5000000.0,17390770.0,,17499242.0,2.4998484,12.499242,,"Drama,Thriller",106.0,5.2,7640
Before I Fall,2017,ORF,5000000.0,12241072.0,,18945682.0,2.7891364,13.945682,,"Drama,Fantasy,Mystery",98.0,6.4,39282
Fifty Shades of Black,2016,ORF,5000000.0,11686940.0,10500000.0,22113075.0,3.422615,17.113075,0.4732513812179597,Comedy,92.0,3.5,17189
The Perfect Match,2016,LGF,5000000.0,9669521.0,745000.0,10182050.0,1.03641,5.18205,0.0715347350108564,"Comedy,Romance",96.0,4.9,3052
Sea Rex 3D: Journey to a Prehistoric World,2010,3D,5000000.0,6096582.0,9900000.0,16515203.0,2.3030406,11.515203,0.6188822087118361,Documentary,41.0,6.9,364
Incarnate,2016,BH Tilt,5000000.0,4799774.0,1500000.0,9371036.0,0.8742072,4.371036,0.2381037795959029,"Horror,Thriller",91.0,5.3,10217
Table 19,2017,FoxS,5000000.0,3614896.0,1400000.0,4620399.0,-0.0759202,-0.379601,0.2791683017952914,"Comedy,Drama,Romance",87.0,5.8,22751
The Other Side of the Door,2016,Fox,5000000.0,3000342.0,11300000.0,12905107.0,1.5810214,7.905107,0.7901908919381089,Horror,96.0,5.3,15813
Kill the Messenger,2014,Focus,5000000.0,2450846.0,,6656705.0,0.331341,1.656705,,"Biography,Crime,Drama",112.0,7.0,41231
Rabbit Hole,2010,LGF,5000000.0,2229058.0,2900000.0,6205034.0,0.2410068,1.205034,0.5654059673335727,Drama,91.0,7.0,45357
Jem and the Holograms,2015,Uni.,5000000.0,2184640.0,149000.0,2368937.0,-0.5262126,-2.631063,0.063848751306971,"Adventure,Drama,Family",118.0,4.1,6683
Paterson,2016,BST,5000000.0,2141423.0,,10727536.0,1.1455072,5.727536,,"Comedy,Drama,Romance",118.0,7.4,55285
Ain't Them Bodies Saints,2013,IFC,5000000.0,391611.0,635000.0,1075009.0,-0.7849982,-3.924991,0.618540031228966,"Crime,Drama,Romance",96.0,6.4,19464
Rudderless,2014,Gold.,5000000.0,56001.0,,567219.0,-0.8865562,-4.432781,,"Comedy,Drama,Music",105.0,7.5,16303
Only God Forgives,2013,RTWC,4800000.0,775849.0,9900000.0,4494560.0,-0.0636333333333333,-0.30544,0.927326716591814,"Crime,Drama",90.0,5.7,100318
Take Shelter,2011,SPC,4750000.0,1728953.0,1400000.0,4972016.0,0.0467402105263157,0.222016,0.4474340138698152,"Drama,Horror,Thriller",121.0,7.4,83200
Blackthorn,2011,Magn.,4500000.0,200558.0,423000.0,1217307.0,-0.7294873333333334,-3.282693,0.6783651240141254,"Action,Adventure,Western",102.0,6.6,8553
Maggie,2015,RAtt.,4500000.0,187112.0,,1027760.0,-0.7716088888888889,-3.47224,,"Drama,Horror",95.0,5.6,38671
Falcon Rising,2014,Free,4500000.0,11774.0,,11774.0,-0.9973835555555556,-4.488226,,"Action,Adventure",103.0,5.8,6955
Animal Kingdom,2010,SPC,4200000.0,1044039.0,5700000.0,8078683.0,0.9234959523809524,3.878683,0.8451908418679074,"Crime,Drama",113.0,7.3,51576
The Boy Next Door,2015,Uni.,4000000.0,36006065.0,17000000.0,53401938.0,12.3504845,49.401938,0.3207180159477977,"Horror,Thriller",91.0,4.7,34816
Boyhood,2014,IFC,4000000.0,25379975.0,19100000.0,57273049.0,13.31826225,53.273049,0.4294067161683432,Drama,165.0,7.9,315584
The Kids Are All Right,2010,Focus,4000000.0,20811365.0,13900000.0,36275469.0,8.06886725,32.275469,0.4004452144132044,"Comedy,Drama,Romance",106.0,7.0,120656
A Haunted House 2,2014,ORF,4000000.0,17329487.0,6600000.0,21206861.0,4.30171525,17.206861,0.2758103422777095,"Comedy,Fantasy",86.0,4.7,18085
The Last Exorcism Part II,2013,CBS,4000000.0,15179303.0,,25448707.0,5.36217675,21.448707,,"Drama,Horror,Thriller",88.0,4.0,15124
The Darkness,2016,BH Tilt,4000000.0,10753574.0,,10898293.0,1.72457325,6.898293,,"Horror,Thriller",92.0,4.4,12435
The Darkness,2016,BH Tilt,4000000.0,10753574.0,,10898293.0,1.72457325,6.898293,,Thriller,92.0,5.7,196
The Art of Getting By,2011,FoxS,4000000.0,1430241.0,,1989035.0,-0.50274125,-2.010965,,"Drama,Romance",83.0,6.6,53682
Red State,2011,SMod,4000000.0,1065429.0,,1983596.0,-0.504101,-2.016404,,"Action,Crime,Horror",88.0,6.2,59266
Holy Motors,2012,IM,4000000.0,641054.0,,4230426.0,0.0576065,0.230426,,"Drama,Fantasy",115.0,7.1,36874
13 Sins,2014,RTWC,4000000.0,9134.0,,47552.0,-0.988112,-3.952448,,"Horror,Thriller",93.0,6.3,29550
Another Happy Day,2011,P4,4000000.0,9120.0,347000.0,978527.0,-0.75536825,-3.021473,0.9743906548354488,"Comedy,Drama",119.0,6.0,3793
Four Lions,2010,Drft.,3750000.0,310007.0,4400000.0,2436111.0,-0.3503704,-1.313889,0.93418120185384,"Comedy,Crime,Drama",97.0,7.3,66209
Truth or Dare,2018,Uni.,3500000.0,41411015.0,53900000.0,95127344.0,26.179241142857144,91.627344,0.5655170076617062,"Horror,Thriller",100.0,5.2,33621
Winchester,2018,LGF,3500000.0,25091816.0,,44378040.0,11.67944,40.87804,,"Biography,Drama,Fantasy",99.0,5.4,24351
Dark Skies,2013,W/Dim.,3500000.0,17418667.0,9000000.0,27704111.0,6.9154602857142855,24.204111,0.3406682100955359,"Horror,Sci-Fi,Thriller",97.0,6.3,65754
American Honey,2016,A24,3500000.0,663247.0,1200000.0,2611750.0,-0.2537857142857143,-0.88825,0.644036995631819,"Adventure,Drama,Romance",163.0,7.0,31663
Margin Call,2011,RAtt.,3400000.0,5353586.0,14200000.0,20433227.0,5.009772647058823,17.033227,0.7262095044867984,"Drama,Thriller",107.0,7.1,107264
Whiplash,2014,SPC,3300000.0,13092006.0,35900000.0,38969037.0,10.80879909090909,35.669037,0.7327726078413691,"Drama,Music",106.0,8.5,616916
Paranormal Activity 2,2010,Par.,3000000.0,84752907.0,92800000.0,177512032.0,58.17067733333333,174.512032,0.5226611130619224,Horror,91.0,5.7,93122
War Room,2015,TriS,3000000.0,67790117.0,,73975239.0,23.658413,70.975239,,Drama,120.0,6.5,11716
The Purge,2013,Uni.,3000000.0,64473115.0,24900000.0,91266581.0,29.422193666666665,88.266581,0.278607274682101,"Horror,Thriller",85.0,5.7,183549
Sinister,2012,LG/S,3000000.0,48086903.0,29600000.0,87727807.0,28.24260233333333,84.727807,0.3810166045620328,"Horror,Mystery,Thriller",110.0,6.8,198345
Upgrade,2018,BH Tilt,3000000.0,11977130.0,2400000.0,16553285.0,4.517761666666667,13.553285,0.1669317868030684,"Action,Sci-Fi,Thriller",100.0,7.6,104978
Before Midnight,2013,SPC,3000000.0,8110621.0,3100000.0,23251930.0,6.7506433333333336,20.25193,0.2765234860762842,"Drama,Romance",109.0,7.9,123107
Swiss Army Man,2016,A24,3000000.0,4210454.0,,5837111.0,0.9457036666666668,2.837111,,"Adventure,Comedy,Drama",97.0,7.0,91736
Please Give,2010,SPC,3000000.0,4033574.0,280000.0,4570178.0,0.5233926666666666,1.570178,0.0649113704784014,"Comedy,Drama",87.0,6.6,10652
Compadres,2016,PNT,3000000.0,3127773.0,,7445044.0,1.4816813333333334,4.445044,,"Action,Comedy,Crime",101.0,4.7,876
Letters to God,2010,Viv.,3000000.0,2848587.0,60300.0,3237452.0,0.0791506666666666,0.237452,0.0207295780138589,"Drama,Family",110.0,6.3,4443
Tusk,2014,A24,3000000.0,1821983.0,,1887554.0,-0.3708153333333333,-1.112446,,"Comedy,Drama,Horror",102.0,5.3,40827
The Wall,2017,RAtt.,3000000.0,1803064.0,2700000.0,4495262.0,0.4984206666666667,1.495262,0.599591744643203,"Action,Drama,Thriller",88.0,6.2,20391
The D Train,2015,IFC,3000000.0,669688.0,102000.0,772366.0,-0.7425446666666666,-2.227634,0.1321777713272721,"Comedy,Drama",101.0,5.0,10066
Bachelorette,2012,RTWC,3000000.0,446770.0,11500000.0,12577401.0,3.192467,9.577401,0.9626032810542096,"Comedy,Romance",87.0,5.3,43131
Freakonomics,2010,Magn.,2900000.0,101270.0,16400.0,172867.0,-0.9403906896551724,-2.727133,0.1393728222996515,Documentary,93.0,6.4,6466
A Haunted House,2013,ORF,2500000.0,40041683.0,20100000.0,59922558.0,22.9690232,57.422558,0.3342108001866193,"Comedy,Fantasy",86.0,5.1,40308
Kevin Hart: Let Me Explain,2013,LG/S,2500000.0,32244051.0,74000.0,32327255.0,11.930902,29.827255,0.0022897420392089,"Comedy,Documentary",75.0,6.8,7880
The Spectacular Now,2013,A24,2500000.0,6852971.0,,6916951.0,1.7667804,4.416951,,"Comedy,Drama,Romance",95.0,7.1,133887
Hunt for the Wilderpeople,2016,Orch.,2500000.0,5205471.0,,23845533.0,8.5382132,21.345533,,"Adventure,Comedy,Drama",101.0,7.9,87532
Robot & Frank,2012,Gold.,2500000.0,3317468.0,,4934356.0,0.9737424,2.434356,,"Comedy,Crime,Drama",89.0,7.1,59229
Do You Believe?,2015,PFR,2300000.0,12985600.0,1400000.0,14304931.0,5.2195352173913045,12.004931,0.0973195417639862,Drama,120.0,6.1,6462
Courageous,2011,TriS,2000000.0,34522221.0,,35185884.0,16.592942,33.185884,,Drama,129.0,7.0,17586
Winter's Bone,2010,RAtt.,2000000.0,6531503.0,7300000.0,16131551.0,7.0657755,14.131551,0.5277806757515796,"Drama,Mystery",100.0,7.2,127751
The Florida Project,2017,A24,2000000.0,5904366.0,,11295324.0,4.647662,9.295324,,Drama,111.0,7.6,72193
All Saints,2017,Affirm,2000000.0,5802208.0,140000.0,5941994.0,1.970997,3.941994,0.0235602658136504,Drama,108.0,6.0,1220
Inside Job,2010,SPC,2000000.0,4311834.0,3600000.0,7799257.0,2.8996285,5.799257,0.4550146021769415,"Crime,Documentary",109.0,8.3,65304
We Are Your Friends,2015,WB,2000000.0,3591417.0,7500000.0,10153415.0,4.0767075,8.153415,0.6761985416290813,"Drama,Music,Romance",96.0,6.2,32327
The Diary of a Teenage Girl,2015,SPC,2000000.0,1477002.0,,2279959.0,0.1399795,0.279959,,"Comedy,Drama,Romance",102.0,6.9,27003
The Babadook,2014,IFC,2000000.0,950792.0,9300000.0,7482387.0,2.7411935,5.482387,0.9072469717461832,"Drama,Horror",94.0,6.8,171411
Knock Knock,2015,LGP,2000000.0,36336.0,,6328516.0,2.164258,4.328516,,"Drama,Thriller",99.0,4.9,68328
The First Time,2012,Gold.,2000000.0,17061.0,,17061.0,-0.9914695,-1.982939,,"Comedy,Drama,Romance",95.0,6.9,62589
Buried,2010,LGF,1987650.0,1044143.0,18100000.0,21270290.0,9.701225064774986,19.28264,0.9454588800344836,"Drama,Mystery,Thriller",95.0,7.0,139426
ABCD (Any Body Can Dance),2013,UTV,1900000.0,222098.0,,10137234.0,4.335386315789473,8.237234,,"Drama,Music",160.0,6.4,5695
The Last Exorcism,2010,LGF,1800000.0,41034350.0,26700000.0,70165900.0,37.98105555555556,68.3659,0.394186996701083,"Drama,Horror,Thriller",87.0,5.6,45815
Beasts of the Southern Wild,2012,FoxS,1800000.0,12795746.0,8300000.0,23265132.0,11.925073333333334,21.465132,0.3934442517462999,"Adventure,Drama,Fantasy",93.0,7.3,77440
Higher Ground,2011,SPC,1800000.0,841056.0,,842693.0,-0.5318372222222222,-0.957307,,Drama,109.0,6.3,2869
I Spit on Your Grave,2010,Anch.,1750000.0,93051.0,480000.0,1278471.0,-0.2694451428571429,-0.471529,0.8376217823544502,"Horror,Thriller",108.0,6.3,68592
Two Night Stand,2014,EOne,1600000.0,15600.0,,868081.0,-0.457449375,-0.731919,,"Comedy,Romance",86.0,6.4,60510
Unsane,2018,BST,1500000.0,7690044.0,6600000.0,14244931.0,8.496620666666667,12.744931,0.4618600194653005,"Drama,Horror,Mystery",98.0,6.4,32049
Mustang,2015,Cohen,1400000.0,845464.0,,5552584.0,2.9661314285714284,4.152584,,Drama,97.0,7.6,30899
Dear White People,2014,RAtt.,1250000.0,4404154.0,,5403771.0,3.3230168,4.153771,,"Comedy,Drama,Romance",108.0,6.1,23321
The Devil Inside,2012,Par.,1000000.0,53262945.0,48500000.0,101759490.0,100.75949,100.75949,0.4765978421713326,Horror,83.0,4.2,33522
Chernobyl Diaries,2012,WB,1000000.0,18119640.0,19000000.0,42411721.0,41.411721,41.411721,0.511858412419948,"Horror,Mystery,Thriller",86.0,5.0,60304
Blue Valentine,2010,Wein.,1000000.0,9737892.0,2600000.0,16566240.0,15.56624,15.56624,0.2107329193674251,"Drama,Romance",112.0,7.4,170089
Unfriended: Dark Web,2018,BH Tilt,1000000.0,8866745.0,6300000.0,16434588.0,15.434588,15.434588,0.4153824700026274,"Crime,Horror,Mystery",92.0,5.9,13822
The Sessions,2012,FoxS,1000000.0,6002451.0,3100000.0,11495204.0,10.495204,10.495204,0.3405676119541868,"Biography,Comedy,Drama",95.0,7.2,39731
The Skeleton Twins,2014,RAtt.,1000000.0,5284309.0,,5797192.0,4.797192,4.797192,,"Comedy,Drama,Romance",93.0,6.8,36793
Obvious Child,2014,A24,1000000.0,3122616.0,,3324070.0,2.32407,2.32407,,"Comedy,Drama,Romance",84.0,6.8,21536
Martha Marcy May Marlene,2011,FoxS,1000000.0,2981038.0,548000.0,5438911.0,4.438911,4.438911,0.1552831111481372,"Drama,Mystery,Thriller",102.0,6.9,45873
Patti Cake$,2017,FoxS,1000000.0,800148.0,682000.0,1471090.0,0.47109,0.47109,0.4601429816725455,"Drama,Music",109.0,6.7,8581
The Future,2011,RAtt.,1000000.0,568662.0,,1239174.0,0.239174,0.239174,,"Drama,Fantasy,Romance",91.0,6.2,7648
I Origins,2014,FoxS,1000000.0,336472.0,,852399.0,-0.147601,-0.147601,,"Drama,Romance,Sci-Fi",106.0,7.4,104718
Camp X-Ray,2014,IFC,1000000.0,9837.0,,101053.0,-0.898947,-0.898947,,"Drama,War",117.0,6.9,36700
Fruitvale Station,2013,Wein.,900000.0,16098998.0,1300000.0,17549645.0,18.499605555555554,16.649645,0.0747169463436917,"Biography,Drama,Romance",85.0,7.5,68187
Circumstance,2011,RAtt.,900000.0,454121.0,,958978.0,0.0655311111111111,0.058978,,Drama,107.0,5.9,7055
Safety Not Guaranteed,2012,FD,750000.0,4010957.0,,4422318.0,4.896424,3.672318,,"Comedy,Drama,Romance",86.0,7.0,111907
Monsters,2010,Magn.,500000.0,237301.0,4000000.0,5639730.0,10.27946,5.13973,0.9439971340247012,"Drama,Sci-Fi,Thriller",94.0,6.4,84332
Compliance,2012,Magn.,270000.0,319285.0,,830700.0,2.0766666666666667,0.5607,,"Biography,Crime,Drama",90.0,6.4,28703
Like Crazy,2011,ParV,250000.0,3395391.0,336000.0,3728400.0,13.9136,3.4784,0.0900468484809016,"Drama,Romance",86.0,6.7,55841
The Canyons,2013,IFC,250000.0,59671.0,,62375.0,-0.7505,-0.187625,,"Drama,Thriller",99.0,3.8,9838
Another Earth,2011,FoxS,175000.0,1321194.0,456000.0,2102779.0,11.01588,1.927779,0.2565842558550164,"Drama,Romance,Sci-Fi",92.0,7.0,85839
The Gallows,2015,WB (NL),100000.0,22764410.0,20200000.0,41656474.0,415.56474,41.556474,0.4701565784331729,"Horror,Mystery,Thriller",81.0,4.2,17763
A Ghost Story,2017,A24,100000.0,1594798.0,,2769782.0,26.69782,2.669782,,"Drama,Fantasy,Romance",92.0,6.8,46280
Tiny Furniture,2010,IFC,50000.0,391674.0,,424149.0,7.48298,0.374149,,"Comedy,Drama,Romance",98.0,6.2,13397
